Position,Name + ID,Name,ID,Roster Position,Salary,Game Info,TeamAbbrev,AvgPointsPerGame
SP,Clayton Kershaw (19016832),Clayton Kershaw,19016832,P,11800,LAD@SF 09/04/2021 09:05PM ET,LAD,19.25
SP,Trevor Bauer (19016833),Trevor Bauer,19016833,P,11100,LAD@SF 09/04/2021 09:05PM ET,LAD,24.83
SP,Adam Wainwright (19016835),Adam Wainwright,19016835,P,10400,STL@MIL 09/04/2021 07:10PM ET,STL,19.01
SP,Max Scherzer (19016834),Max Scherzer,19016834,P,10400,LAD@SF 09/04/2021 09:05PM ET,LAD,24.54
SP,Walker Buehler (19016836),Walker Buehler,19016836,P,10400,LAD@SF 09/04/2021 09:05PM ET,LAD,22.66
SP,Lance McCullers Jr. (19016837),Lance McCullers Jr.,19016837,P,10300,HOU@SD 09/04/2021 08:40PM ET,HOU,17.87
SP,Tyler Mahle (19016254),Tyler Mahle,19016254,P,10200,DET@CIN 09/04/2021 07:10PM ET,CIN,18.18
SP,Jack Flaherty (19016838),Jack Flaherty,19016838,P,10000,STL@MIL 09/04/2021 07:10PM ET,STL,19.04
RP,Framber Valdez (19016255),Framber Valdez,19016255,P,10000,HOU@SD 09/04/2021 08:40PM ET,HOU,19.01
SP,Yu Darvish (19016839),Yu Darvish,19016839,P,9900,HOU@SD 09/04/2021 08:40PM ET,SD,18.25
SP,Dustin May (19016840),Dustin May,19016840,P,9900,LAD@SF 09/04/2021 09:05PM ET,LAD,19.59
SP,Sonny Gray (19016842),Sonny Gray,19016842,P,9700,DET@CIN 09/04/2021 07:10PM ET,CIN,16.51
SP,Julio Urias (19016256),Julio Urias,19016256,P,9700,LAD@SF 09/04/2021 09:05PM ET,LAD,19.86
SP,Logan Webb (19016841),Logan Webb,19016841,P,9700,LAD@SF 09/04/2021 09:05PM ET,SF,17.54
RP,Corbin Burnes (19016843),Corbin Burnes,19016843,P,9600,STL@MIL 09/04/2021 07:10PM ET,MIL,25.03
SP,Freddy Peralta (19016844),Freddy Peralta,19016844,P,9600,STL@MIL 09/04/2021 07:10PM ET,MIL,20.07
SP,Dinelson Lamet (19016845),Dinelson Lamet,19016845,P,9600,HOU@SD 09/04/2021 08:40PM ET,SD,9.29
SP,Justin Verlander (19016846),Justin Verlander,19016846,P,9500,HOU@SD 09/04/2021 08:40PM ET,HOU,0
SP,Danny Duffy (19016847),Danny Duffy,19016847,P,9500,LAD@SF 09/04/2021 09:05PM ET,LAD,15.76
SP,Brandon Woodruff (19016848),Brandon Woodruff,19016848,P,9400,STL@MIL 09/04/2021 07:10PM ET,MIL,22.52
SP,Yusei Kikuchi (19016849),Yusei Kikuchi,19016849,P,9400,SEA@ARI 09/04/2021 08:10PM ET,SEA,16.36
SP,Marco Gonzales (19016257),Marco Gonzales,19016257,P,9300,SEA@ARI 09/04/2021 08:10PM ET,SEA,13.59
SP,Tony Gonsolin (19016851),Tony Gonsolin,19016851,P,9300,LAD@SF 09/04/2021 09:05PM ET,LAD,10.82
SP,Lance Lynn (19016850),Lance Lynn,19016850,P,9300,CWS@KC 09/04/2021 07:10PM ET,CWS,20.31
SP,Logan Gilbert (19016854),Logan Gilbert,19016854,P,9200,SEA@ARI 09/04/2021 08:10PM ET,SEA,13.32
SP,Zack Greinke (19016853),Zack Greinke,19016853,P,9200,HOU@SD 09/04/2021 08:40PM ET,HOU,14.23
SP,Carlos Rodon (19016852),Carlos Rodon,19016852,P,9200,CWS@KC 09/04/2021 07:10PM ET,CWS,24.13
SP,Chris Flexen (19016857),Chris Flexen,19016857,P,9100,SEA@ARI 09/04/2021 08:10PM ET,SEA,13.74
RP,Luis Garcia (19016855),Luis Garcia,19016855,P,9100,HOU@SD 09/04/2021 08:40PM ET,HOU,17.99
SP,Dylan Cease (19016856),Dylan Cease,19016856,P,9100,CWS@KC 09/04/2021 07:10PM ET,CWS,19.11
SP,James Paxton (19016858),James Paxton,19016858,P,9000,SEA@ARI 09/04/2021 08:10PM ET,SEA,4.4
SP,Joe Musgrove (19016258),Joe Musgrove,19016258,P,8900,HOU@SD 09/04/2021 08:40PM ET,SD,15.63
SP,Cristian Javier (19016859),Cristian Javier,19016859,P,8900,HOU@SD 09/04/2021 08:40PM ET,HOU,10.66
SP,Madison Bumgarner (19016860),Madison Bumgarner,19016860,P,8800,SEA@ARI 09/04/2021 08:10PM ET,ARI,12.86
SP,Vladimir Gutierrez (19016862),Vladimir Gutierrez,19016862,P,8700,DET@CIN 09/04/2021 07:10PM ET,CIN,13.22
SP,Luke Weaver (19016863),Luke Weaver,19016863,P,8700,SEA@ARI 09/04/2021 08:10PM ET,ARI,13.74
SP,Jose Urquidy (19016861),Jose Urquidy,19016861,P,8700,HOU@SD 09/04/2021 08:40PM ET,HOU,15.81
SP,Wade Miley (19016865),Wade Miley,19016865,P,8600,DET@CIN 09/04/2021 07:10PM ET,CIN,14.94
SP,Lucas Giolito (19016864),Lucas Giolito,19016864,P,8600,CWS@KC 09/04/2021 07:10PM ET,CWS,19.18
SP,J.A. Happ (19016866),J.A. Happ,19016866,P,8500,STL@MIL 09/04/2021 07:10PM ET,STL,8.98
SP,Luis Castillo (19016867),Luis Castillo,19016867,P,8400,DET@CIN 09/04/2021 07:10PM ET,CIN,14.84
SP,Blake Snell (19016868),Blake Snell,19016868,P,8400,HOU@SD 09/04/2021 08:40PM ET,SD,16.01
SP,Tyler Anderson (19016871),Tyler Anderson,19016871,P,8200,SEA@ARI 09/04/2021 08:10PM ET,SEA,13.88
SP,Cole Hamels (19016869),Cole Hamels,19016869,P,8200,LAD@SF 09/04/2021 09:05PM ET,LAD,0
SP,Anthony DeSclafani (19016870),Anthony DeSclafani,19016870,P,8200,LAD@SF 09/04/2021 09:05PM ET,SF,15.19
SP,German Marquez (19016259),German Marquez,19016259,P,8100,ATL@COL 09/04/2021 08:10PM ET,COL,17.05
SP,Eric Lauer (19016873),Eric Lauer,19016873,P,7900,STL@MIL 09/04/2021 07:10PM ET,MIL,12.72
SP,Zac Gallen (19016872),Zac Gallen,19016872,P,7900,SEA@ARI 09/04/2021 08:10PM ET,ARI,14.83
SP,Miles Mikolas (19016875),Miles Mikolas,19016875,P,7800,STL@MIL 09/04/2021 07:10PM ET,STL,8.44
SP,Brett Anderson (19016876),Brett Anderson,19016876,P,7800,STL@MIL 09/04/2021 07:10PM ET,MIL,8.23
SP,Taylor Widener (19016874),Taylor Widener,19016874,P,7800,SEA@ARI 09/04/2021 08:10PM ET,ARI,12.36
SP,Justus Sheffield (19016877),Justus Sheffield,19016877,P,7800,SEA@ARI 09/04/2021 08:10PM ET,SEA,7.10
RP,Kwang Hyun Kim (19016260),Kwang Hyun Kim,19016260,P,7700,STL@MIL 09/04/2021 07:10PM ET,STL,12.16
RP,Justin Dunn (19016881),Justin Dunn,19016881,P,7700,SEA@ARI 09/04/2021 08:10PM ET,SEA,11.93
SP,Jake Faria (19016882),Jake Faria,19016882,P,7700,SEA@ARI 09/04/2021 08:10PM ET,ARI,3.04
SP,Huascar Ynoa (19016878),Huascar Ynoa,19016878,P,7700,ATL@COL 09/04/2021 08:10PM ET,ATL,16.90
SP,David Price (19016879),David Price,19016879,P,7700,LAD@SF 09/04/2021 09:05PM ET,LAD,4.96
SP,Kevin Gausman (19016880),Kevin Gausman,19016880,P,7700,LAD@SF 09/04/2021 09:05PM ET,SF,21.56
RP,Riley Smith (19016884),Riley Smith,19016884,P,7600,SEA@ARI 09/04/2021 08:10PM ET,ARI,3.10
SP,Alex Wood (19016883),Alex Wood,19016883,P,7600,LAD@SF 09/04/2021 09:05PM ET,SF,16.43
RP,Jon Duplantier (19016886),Jon Duplantier,19016886,P,7500,SEA@ARI 09/04/2021 08:10PM ET,ARI,-0.54
SP,Max Fried (19016885),Max Fried,19016885,P,7500,ATL@COL 09/04/2021 08:10PM ET,ATL,15.63
RP,Humberto Mejia (19016889),Humberto Mejia,19016889,P,7400,SEA@ARI 09/04/2021 08:10PM ET,ARI,11.28
SP,Charlie Morton (19016887),Charlie Morton,19016887,P,7400,ATL@COL 09/04/2021 08:10PM ET,ATL,18.75
RP,Conner Menez (19016888),Conner Menez,19016888,P,7400,LAD@SF 09/04/2021 09:05PM ET,SF,5.26
RP,Adrian Houser (19016261),Adrian Houser,19016261,P,7300,STL@MIL 09/04/2021 07:10PM ET,MIL,11.51
RP,Seth Frankoff (19016890),Seth Frankoff,19016890,P,7300,SEA@ARI 09/04/2021 08:10PM ET,ARI,1.6
SP,Caleb Smith (19016891),Caleb Smith,19016891,P,7200,SEA@ARI 09/04/2021 08:10PM ET,ARI,7.4
SP,Matt Peacock (19016893),Matt Peacock,19016893,P,7100,SEA@ARI 09/04/2021 08:10PM ET,ARI,3.98
SP,Touki Toussaint (19016892),Touki Toussaint,19016892,P,7100,ATL@COL 09/04/2021 08:10PM ET,ATL,12.73
SP,Sammy Long (19016262),Sammy Long,19016262,P,7100,LAD@SF 09/04/2021 09:05PM ET,SF,9.22
RP,Daniel Ponce de Leon (19016895),Daniel Ponce de Leon,19016895,P,7000,STL@MIL 09/04/2021 07:10PM ET,STL,1.91
RP,Dakota Hudson (19016897),Dakota Hudson,19016897,P,7000,STL@MIL 09/04/2021 07:10PM ET,STL,0
RP,Josh Lindblom (19016898),Josh Lindblom,19016898,P,7000,STL@MIL 09/04/2021 07:10PM ET,MIL,1.74
SP,Brent Suter (19016901),Brent Suter,19016901,P,7000,STL@MIL 09/04/2021 07:10PM ET,MIL,4.39
RP,Alec Bettinger (19016906),Alec Bettinger,19016906,P,7000,STL@MIL 09/04/2021 07:10PM ET,MIL,-2.68
SP,Corbin Martin (19016907),Corbin Martin,19016907,P,7000,SEA@ARI 09/04/2021 08:10PM ET,ARI,0.24
SP,Ian Anderson (19016263),Ian Anderson,19016263,P,7000,ATL@COL 09/04/2021 08:10PM ET,ATL,15.61
SP,Jake Odorizzi (19016894),Jake Odorizzi,19016894,P,7000,HOU@SD 09/04/2021 08:40PM ET,HOU,11.80
RP,Kent Emanuel (19016899),Kent Emanuel,19016899,P,7000,HOU@SD 09/04/2021 08:40PM ET,HOU,4.96
SP,Tyler Ivey (19016900),Tyler Ivey,19016900,P,7000,HOU@SD 09/04/2021 08:40PM ET,HOU,4.3
SP,Reiss Knehr (19016902),Reiss Knehr,19016902,P,7000,HOU@SD 09/04/2021 08:40PM ET,SD,4.81
SP,Nabil Crismatt (19016903),Nabil Crismatt,19016903,P,7000,HOU@SD 09/04/2021 08:40PM ET,SD,5.05
SP,Mike Clevinger (19016904),Mike Clevinger,19016904,P,7000,HOU@SD 09/04/2021 08:40PM ET,SD,0
SP,Jake Arrieta (19016905),Jake Arrieta,19016905,P,7000,HOU@SD 09/04/2021 08:40PM ET,SD,6.24
RP,Mitch White (19016896),Mitch White,19016896,P,7000,LAD@SF 09/04/2021 09:05PM ET,LAD,6.28
SP,Wade LeBlanc (19016908),Wade LeBlanc,19016908,P,6900,STL@MIL 09/04/2021 07:10PM ET,STL,4.11
SP,Carlos Martinez (19016909),Carlos Martinez,19016909,P,6900,STL@MIL 09/04/2021 07:10PM ET,STL,7.93
SP,Jake Woodford (19016910),Jake Woodford,19016910,P,6900,STL@MIL 09/04/2021 07:10PM ET,STL,3.81
SP,Johan Oviedo (19016911),Johan Oviedo,19016911,P,6900,STL@MIL 09/04/2021 07:10PM ET,STL,7.99
RP,T.J. Zeuch (19016912),T.J. Zeuch,19016912,P,6900,STL@MIL 09/04/2021 07:10PM ET,STL,1.95
SP,Jon Lester (19016913),Jon Lester,19016913,P,6900,STL@MIL 09/04/2021 07:10PM ET,STL,7.23
RP,Austin Gomber (19016914),Austin Gomber,19016914,P,6900,ATL@COL 09/04/2021 08:10PM ET,COL,13.25
SP,Johnny Cueto (19016915),Johnny Cueto,19016915,P,6900,LAD@SF 09/04/2021 09:05PM ET,SF,13.07
SP,Jeff Hoffman (19016917),Jeff Hoffman,19016917,P,6800,DET@CIN 09/04/2021 07:10PM ET,CIN,6.52
RP,Tommy Milone (19016919),Tommy Milone,19016919,P,6800,DET@CIN 09/04/2021 07:10PM ET,CIN,5.95
SP,Tony Santillan (19016922),Tony Santillan,19016922,P,6800,DET@CIN 09/04/2021 07:10PM ET,CIN,5.74
SP,Tarik Skubal (19016925),Tarik Skubal,19016925,P,6800,DET@CIN 09/04/2021 07:10PM ET,DET,15.35
SP,Aaron Ashby (19016921),Aaron Ashby,19016921,P,6800,STL@MIL 09/04/2021 07:10PM ET,MIL,8.32
RP,Tyler Gilbert (19016923),Tyler Gilbert,19016923,P,6800,SEA@ARI 09/04/2021 08:10PM ET,ARI,11.21
RP,Matt Andriese (19016927),Matt Andriese,19016927,P,6800,SEA@ARI 09/04/2021 08:10PM ET,SEA,3.04
RP,Miguel Diaz (19016916),Miguel Diaz,19016916,P,6800,HOU@SD 09/04/2021 08:40PM ET,SD,5.38
SP,Adrian Morejon (19016924),Adrian Morejon,19016924,P,6800,HOU@SD 09/04/2021 08:40PM ET,SD,4.15
SP,Edwin Uceta (19016918),Edwin Uceta,19016918,P,6800,LAD@SF 09/04/2021 09:05PM ET,LAD,3.37
RP,Mike Kickham (19016920),Mike Kickham,19016920,P,6800,LAD@SF 09/04/2021 09:05PM ET,LAD,-1.7
SP,Aaron Sanchez (19016926),Aaron Sanchez,19016926,P,6800,LAD@SF 09/04/2021 09:05PM ET,SF,8.99
SP,Merrill Kelly (19016264),Merrill Kelly,19016264,P,6700,SEA@ARI 09/04/2021 08:10PM ET,ARI,14.20
SP,Nick Margevicius (19016931),Nick Margevicius,19016931,P,6700,SEA@ARI 09/04/2021 08:10PM ET,SEA,3.28
RP,Kyle Muller (19016929),Kyle Muller,19016929,P,6700,ATL@COL 09/04/2021 08:10PM ET,ATL,11.3
RP,Craig Stammen (19016928),Craig Stammen,19016928,P,6700,HOU@SD 09/04/2021 08:40PM ET,SD,4.08
SP,Jose Quintana (19016930),Jose Quintana,19016930,P,6700,LAD@SF 09/04/2021 09:05PM ET,SF,5.87
RP,Ryan Weathers (19016932),Ryan Weathers,19016932,P,6600,HOU@SD 09/04/2021 08:40PM ET,SD,5.89
SP,Matt Shoemaker (19016933),Matt Shoemaker,19016933,P,6600,LAD@SF 09/04/2021 09:05PM ET,SF,3.62
SP,Scott Kazmir (19016936),Scott Kazmir,19016936,P,6500,LAD@SF 09/04/2021 09:05PM ET,SF,4.78
SP,Jose Suarez (19016265),Jose Suarez,19016265,P,6500,TEX@LAA 09/04/2021 09:07PM ET,LAA,9.81
SP,Patrick Sandoval (19016934),Patrick Sandoval,19016934,P,6500,TEX@LAA 09/04/2021 09:07PM ET,LAA,15.32
SP,Alex Cobb (19016935),Alex Cobb,19016935,P,6500,TEX@LAA 09/04/2021 09:07PM ET,LAA,16.28
RP,Robert Dugger (19016941),Robert Dugger,19016941,P,6400,SEA@ARI 09/04/2021 08:10PM ET,SEA,2.16
SP,Kyle Freeland (19016937),Kyle Freeland,19016937,P,6400,ATL@COL 09/04/2021 08:10PM ET,COL,11.33
RP,Zack Littell (19016940),Zack Littell,19016940,P,6400,LAD@SF 09/04/2021 09:05PM ET,SF,2.67
SP,Jaime Barria (19016938),Jaime Barria,19016938,P,6400,TEX@LAA 09/04/2021 09:07PM ET,LAA,5.96
SP,Chris Rodriguez (19016939),Chris Rodriguez,19016939,P,6400,TEX@LAA 09/04/2021 09:07PM ET,LAA,5.37
SP,Kyle Funkhouser (19016945),Kyle Funkhouser,19016945,P,6300,DET@CIN 09/04/2021 07:10PM ET,DET,3.70
SP,Tucker Davidson (19016947),Tucker Davidson,19016947,P,6300,ATL@COL 09/04/2021 08:10PM ET,ATL,12.8
SP,Chris Paddack (19016942),Chris Paddack,19016942,P,6300,HOU@SD 09/04/2021 08:40PM ET,SD,11.52
SP,Tyler Chatwood (19016944),Tyler Chatwood,19016944,P,6300,LAD@SF 09/04/2021 09:05PM ET,SF,2.54
SP,Reynaldo Lopez (19016266),Reynaldo Lopez,19016266,P,6300,CWS@KC 09/04/2021 07:10PM ET,CWS,9.88
SP,Brady Singer (19016943),Brady Singer,19016943,P,6300,CWS@KC 09/04/2021 07:10PM ET,KC,10.91
1B/OF,Shohei Ohtani (19016270),Shohei Ohtani,19016270,1B/OF,6300,TEX@LAA 09/04/2021 09:07PM ET,LAA,3.09
SP,Griffin Canning (19016946),Griffin Canning,19016946,P,6300,TEX@LAA 09/04/2021 09:07PM ET,LAA,9.41
SP,Drew Smyly (19016948),Drew Smyly,19016948,P,6200,ATL@COL 09/04/2021 08:10PM ET,ATL,11.35
OF,Fernando Tatis Jr. (19016272),Fernando Tatis Jr.,19016272,OF,6200,HOU@SD 09/04/2021 08:40PM ET,SD,11.50
RP,Jose Alvarez (19016951),Jose Alvarez,19016951,P,6200,LAD@SF 09/04/2021 09:05PM ET,SF,2.75
SP,Michael Kopech (19016949),Michael Kopech,19016949,P,6200,CWS@KC 09/04/2021 07:10PM ET,CWS,6.06
SP,Reid Detmers (19016950),Reid Detmers,19016950,P,6200,TEX@LAA 09/04/2021 09:07PM ET,LAA,7.59
SP,Dylan Bundy (19016952),Dylan Bundy,19016952,P,6200,TEX@LAA 09/04/2021 09:07PM ET,LAA,7.52
SP,Ljay Newsome (19016957),Ljay Newsome,19016957,P,6100,SEA@ARI 09/04/2021 08:10PM ET,SEA,4.17
2B,Jose Altuve (19016273),Jose Altuve,19016273,2B,6100,HOU@SD 09/04/2021 08:40PM ET,HOU,8.97
RP,Pierce Johnson (19016953),Pierce Johnson,19016953,P,6100,HOU@SD 09/04/2021 08:40PM ET,SD,3.44
RP,Matt Strahm (19016954),Matt Strahm,19016954,P,6100,HOU@SD 09/04/2021 08:40PM ET,SD,0.23
SP,Caleb Baragar (19016955),Caleb Baragar,19016955,P,6100,LAD@SF 09/04/2021 09:05PM ET,SF,2.68
SP,Junior Guerra (19016956),Junior Guerra,19016956,P,6100,TEX@LAA 09/04/2021 09:07PM ET,LAA,3.32
SP,Hector Santiago (19016960),Hector Santiago,19016960,P,6000,SEA@ARI 09/04/2021 08:10PM ET,SEA,6.19
SP,Antonio Senzatela (19016959),Antonio Senzatela,19016959,P,6000,ATL@COL 09/04/2021 08:10PM ET,COL,11.38
OF,Yordan Alvarez (19016274),Yordan Alvarez,19016274,OF,6000,HOU@SD 09/04/2021 08:40PM ET,HOU,8.97
RP,Michel Baez (19016958),Michel Baez,19016958,P,6000,HOU@SD 09/04/2021 08:40PM ET,SD,0
SP,Erik Swanson (19016962),Erik Swanson,19016962,P,5900,SEA@ARI 09/04/2021 08:10PM ET,SEA,3.24
SP,Jon Gray (19016961),Jon Gray,19016961,P,5900,ATL@COL 09/04/2021 08:10PM ET,COL,13.19
C,Salvador Perez (19016275),Salvador Perez,19016275,C,5900,CWS@KC 09/04/2021 07:10PM ET,KC,8.38
SP,Matthew Boyd (19016267),Matthew Boyd,19016267,P,5800,DET@CIN 09/04/2021 07:10PM ET,DET,13.23
RP,Darren McCaughan (19016963),Darren McCaughan,19016963,P,5800,SEA@ARI 09/04/2021 08:10PM ET,SEA,0.22
1B,Freddie Freeman (19016276),Freddie Freeman,19016276,1B,5800,ATL@COL 09/04/2021 08:10PM ET,ATL,9.10
SS,Trevor Story (19016277),Trevor Story,19016277,SS,5800,ATL@COL 09/04/2021 08:10PM ET,COL,8.34
2B/OF,Nick Senzel (19016278),Nick Senzel,19016278,2B/OF,5700,DET@CIN 09/04/2021 07:10PM ET,CIN,5.28
SP,Julio Teheran (19016965),Julio Teheran,19016965,P,5700,DET@CIN 09/04/2021 07:10PM ET,DET,15.05
SP,Dallas Keuchel (19016964),Dallas Keuchel,19016964,P,5700,CWS@KC 09/04/2021 07:10PM ET,CWS,8.45
SP,Chase Anderson (19016966),Chase Anderson,19016966,P,5700,TEX@LAA 09/04/2021 09:07PM ET,TEX,4.97
RP,Ryan Weber (19016968),Ryan Weber,19016968,P,5600,SEA@ARI 09/04/2021 08:10PM ET,SEA,-0.06
SP,Kyle Wright (19016967),Kyle Wright,19016967,P,5600,ATL@COL 09/04/2021 08:10PM ET,ATL,1.32
SP,Casey Mize (19016969),Casey Mize,19016969,P,5500,DET@CIN 09/04/2021 07:10PM ET,DET,13.21
RP,Wily Peralta (19016971),Wily Peralta,19016971,P,5500,DET@CIN 09/04/2021 07:10PM ET,DET,9.82
1B,Paul Goldschmidt (19016281),Paul Goldschmidt,19016281,1B,5500,STL@MIL 09/04/2021 07:10PM ET,STL,8.67
3B,Austin Riley (19016282),Austin Riley,19016282,3B,5500,ATL@COL 09/04/2021 08:10PM ET,ATL,8.47
3B,Manny Machado (19016280),Manny Machado,19016280,3B,5500,HOU@SD 09/04/2021 08:40PM ET,SD,8.68
1B,Yuli Gurriel (19016283),Yuli Gurriel,19016283,1B,5500,HOU@SD 09/04/2021 08:40PM ET,HOU,7.98
RP,Jimmy Lambert (19016970),Jimmy Lambert,19016970,P,5500,CWS@KC 09/04/2021 07:10PM ET,CWS,5.9
1B/2B,Jonathan Schoop (19016287),Jonathan Schoop,19016287,1B/2B,5400,DET@CIN 09/04/2021 07:10PM ET,DET,7.49
SP,Matt Manning (19016973),Matt Manning,19016973,P,5400,DET@CIN 09/04/2021 07:10PM ET,DET,5.69
SP,Spencer Turnbull (19016975),Spencer Turnbull,19016975,P,5400,DET@CIN 09/04/2021 07:10PM ET,DET,18.01
OF,Ketel Marte (19016286),Ketel Marte,19016286,OF,5400,SEA@ARI 09/04/2021 08:10PM ET,ARI,8.53
RP,A.J. Minter (19016972),A.J. Minter,19016972,P,5400,ATL@COL 09/04/2021 08:10PM ET,ATL,2.75
SP,Daniel Lynch (19016268),Daniel Lynch,19016268,P,5400,CWS@KC 09/04/2021 07:10PM ET,KC,11.00
SS,Tim Anderson (19016284),Tim Anderson,19016284,SS,5400,CWS@KC 09/04/2021 07:10PM ET,CWS,9.08
C,Yasmani Grandal (19016285),Yasmani Grandal,19016285,C,5400,CWS@KC 09/04/2021 07:10PM ET,CWS,8.66
3B,Anthony Rendon (19016289),Anthony Rendon,19016289,3B,5400,TEX@LAA 09/04/2021 09:07PM ET,LAA,6.90
RP,Packy Naughton (19016974),Packy Naughton,19016974,P,5400,TEX@LAA 09/04/2021 09:07PM ET,LAA,3.55
SP,Derek Holland (19016978),Derek Holland,19016978,P,5300,DET@CIN 09/04/2021 07:10PM ET,DET,2.99
SP,Tyler Alexander (19016979),Tyler Alexander,19016979,P,5300,DET@CIN 09/04/2021 07:10PM ET,DET,5.17
SP,Sean Newcomb (19016976),Sean Newcomb,19016976,P,5300,ATL@COL 09/04/2021 08:10PM ET,ATL,2.72
SP,Kohei Arihara (19016977),Kohei Arihara,19016977,P,5300,TEX@LAA 09/04/2021 09:07PM ET,TEX,5.98
C,Eric Haase (19016292),Eric Haase,19016292,C,5200,DET@CIN 09/04/2021 07:10PM ET,DET,7.57
SP,Mike Soroka (19016980),Mike Soroka,19016980,P,5200,ATL@COL 09/04/2021 08:10PM ET,ATL,0
1B,Jose Abreu (19016290),Jose Abreu,19016290,1B,5200,CWS@KC 09/04/2021 07:10PM ET,CWS,8.78
SP,Kris Bubic (19016981),Kris Bubic,19016981,P,5200,CWS@KC 09/04/2021 07:10PM ET,KC,8.89
C,John Hicks (19016291),John Hicks,19016291,C,5200,TEX@LAA 09/04/2021 09:07PM ET,TEX,8
OF,Nick Castellanos (19016293),Nick Castellanos,19016293,OF,5100,DET@CIN 09/04/2021 07:10PM ET,CIN,9.51
SP,Jose Urena (19016983),Jose Urena,19016983,P,5100,DET@CIN 09/04/2021 07:10PM ET,DET,5.58
RP,Keynan Middleton (19016986),Keynan Middleton,19016986,P,5100,SEA@ARI 09/04/2021 08:10PM ET,SEA,1.74
1B,C.J. Cron (19016297),C.J. Cron,19016297,1B,5100,ATL@COL 09/04/2021 08:10PM ET,COL,8.06
SS,Dansby Swanson (19016298),Dansby Swanson,19016298,SS,5100,ATL@COL 09/04/2021 08:10PM ET,ATL,8.02
SP,Tanner Roark (19016982),Tanner Roark,19016982,P,5100,ATL@COL 09/04/2021 08:10PM ET,ATL,3.45
SS,Carlos Correa (19016299),Carlos Correa,19016299,SS,5100,HOU@SD 09/04/2021 08:40PM ET,HOU,8.54
2B,Trea Turner (19016294),Trea Turner,19016294,2B,5100,LAD@SF 09/04/2021 09:05PM ET,LAD,9.61
2B,Whit Merrifield (19016295),Whit Merrifield,19016295,2B,5100,CWS@KC 09/04/2021 07:10PM ET,KC,8.60
SP,Carlos Hernandez (19016985),Carlos Hernandez,19016985,P,5100,CWS@KC 09/04/2021 07:10PM ET,KC,9.89
OF,Mike Trout (19016296),Mike Trout,19016296,OF,5100,TEX@LAA 09/04/2021 09:07PM ET,LAA,9.56
RP,Jordan Lyles (19016984),Jordan Lyles,19016984,P,5100,TEX@LAA 09/04/2021 09:07PM ET,TEX,10.57
RP,Rony Garcia (19016989),Rony Garcia,19016989,P,5000,DET@CIN 09/04/2021 07:10PM ET,DET,4.22
SP,Michael Fulmer (19016990),Michael Fulmer,19016990,P,5000,DET@CIN 09/04/2021 07:10PM ET,DET,4.30
SP,Drew Hutchison (19016991),Drew Hutchison,19016991,P,5000,DET@CIN 09/04/2021 07:10PM ET,DET,2.85
3B,Nolan Arenado (19016301),Nolan Arenado,19016301,3B,5000,STL@MIL 09/04/2021 07:10PM ET,STL,8.19
C,Carson Kelly (19016304),Carson Kelly,19016304,C,5000,SEA@ARI 09/04/2021 08:10PM ET,ARI,6.49
SP,Asher Wojciechowski (19016987),Asher Wojciechowski,19016987,P,5000,SEA@ARI 09/04/2021 08:10PM ET,SEA,8.8
2B,Ozzie Albies (19016302),Ozzie Albies,19016302,2B,5000,ATL@COL 09/04/2021 08:10PM ET,ATL,9.1
RP,Josh Tomlin (19016988),Josh Tomlin,19016988,P,5000,ATL@COL 09/04/2021 08:10PM ET,ATL,2.16
RP,Jesse Chavez (19016997),Jesse Chavez,19016997,P,5000,ATL@COL 09/04/2021 08:10PM ET,ATL,4.42
3B,Alex Bregman (19016300),Alex Bregman,19016300,3B,5000,HOU@SD 09/04/2021 08:40PM ET,HOU,7.91
3B/OF,Kris Bryant (19016305),Kris Bryant,19016305,3B/OF,5000,LAD@SF 09/04/2021 09:05PM ET,SF,8.38
OF,Eloy Jimenez (19016303),Eloy Jimenez,19016303,OF,5000,CWS@KC 09/04/2021 07:10PM ET,CWS,8.75
SP,Ervin Santana (19016996),Ervin Santana,19016996,P,5000,CWS@KC 09/04/2021 07:10PM ET,KC,3.79
SP,Kolby Allard (19016269),Kolby Allard,19016269,P,5000,TEX@LAA 09/04/2021 09:07PM ET,TEX,8.64
SP,Dane Dunning (19016992),Dane Dunning,19016992,P,5000,TEX@LAA 09/04/2021 09:07PM ET,TEX,11.80
SP,Glenn Otto (19016993),Glenn Otto,19016993,P,5000,TEX@LAA 09/04/2021 09:07PM ET,TEX,17.78
RP,Taylor Hearn (19016994),Taylor Hearn,19016994,P,5000,TEX@LAA 09/04/2021 09:07PM ET,TEX,5.79
SP,A.J. Alexy (19016995),A.J. Alexy,19016995,P,5000,TEX@LAA 09/04/2021 09:07PM ET,TEX,20.85
1B,Joey Votto (19016308),Joey Votto,19016308,1B,4900,DET@CIN 09/04/2021 07:10PM ET,CIN,9.02
OF,Charlie Blackmon (19016307),Charlie Blackmon,19016307,OF,4900,ATL@COL 09/04/2021 08:10PM ET,COL,6.87
SP,Brad Keller (19016998),Brad Keller,19016998,P,4900,CWS@KC 09/04/2021 07:10PM ET,KC,10.59
SP,Mike Minor (19017000),Mike Minor,19017000,P,4900,CWS@KC 09/04/2021 07:10PM ET,KC,13.75
SP,Kyle Zimmer (19017001),Kyle Zimmer,19017001,P,4900,CWS@KC 09/04/2021 07:10PM ET,KC,2.63
SP,Spencer Howard (19016999),Spencer Howard,19016999,P,4900,TEX@LAA 09/04/2021 09:07PM ET,TEX,5.25
C,Tyler Stephenson (19016309),Tyler Stephenson,19016309,C,4800,DET@CIN 09/04/2021 07:10PM ET,CIN,5.59
2B/OF,Mookie Betts (19016310),Mookie Betts,19016310,2B/OF,4800,LAD@SF 09/04/2021 09:05PM ET,LAD,9.30
SP,Jackson Kowar (19017004),Jackson Kowar,19017004,P,4800,CWS@KC 09/04/2021 07:10PM ET,KC,1.59
RP,Ronald Bolanos (19017005),Ronald Bolanos,19017005,P,4800,CWS@KC 09/04/2021 07:10PM ET,KC,9.55
SP,Jakob Junis (19017006),Jakob Junis,19017006,P,4800,CWS@KC 09/04/2021 07:10PM ET,KC,6.22
RP,Hyeon-Jong Yang (19017002),Hyeon-Jong Yang,19017002,P,4800,TEX@LAA 09/04/2021 09:07PM ET,TEX,4.45
SP,Mike Foltynewicz (19017003),Mike Foltynewicz,19017003,P,4800,TEX@LAA 09/04/2021 09:07PM ET,TEX,9.06
3B,Jeimer Candelario (19016314),Jeimer Candelario,19016314,3B,4700,DET@CIN 09/04/2021 07:10PM ET,DET,7.33
3B,Kyle Seager (19016313),Kyle Seager,19016313,3B,4700,SEA@ARI 09/04/2021 08:10PM ET,SEA,7.52
SP,Ryan Castellani (19017007),Ryan Castellani,19017007,P,4700,ATL@COL 09/04/2021 08:10PM ET,COL,1.5
OF,Luis Robert (19016312),Luis Robert,19016312,OF,4700,CWS@KC 09/04/2021 07:10PM ET,CWS,9
OF,Mitch Haniger (19016320),Mitch Haniger,19016320,OF,4600,SEA@ARI 09/04/2021 08:10PM ET,SEA,8.25
SP,Chi Chi Gonzalez (19017008),Chi Chi Gonzalez,19017008,P,4600,ATL@COL 09/04/2021 08:10PM ET,COL,5.42
RP,Lucas Gilbreath (19017009),Lucas Gilbreath,19017009,P,4600,ATL@COL 09/04/2021 08:10PM ET,COL,2.36
SS,Jake Cronenworth (19016315),Jake Cronenworth,19016315,SS,4600,HOU@SD 09/04/2021 08:40PM ET,SD,7.94
SS,Corey Seager (19016316),Corey Seager,19016316,SS,4600,LAD@SF 09/04/2021 09:05PM ET,LAD,7.91
1B,Max Muncy (19016317),Max Muncy,19016317,1B,4600,LAD@SF 09/04/2021 09:05PM ET,LAD,9.13
3B,Yoan Moncada (19016318),Yoan Moncada,19016318,3B,4600,CWS@KC 09/04/2021 07:10PM ET,CWS,7.25
SS,Adalberto Mondesi (19016319),Adalberto Mondesi,19016319,SS,4600,CWS@KC 09/04/2021 07:10PM ET,KC,12.67
2B,Jonathan India (19016321),Jonathan India,19016321,2B,4500,DET@CIN 09/04/2021 07:10PM ET,CIN,8.19
1B/3B,Eduardo Escobar (19016322),Eduardo Escobar,19016322,1B/3B,4500,STL@MIL 09/04/2021 07:10PM ET,MIL,7.69
SP,Jhoulys Chacin (19017011),Jhoulys Chacin,19017011,P,4500,ATL@COL 09/04/2021 08:10PM ET,COL,3.37
SP,Wes Benjamin (19017010),Wes Benjamin,19017010,P,4500,TEX@LAA 09/04/2021 09:07PM ET,TEX,1.8
OF,Jesse Winker (19016324),Jesse Winker,19016324,OF,4400,DET@CIN 09/04/2021 07:10PM ET,CIN,9.61
3B,Mike Moustakas (19016325),Mike Moustakas,19016325,3B,4400,DET@CIN 09/04/2021 07:10PM ET,CIN,5.81
OF,Christian Yelich (19016326),Christian Yelich,19016326,OF,4400,STL@MIL 09/04/2021 07:10PM ET,MIL,7.48
3B,Ryan McMahon (19016327),Ryan McMahon,19016327,3B,4400,ATL@COL 09/04/2021 08:10PM ET,COL,7.29
SS,Brandon Crawford (19016328),Brandon Crawford,19016328,SS,4400,LAD@SF 09/04/2021 09:05PM ET,SF,8.31
3B,Justin Turner (19016329),Justin Turner,19016329,3B,4400,LAD@SF 09/04/2021 09:05PM ET,LAD,7.84
OF,Robbie Grossman (19016330),Robbie Grossman,19016330,OF,4300,DET@CIN 09/04/2021 07:10PM ET,DET,7.95
2B/SS,Brendan Rodgers (19016331),Brendan Rodgers,19016331,2B/SS,4300,ATL@COL 09/04/2021 08:10PM ET,COL,7.16
C,Elias Diaz (19016333),Elias Diaz,19016333,C,4300,ATL@COL 09/04/2021 08:10PM ET,COL,6.19
OF,Kyle Tucker (19016334),Kyle Tucker,19016334,OF,4300,HOU@SD 09/04/2021 08:40PM ET,HOU,8.80
1B,Renato Nunez (19016341),Renato Nunez,19016341,1B,4200,STL@MIL 09/04/2021 07:10PM ET,MIL,6.86
2B/OF,Josh Rojas (19016335),Josh Rojas,19016335,2B/OF,4200,SEA@ARI 09/04/2021 08:10PM ET,ARI,7.02
1B,Ty France (19016338),Ty France,19016338,1B,4200,SEA@ARI 09/04/2021 08:10PM ET,SEA,7.59
C/OF,Daulton Varsho (19016339),Daulton Varsho,19016339,C/OF,4200,SEA@ARI 09/04/2021 08:10PM ET,ARI,5.65
OF,Connor Joe (19016337),Connor Joe,19016337,OF,4200,ATL@COL 09/04/2021 08:10PM ET,COL,6.36
3B,Eugenio Suarez (19016348),Eugenio Suarez,19016348,3B,4100,DET@CIN 09/04/2021 07:10PM ET,CIN,6.50
SS,Willy Adames (19016342),Willy Adames,19016342,SS,4100,STL@MIL 09/04/2021 07:10PM ET,MIL,7.59
SS,Paul DeJong (19016343),Paul DeJong,19016343,SS,4100,STL@MIL 09/04/2021 07:10PM ET,STL,5.88
2B,Tommy Edman (19016350),Tommy Edman,19016350,2B,4100,STL@MIL 09/04/2021 07:10PM ET,STL,7.72
OF,Adam Duvall (19016346),Adam Duvall,19016346,OF,4100,ATL@COL 09/04/2021 08:10PM ET,ATL,7.56
OF,Tommy Pham (19016349),Tommy Pham,19016349,OF,4100,HOU@SD 09/04/2021 08:40PM ET,SD,6.66
OF,Michael Brantley (19016351),Michael Brantley,19016351,OF,4100,HOU@SD 09/04/2021 08:40PM ET,HOU,7.57
OF/SS,Mauricio Dubon (19016344),Mauricio Dubon,19016344,SS/OF,4100,LAD@SF 09/04/2021 09:05PM ET,SF,3.94
1B,Brandon Belt (19016347),Brandon Belt,19016347,1B,4100,LAD@SF 09/04/2021 09:05PM ET,SF,7.97
1B,Jared Walsh (19016352),Jared Walsh,19016352,1B,4100,TEX@LAA 09/04/2021 09:07PM ET,LAA,8.02
SP,Tejay Antone (19017014),Tejay Antone,19017014,P,4000,DET@CIN 09/04/2021 07:10PM ET,CIN,5.74
RP,Josh Osich (19017030),Josh Osich,19017030,P,4000,DET@CIN 09/04/2021 07:10PM ET,CIN,1.78
RP,Bryan Garcia (19017040),Bryan Garcia,19017040,P,4000,DET@CIN 09/04/2021 07:10PM ET,DET,1.34
RP,Brad Brach (19017048),Brad Brach,19017048,P,4000,DET@CIN 09/04/2021 07:10PM ET,CIN,2.15
RP,Hector Perez (19017051),Hector Perez,19017051,P,4000,DET@CIN 09/04/2021 07:10PM ET,CIN,0
SP,Logan Shore (19017056),Logan Shore,19017056,P,4000,DET@CIN 09/04/2021 07:10PM ET,DET,0
RP,Justin Wilson (19017058),Justin Wilson,19017058,P,4000,DET@CIN 09/04/2021 07:10PM ET,CIN,1.54
RP,Phillip Diehl (19017065),Phillip Diehl,19017065,P,4000,DET@CIN 09/04/2021 07:10PM ET,CIN,0
SP,Mac Sceroler (19017071),Mac Sceroler,19017071,P,4000,DET@CIN 09/04/2021 07:10PM ET,CIN,0.29
SP,Gregory Soto (19017109),Gregory Soto,19017109,P,4000,DET@CIN 09/04/2021 07:10PM ET,DET,3.52
RP,Cionel Perez (19017110),Cionel Perez,19017110,P,4000,DET@CIN 09/04/2021 07:10PM ET,CIN,1.69
SP,Lucas Sims (19017113),Lucas Sims,19017113,P,4000,DET@CIN 09/04/2021 07:10PM ET,CIN,4.01
RP,Jason Foley (19017159),Jason Foley,19017159,P,4000,DET@CIN 09/04/2021 07:10PM ET,DET,1.28
RP,Joe Jimenez (19017170),Joe Jimenez,19017170,P,4000,DET@CIN 09/04/2021 07:10PM ET,DET,2.54
RP,Brandon Bailey (19017178),Brandon Bailey,19017178,P,4000,DET@CIN 09/04/2021 07:10PM ET,CIN,0
RP,Nivaldo Rodriguez (19017179),Nivaldo Rodriguez,19017179,P,4000,DET@CIN 09/04/2021 07:10PM ET,DET,2.98
SP,Lyon Richardson (19017180),Lyon Richardson,19017180,P,4000,DET@CIN 09/04/2021 07:10PM ET,CIN,0
SP,Andrew Moore (19017181),Andrew Moore,19017181,P,4000,DET@CIN 09/04/2021 07:10PM ET,DET,0
RP,Luis Cessa (19017190),Luis Cessa,19017190,P,4000,DET@CIN 09/04/2021 07:10PM ET,CIN,3.25
RP,Riley O'Brien (19017200),Riley O'Brien,19017200,P,4000,DET@CIN 09/04/2021 07:10PM ET,CIN,0
RP,Bo Takahashi (19017206),Bo Takahashi,19017206,P,4000,DET@CIN 09/04/2021 07:10PM ET,CIN,0
SP,Braden Shipley (19017212),Braden Shipley,19017212,P,4000,DET@CIN 09/04/2021 07:10PM ET,CIN,0
SP,Brandon Finnegan (19017214),Brandon Finnegan,19017214,P,4000,DET@CIN 09/04/2021 07:10PM ET,CIN,0
SP,Nick Lodolo (19017223),Nick Lodolo,19017223,P,4000,DET@CIN 09/04/2021 07:10PM ET,CIN,0
RP,Art Warren (19017225),Art Warren,19017225,P,4000,DET@CIN 09/04/2021 07:10PM ET,CIN,3.70
SP,Hunter Greene (19017240),Hunter Greene,19017240,P,4000,DET@CIN 09/04/2021 07:10PM ET,CIN,0
RP,Will Vest (19017244),Will Vest,19017244,P,4000,DET@CIN 09/04/2021 07:10PM ET,DET,1.71
RP,Ryan Hendrix (19017268),Ryan Hendrix,19017268,P,4000,DET@CIN 09/04/2021 07:10PM ET,CIN,2.48
RP,Mychal Givens (19017276),Mychal Givens,19017276,P,4000,DET@CIN 09/04/2021 07:10PM ET,CIN,3.02
RP,Ian Krol (19017281),Ian Krol,19017281,P,4000,DET@CIN 09/04/2021 07:10PM ET,DET,1.66
RP,Alex Lange (19017287),Alex Lange,19017287,P,4000,DET@CIN 09/04/2021 07:10PM ET,DET,2.37
RP,Miguel del Pozo (19017296),Miguel del Pozo,19017296,P,4000,DET@CIN 09/04/2021 07:10PM ET,DET,1.77
RP,Amir Garrett (19017299),Amir Garrett,19017299,P,4000,DET@CIN 09/04/2021 07:10PM ET,CIN,1.79
RP,Zack Hess (19017305),Zack Hess,19017305,P,4000,DET@CIN 09/04/2021 07:10PM ET,DET,0
RP,Erasmo Ramirez (19017308),Erasmo Ramirez,19017308,P,4000,DET@CIN 09/04/2021 07:10PM ET,DET,3.06
SP,Carson Fulmer (19017323),Carson Fulmer,19017323,P,4000,DET@CIN 09/04/2021 07:10PM ET,CIN,2.13
RP,R.J. Alaniz (19017335),R.J. Alaniz,19017335,P,4000,DET@CIN 09/04/2021 07:10PM ET,CIN,2.33
RP,Jose Cisnero (19017348),Jose Cisnero,19017348,P,4000,DET@CIN 09/04/2021 07:10PM ET,DET,2.96
RP,Luis Garcia (19017021),Luis Garcia,19017021,P,4000,STL@MIL 09/04/2021 07:10PM ET,STL,3.7
RP,John Curtiss (19017028),John Curtiss,19017028,P,4000,STL@MIL 09/04/2021 07:10PM ET,MIL,3.02
SP,Jordan Zimmermann (19017031),Jordan Zimmermann,19017031,P,4000,STL@MIL 09/04/2021 07:10PM ET,MIL,-1.92
SP,Ethan Small (19017063),Ethan Small,19017063,P,4000,STL@MIL 09/04/2021 07:10PM ET,MIL,0
SP,Matthew Liberatore (19017072),Matthew Liberatore,19017072,P,4000,STL@MIL 09/04/2021 07:10PM ET,STL,0
RP,Junior Fernandez (19017077),Junior Fernandez,19017077,P,4000,STL@MIL 09/04/2021 07:10PM ET,STL,1.69
RP,Josh Hader (19017080),Josh Hader,19017080,P,4000,STL@MIL 09/04/2021 07:10PM ET,MIL,5.06
RP,Brad Boxberger (19017082),Brad Boxberger,19017082,P,4000,STL@MIL 09/04/2021 07:10PM ET,MIL,3.71
RP,Justin Miller (19017089),Justin Miller,19017089,P,4000,STL@MIL 09/04/2021 07:10PM ET,STL,0.91
SP,Angel Perdomo (19017105),Angel Perdomo,19017105,P,4000,STL@MIL 09/04/2021 07:10PM ET,MIL,2.96
RP,Clayton Andrews (19017117),Clayton Andrews,19017117,P,4000,STL@MIL 09/04/2021 07:10PM ET,MIL,0
SP,Garrett Williams (19017126),Garrett Williams,19017126,P,4000,STL@MIL 09/04/2021 07:10PM ET,STL,0
RP,Ray Black (19017130),Ray Black,19017130,P,4000,STL@MIL 09/04/2021 07:10PM ET,MIL,0
RP,Jake Cousins (19017137),Jake Cousins,19017137,P,4000,STL@MIL 09/04/2021 07:10PM ET,MIL,4.92
RP,Kodi Whitley (19017138),Kodi Whitley,19017138,P,4000,STL@MIL 09/04/2021 07:10PM ET,STL,1.90
RP,Giovanny Gallegos (19017139),Giovanny Gallegos,19017139,P,4000,STL@MIL 09/04/2021 07:10PM ET,STL,4.03
RP,Miguel Sanchez (19017142),Miguel Sanchez,19017142,P,4000,STL@MIL 09/04/2021 07:10PM ET,MIL,2.12
RP,Chad Sobotka (19017149),Chad Sobotka,19017149,P,4000,STL@MIL 09/04/2021 07:10PM ET,MIL,0
RP,Eric Yardley (19017158),Eric Yardley,19017158,P,4000,STL@MIL 09/04/2021 07:10PM ET,MIL,0.11
RP,Brandon Waddell (19017171),Brandon Waddell,19017171,P,4000,STL@MIL 09/04/2021 07:10PM ET,STL,0.8
RP,Devin Williams (19017177),Devin Williams,19017177,P,4000,STL@MIL 09/04/2021 07:10PM ET,MIL,4.24
RP,Tyler Webb (19017182),Tyler Webb,19017182,P,4000,STL@MIL 09/04/2021 07:10PM ET,STL,-0.36
SP,Dylan File (19017188),Dylan File,19017188,P,4000,STL@MIL 09/04/2021 07:10PM ET,MIL,0
RP,Johan Quezada (19017192),Johan Quezada,19017192,P,4000,STL@MIL 09/04/2021 07:10PM ET,STL,0
SP,Genesis Cabrera (19017194),Genesis Cabrera,19017194,P,4000,STL@MIL 09/04/2021 07:10PM ET,STL,2.86
RP,Kyle Lobstein (19017197),Kyle Lobstein,19017197,P,4000,STL@MIL 09/04/2021 07:10PM ET,MIL,-1.13
RP,Justin Topa (19017203),Justin Topa,19017203,P,4000,STL@MIL 09/04/2021 07:10PM ET,MIL,-5.08
RP,Zack Thompson (19017208),Zack Thompson,19017208,P,4000,STL@MIL 09/04/2021 07:10PM ET,STL,0
RP,Seth Elledge (19017221),Seth Elledge,19017221,P,4000,STL@MIL 09/04/2021 07:10PM ET,STL,2.15
RP,Patrick Weigel (19017222),Patrick Weigel,19017222,P,4000,STL@MIL 09/04/2021 07:10PM ET,MIL,5.87
RP,Hunter Strickland (19017229),Hunter Strickland,19017229,P,4000,STL@MIL 09/04/2021 07:10PM ET,MIL,3.38
RP,Jesus Cruz (19017237),Jesus Cruz,19017237,P,4000,STL@MIL 09/04/2021 07:10PM ET,STL,0
RP,Andrew Miller (19017241),Andrew Miller,19017241,P,4000,STL@MIL 09/04/2021 07:10PM ET,STL,1.90
SP,Zack Brown (19017242),Zack Brown,19017242,P,4000,STL@MIL 09/04/2021 07:10PM ET,MIL,0
RP,Jandel Gustave (19017259),Jandel Gustave,19017259,P,4000,STL@MIL 09/04/2021 07:10PM ET,MIL,3.92
RP,Hoby Milner (19017260),Hoby Milner,19017260,P,4000,STL@MIL 09/04/2021 07:10PM ET,MIL,3.02
SP,Daniel Norris (19017261),Daniel Norris,19017261,P,4000,STL@MIL 09/04/2021 07:10PM ET,MIL,2.30
RP,John Axford (19017263),John Axford,19017263,P,4000,STL@MIL 09/04/2021 07:10PM ET,MIL,-5.65
RP,Ryan Helsley (19017271),Ryan Helsley,19017271,P,4000,STL@MIL 09/04/2021 07:10PM ET,STL,2.57
SP,Alex Reyes (19017286),Alex Reyes,19017286,P,4000,STL@MIL 09/04/2021 07:10PM ET,STL,3.76
RP,T.J. McFarland (19017290),T.J. McFarland,19017290,P,4000,STL@MIL 09/04/2021 07:10PM ET,STL,3.30
RP,Brandon Dickson (19017293),Brandon Dickson,19017293,P,4000,STL@MIL 09/04/2021 07:10PM ET,STL,-1.25
RP,Jordan Hicks (19017301),Jordan Hicks,19017301,P,4000,STL@MIL 09/04/2021 07:10PM ET,STL,2.15
SP,Angel Rondon (19017328),Angel Rondon,19017328,P,4000,STL@MIL 09/04/2021 07:10PM ET,STL,2.65
RP,Blaine Hardy (19017329),Blaine Hardy,19017329,P,4000,STL@MIL 09/04/2021 07:10PM ET,MIL,-2.15
RP,Tyler Clippard (19017015),Tyler Clippard,19017015,P,4000,SEA@ARI 09/04/2021 08:10PM ET,ARI,3.08
RP,Taylor Clarke (19017019),Taylor Clarke,19017019,P,4000,SEA@ARI 09/04/2021 08:10PM ET,ARI,2.37
RP,Humberto Castellanos (19017023),Humberto Castellanos,19017023,P,4000,SEA@ARI 09/04/2021 08:10PM ET,ARI,5.81
SP,Anthony Misiewicz (19017055),Anthony Misiewicz,19017055,P,4000,SEA@ARI 09/04/2021 08:10PM ET,SEA,2.52
RP,Paul Sewald (19017059),Paul Sewald,19017059,P,4000,SEA@ARI 09/04/2021 08:10PM ET,SEA,5.30
RP,Ty Tice (19017067),Ty Tice,19017067,P,4000,SEA@ARI 09/04/2021 08:10PM ET,ARI,2.48
RP,Luis Frias (19017078),Luis Frias,19017078,P,4000,SEA@ARI 09/04/2021 08:10PM ET,ARI,0
RP,J.B. Wendelken (19017079),J.B. Wendelken,19017079,P,4000,SEA@ARI 09/04/2021 08:10PM ET,ARI,2.28
RP,Noe Ramirez (19017083),Noe Ramirez,19017083,P,4000,SEA@ARI 09/04/2021 08:10PM ET,ARI,2.05
RP,Sean Poppen (19017104),Sean Poppen,19017104,P,4000,SEA@ARI 09/04/2021 08:10PM ET,ARI,2.14
RP,Kevin Ginkel (19017115),Kevin Ginkel,19017115,P,4000,SEA@ARI 09/04/2021 08:10PM ET,ARI,1.82
RP,Andres Munoz (19017116),Andres Munoz,19017116,P,4000,SEA@ARI 09/04/2021 08:10PM ET,SEA,0
RP,Daniel Zamora (19017122),Daniel Zamora,19017122,P,4000,SEA@ARI 09/04/2021 08:10PM ET,SEA,3.54
RP,Sean Doolittle (19017125),Sean Doolittle,19017125,P,4000,SEA@ARI 09/04/2021 08:10PM ET,SEA,2.29
RP,Ryan Buchter (19017143),Ryan Buchter,19017143,P,4000,SEA@ARI 09/04/2021 08:10PM ET,ARI,1.45
RP,Yohan Ramirez (19017156),Yohan Ramirez,19017156,P,4000,SEA@ARI 09/04/2021 08:10PM ET,SEA,4.63
RP,Joe Mantiply (19017161),Joe Mantiply,19017161,P,4000,SEA@ARI 09/04/2021 08:10PM ET,ARI,1.58
RP,Drew Steckenrider (19017164),Drew Steckenrider,19017164,P,4000,SEA@ARI 09/04/2021 08:10PM ET,SEA,3.75
RP,Taylor Guilbeau (19017166),Taylor Guilbeau,19017166,P,4000,SEA@ARI 09/04/2021 08:10PM ET,ARI,0
RP,Chris Devenski (19017175),Chris Devenski,19017175,P,4000,SEA@ARI 09/04/2021 08:10PM ET,ARI,1.01
RP,Ken Giles (19017183),Ken Giles,19017183,P,4000,SEA@ARI 09/04/2021 08:10PM ET,SEA,0
RP,Jimmy Yacabonis (19017186),Jimmy Yacabonis,19017186,P,4000,SEA@ARI 09/04/2021 08:10PM ET,SEA,0
RP,Casey Sadler (19017205),Casey Sadler,19017205,P,4000,SEA@ARI 09/04/2021 08:10PM ET,SEA,3.09
RP,Jordan Weems (19017219),Jordan Weems,19017219,P,4000,SEA@ARI 09/04/2021 08:10PM ET,ARI,-0.15
RP,Joey Gerber (19017245),Joey Gerber,19017245,P,4000,SEA@ARI 09/04/2021 08:10PM ET,SEA,0
SP,Josh Green (19017247),Josh Green,19017247,P,4000,SEA@ARI 09/04/2021 08:10PM ET,ARI,0
RP,Joe Smith (19017262),Joe Smith,19017262,P,4000,SEA@ARI 09/04/2021 08:10PM ET,SEA,1.49
SP,J.B. Bukauskas (19017275),J.B. Bukauskas,19017275,P,4000,SEA@ARI 09/04/2021 08:10PM ET,ARI,1.26
RP,Diego Castillo (19017318),Diego Castillo,19017318,P,4000,SEA@ARI 09/04/2021 08:10PM ET,SEA,3.53
RP,Stefan Crichton (19017321),Stefan Crichton,19017321,P,4000,SEA@ARI 09/04/2021 08:10PM ET,ARI,0.62
RP,Miguel Aguilar (19017332),Miguel Aguilar,19017332,P,4000,SEA@ARI 09/04/2021 08:10PM ET,ARI,1.18
RP,Brett de Geus (19017336),Brett de Geus,19017336,P,4000,SEA@ARI 09/04/2021 08:10PM ET,ARI,1.59
RP,Wyatt Mills (19017342),Wyatt Mills,19017342,P,4000,SEA@ARI 09/04/2021 08:10PM ET,SEA,0.57
RP,Aaron Fletcher (19017350),Aaron Fletcher,19017350,P,4000,SEA@ARI 09/04/2021 08:10PM ET,SEA,-0.64
RP,Justin Lawrence (19017062),Justin Lawrence,19017062,P,4000,ATL@COL 09/04/2021 08:10PM ET,COL,1.03
RP,Richard Rodriguez (19017064),Richard Rodriguez,19017064,P,4000,ATL@COL 09/04/2021 08:10PM ET,ATL,2.99
SP,Freddy Tarnok (19017066),Freddy Tarnok,19017066,P,4000,ATL@COL 09/04/2021 08:10PM ET,ATL,0
RP,Scott Oberg (19017073),Scott Oberg,19017073,P,4000,ATL@COL 09/04/2021 08:10PM ET,COL,0
RP,Jay Flaa (19017088),Jay Flaa,19017088,P,4000,ATL@COL 09/04/2021 08:10PM ET,ATL,0.2
RP,Yoan Aybar (19017092),Yoan Aybar,19017092,P,4000,ATL@COL 09/04/2021 08:10PM ET,COL,0
RP,Will Smith (19017101),Will Smith,19017101,P,4000,ATL@COL 09/04/2021 08:10PM ET,ATL,3.21
RP,Luke Jackson (19017102),Luke Jackson,19017102,P,4000,ATL@COL 09/04/2021 08:10PM ET,ATL,2.88
RP,Tommy Doyle (19017103),Tommy Doyle,19017103,P,4000,ATL@COL 09/04/2021 08:10PM ET,COL,0
RP,Grant Dayton (19017129),Grant Dayton,19017129,P,4000,ATL@COL 09/04/2021 08:10PM ET,ATL,2.05
RP,Ben Bowden (19017134),Ben Bowden,19017134,P,4000,ATL@COL 09/04/2021 08:10PM ET,COL,2.34
RP,Yoan Lopez (19017135),Yoan Lopez,19017135,P,4000,ATL@COL 09/04/2021 08:10PM ET,ATL,1.64
RP,Jacob Webb (19017150),Jacob Webb,19017150,P,4000,ATL@COL 09/04/2021 08:10PM ET,ATL,3.08
RP,Daniel Bard (19017152),Daniel Bard,19017152,P,4000,ATL@COL 09/04/2021 08:10PM ET,COL,2.96
RP,Chris Martin (19017163),Chris Martin,19017163,P,4000,ATL@COL 09/04/2021 08:10PM ET,ATL,2.00
RP,Jesus Tinoco (19017168),Jesus Tinoco,19017168,P,4000,ATL@COL 09/04/2021 08:10PM ET,COL,-11.2
RP,Jesse Biddle (19017173),Jesse Biddle,19017173,P,4000,ATL@COL 09/04/2021 08:10PM ET,ATL,1.75
RP,Jose Mujica (19017184),Jose Mujica,19017184,P,4000,ATL@COL 09/04/2021 08:10PM ET,COL,0
RP,Zac Rosscup (19017187),Zac Rosscup,19017187,P,4000,ATL@COL 09/04/2021 08:10PM ET,COL,2.44
SP,Robert Stephenson (19017189),Robert Stephenson,19017189,P,4000,ATL@COL 09/04/2021 08:10PM ET,COL,2.73
RP,Edgar Santana (19017191),Edgar Santana,19017191,P,4000,ATL@COL 09/04/2021 08:10PM ET,ATL,2.82
RP,Julian Fernandez (19017193),Julian Fernandez,19017193,P,4000,ATL@COL 09/04/2021 08:10PM ET,COL,0
RP,Thomas Burrows (19017224),Thomas Burrows,19017224,P,4000,ATL@COL 09/04/2021 08:10PM ET,ATL,0
SP,Helcris Olivarez (19017230),Helcris Olivarez,19017230,P,4000,ATL@COL 09/04/2021 08:10PM ET,COL,0
RP,Bernardo Flores Jr. (19017233),Bernardo Flores Jr.,19017233,P,4000,ATL@COL 09/04/2021 08:10PM ET,COL,-3.8
SP,Ryan Rolison (19017234),Ryan Rolison,19017234,P,4000,ATL@COL 09/04/2021 08:10PM ET,COL,0
RP,Jasseel De La Cruz (19017243),Jasseel De La Cruz,19017243,P,4000,ATL@COL 09/04/2021 08:10PM ET,ATL,0
RP,Yency Almonte (19017252),Yency Almonte,19017252,P,4000,ATL@COL 09/04/2021 08:10PM ET,COL,1.32
RP,Jairo Diaz (19017272),Jairo Diaz,19017272,P,4000,ATL@COL 09/04/2021 08:10PM ET,COL,0
RP,Victor Arano (19017273),Victor Arano,19017273,P,4000,ATL@COL 09/04/2021 08:10PM ET,ATL,0
SP,Tyler Matzek (19017284),Tyler Matzek,19017284,P,4000,ATL@COL 09/04/2021 08:10PM ET,ATL,3.32
RP,Carlos Estevez (19017292),Carlos Estevez,19017292,P,4000,ATL@COL 09/04/2021 08:10PM ET,COL,2.66
RP,Ashton Goudeau (19017310),Ashton Goudeau,19017310,P,4000,ATL@COL 09/04/2021 08:10PM ET,COL,3.28
SP,Jordan Sheffield (19017314),Jordan Sheffield,19017314,P,4000,ATL@COL 09/04/2021 08:10PM ET,COL,2.57
SP,Dereck Rodriguez (19017315),Dereck Rodriguez,19017315,P,4000,ATL@COL 09/04/2021 08:10PM ET,COL,0
RP,Tyler Kinley (19017319),Tyler Kinley,19017319,P,4000,ATL@COL 09/04/2021 08:10PM ET,COL,2.48
SP,Antonio Santos (19017325),Antonio Santos,19017325,P,4000,ATL@COL 09/04/2021 08:10PM ET,COL,3.59
SP,Peter Lambert (19017351),Peter Lambert,19017351,P,4000,ATL@COL 09/04/2021 08:10PM ET,COL,0
OF,Trent Grisham (19016353),Trent Grisham,19016353,OF,4000,HOU@SD 09/04/2021 08:40PM ET,SD,7.51
SP,Josh James (19017012),Josh James,19017012,P,4000,HOU@SD 09/04/2021 08:40PM ET,HOU,0
RP,Brandon Bielak (19017013),Brandon Bielak,19017013,P,4000,HOU@SD 09/04/2021 08:40PM ET,HOU,3.71
SP,Kendall Graveman (19017018),Kendall Graveman,19017018,P,4000,HOU@SD 09/04/2021 08:40PM ET,HOU,4.20
RP,Phil Maton (19017022),Phil Maton,19017022,P,4000,HOU@SD 09/04/2021 08:40PM ET,HOU,3.59
RP,Javy Guerra (19017041),Javy Guerra,19017041,P,4000,HOU@SD 09/04/2021 08:40PM ET,SD,0
SP,Brett Conine (19017042),Brett Conine,19017042,P,4000,HOU@SD 09/04/2021 08:40PM ET,HOU,0
SP,Sam McWilliams (19017043),Sam McWilliams,19017043,P,4000,HOU@SD 09/04/2021 08:40PM ET,SD,0
RP,Riley Ferrell (19017044),Riley Ferrell,19017044,P,4000,HOU@SD 09/04/2021 08:40PM ET,HOU,0
RP,Francis Martes (19017053),Francis Martes,19017053,P,4000,HOU@SD 09/04/2021 08:40PM ET,HOU,0
RP,Hunter Brown (19017068),Hunter Brown,19017068,P,4000,HOU@SD 09/04/2021 08:40PM ET,HOU,0
RP,Brooks Raley (19017070),Brooks Raley,19017070,P,4000,HOU@SD 09/04/2021 08:40PM ET,HOU,2.59
RP,Jojanse Torres (19017076),Jojanse Torres,19017076,P,4000,HOU@SD 09/04/2021 08:40PM ET,HOU,0
SP,MacKenzie Gore (19017086),MacKenzie Gore,19017086,P,4000,HOU@SD 09/04/2021 08:40PM ET,SD,0
RP,Blair Henley (19017096),Blair Henley,19017096,P,4000,HOU@SD 09/04/2021 08:40PM ET,HOU,0
RP,Jose Alberto Rivera (19017097),Jose Alberto Rivera,19017097,P,4000,HOU@SD 09/04/2021 08:40PM ET,HOU,0
RP,Keone Kela (19017111),Keone Kela,19017111,P,4000,HOU@SD 09/04/2021 08:40PM ET,SD,3.13
RP,Aaron Northcraft (19017140),Aaron Northcraft,19017140,P,4000,HOU@SD 09/04/2021 08:40PM ET,SD,4.04
RP,Austin Adams (19017144),Austin Adams,19017144,P,4000,HOU@SD 09/04/2021 08:40PM ET,SD,2.94
RP,Daniel Hudson (19017148),Daniel Hudson,19017148,P,4000,HOU@SD 09/04/2021 08:40PM ET,SD,3.95
RP,Nick Ramirez (19017153),Nick Ramirez,19017153,P,4000,HOU@SD 09/04/2021 08:40PM ET,SD,2.60
RP,Parker Markel (19017157),Parker Markel,19017157,P,4000,HOU@SD 09/04/2021 08:40PM ET,SD,0
SP,Drew Pomeranz (19017160),Drew Pomeranz,19017160,P,4000,HOU@SD 09/04/2021 08:40PM ET,SD,3.49
RP,Ryan Pressly (19017176),Ryan Pressly,19017176,P,4000,HOU@SD 09/04/2021 08:40PM ET,HOU,4.34
RP,Tim Hill (19017201),Tim Hill,19017201,P,4000,HOU@SD 09/04/2021 08:40PM ET,SD,2.37
SP,Austin Hansen (19017204),Austin Hansen,19017204,P,4000,HOU@SD 09/04/2021 08:40PM ET,HOU,0
SP,Shawn Dubin (19017217),Shawn Dubin,19017217,P,4000,HOU@SD 09/04/2021 08:40PM ET,HOU,0
SP,Jairo Solis (19017235),Jairo Solis,19017235,P,4000,HOU@SD 09/04/2021 08:40PM ET,HOU,0
RP,Daniel Camarena (19017248),Daniel Camarena,19017248,P,4000,HOU@SD 09/04/2021 08:40PM ET,SD,1.33
RP,Peter Solomon (19017251),Peter Solomon,19017251,P,4000,HOU@SD 09/04/2021 08:40PM ET,HOU,2.58
RP,Trey Wingenter (19017270),Trey Wingenter,19017270,P,4000,HOU@SD 09/04/2021 08:40PM ET,SD,0
RP,Shaun Anderson (19017274),Shaun Anderson,19017274,P,4000,HOU@SD 09/04/2021 08:40PM ET,SD,1.17
RP,Emilio Pagan (19017278),Emilio Pagan,19017278,P,4000,HOU@SD 09/04/2021 08:40PM ET,SD,3.31
RP,Enoli Paredes (19017279),Enoli Paredes,19017279,P,4000,HOU@SD 09/04/2021 08:40PM ET,HOU,1.82
RP,Yimi Garcia (19017297),Yimi Garcia,19017297,P,4000,HOU@SD 09/04/2021 08:40PM ET,HOU,2.82
RP,Jose Castillo (19017304),Jose Castillo,19017304,P,4000,HOU@SD 09/04/2021 08:40PM ET,SD,0
RP,James Norwood (19017307),James Norwood,19017307,P,4000,HOU@SD 09/04/2021 08:40PM ET,SD,2.4
SP,Blake Taylor (19017312),Blake Taylor,19017312,P,4000,HOU@SD 09/04/2021 08:40PM ET,HOU,2.66
RP,Rafael Montero (19017322),Rafael Montero,19017322,P,4000,HOU@SD 09/04/2021 08:40PM ET,HOU,2.26
RP,Bryan Abreu (19017324),Bryan Abreu,19017324,P,4000,HOU@SD 09/04/2021 08:40PM ET,HOU,2.76
RP,Mark Melancon (19017327),Mark Melancon,19017327,P,4000,HOU@SD 09/04/2021 08:40PM ET,SD,3.26
RP,Taylor Williams (19017331),Taylor Williams,19017331,P,4000,HOU@SD 09/04/2021 08:40PM ET,SD,3.44
RP,Pedro Baez (19017337),Pedro Baez,19017337,P,4000,HOU@SD 09/04/2021 08:40PM ET,HOU,3.99
RP,Andre Scrubb (19017343),Andre Scrubb,19017343,P,4000,HOU@SD 09/04/2021 08:40PM ET,HOU,2.82
RP,Ryne Stanek (19017344),Ryne Stanek,19017344,P,4000,HOU@SD 09/04/2021 08:40PM ET,HOU,3.06
RP,Dan Altavilla (19017358),Dan Altavilla,19017358,P,4000,HOU@SD 09/04/2021 08:40PM ET,SD,2.2
C,Will Smith (19016354),Will Smith,19016354,C,4000,LAD@SF 09/04/2021 09:05PM ET,LAD,7.88
RP,Joe Kelly (19017020),Joe Kelly,19017020,P,4000,LAD@SF 09/04/2021 09:05PM ET,LAD,3.03
RP,Victor Gonzalez (19017027),Victor Gonzalez,19017027,P,4000,LAD@SF 09/04/2021 09:05PM ET,LAD,2.21
RP,Brusdar Graterol (19017032),Brusdar Graterol,19017032,P,4000,LAD@SF 09/04/2021 09:05PM ET,LAD,2.84
RP,Justin Bruihl (19017033),Justin Bruihl,19017033,P,4000,LAD@SF 09/04/2021 09:05PM ET,LAD,2.51
RP,Corey Knebel (19017034),Corey Knebel,19017034,P,4000,LAD@SF 09/04/2021 09:05PM ET,LAD,3.45
SP,Jimmy Nelson (19017035),Jimmy Nelson,19017035,P,4000,LAD@SF 09/04/2021 09:05PM ET,LAD,4.52
RP,Darien Nunez (19017036),Darien Nunez,19017036,P,4000,LAD@SF 09/04/2021 09:05PM ET,LAD,2.01
SP,Gregory Santos (19017049),Gregory Santos,19017049,P,4000,LAD@SF 09/04/2021 09:05PM ET,SF,-1.23
SP,Michael Grove (19017052),Michael Grove,19017052,P,4000,LAD@SF 09/04/2021 09:05PM ET,LAD,0
SP,Tristan Beck (19017060),Tristan Beck,19017060,P,4000,LAD@SF 09/04/2021 09:05PM ET,SF,0
RP,Tyler Cyr (19017061),Tyler Cyr,19017061,P,4000,LAD@SF 09/04/2021 09:05PM ET,SF,0
RP,Andre Jackson (19017074),Andre Jackson,19017074,P,4000,LAD@SF 09/04/2021 09:05PM ET,LAD,12.15
RP,Rico Garcia (19017075),Rico Garcia,19017075,P,4000,LAD@SF 09/04/2021 09:05PM ET,SF,0
RP,Camilo Doval (19017081),Camilo Doval,19017081,P,4000,LAD@SF 09/04/2021 09:05PM ET,SF,2.65
RP,Sam Wolff (19017085),Sam Wolff,19017085,P,4000,LAD@SF 09/04/2021 09:05PM ET,SF,0
RP,Silvino Bracho (19017087),Silvino Bracho,19017087,P,4000,LAD@SF 09/04/2021 09:05PM ET,SF,0
RP,Alex Vesia (19017094),Alex Vesia,19017094,P,4000,LAD@SF 09/04/2021 09:05PM ET,LAD,4.05
RP,Jimmie Sherfy (19017107),Jimmie Sherfy,19017107,P,4000,LAD@SF 09/04/2021 09:05PM ET,LAD,2.92
RP,Tyler Rogers (19017120),Tyler Rogers,19017120,P,4000,LAD@SF 09/04/2021 09:05PM ET,SF,2.90
RP,Yefry Ramirez (19017121),Yefry Ramirez,19017121,P,4000,LAD@SF 09/04/2021 09:05PM ET,LAD,7.9
RP,Daniel Alvarez (19017123),Daniel Alvarez,19017123,P,4000,LAD@SF 09/04/2021 09:05PM ET,SF,0
SP,Kendall Williams (19017127),Kendall Williams,19017127,P,4000,LAD@SF 09/04/2021 09:05PM ET,LAD,0
RP,Nick Tropeano (19017131),Nick Tropeano,19017131,P,4000,LAD@SF 09/04/2021 09:05PM ET,LAD,3.08
RP,Jarlin Garcia (19017132),Jarlin Garcia,19017132,P,4000,LAD@SF 09/04/2021 09:05PM ET,SF,4.57
RP,Dominic Leone (19017136),Dominic Leone,19017136,P,4000,LAD@SF 09/04/2021 09:05PM ET,SF,3.07
RP,Blake Treinen (19017146),Blake Treinen,19017146,P,4000,LAD@SF 09/04/2021 09:05PM ET,LAD,3.90
RP,Tommy Kahnle (19017155),Tommy Kahnle,19017155,P,4000,LAD@SF 09/04/2021 09:05PM ET,LAD,0
RP,Andrew Vasquez (19017172),Andrew Vasquez,19017172,P,4000,LAD@SF 09/04/2021 09:05PM ET,LAD,2.9
RP,Jake McGee (19017196),Jake McGee,19017196,P,4000,LAD@SF 09/04/2021 09:05PM ET,SF,3.18
RP,Philip Pfeifer (19017198),Philip Pfeifer,19017198,P,4000,LAD@SF 09/04/2021 09:05PM ET,SF,0
SP,Landon Knack (19017211),Landon Knack,19017211,P,4000,LAD@SF 09/04/2021 09:05PM ET,LAD,0
SP,Dedniel Nunez (19017216),Dedniel Nunez,19017216,P,4000,LAD@SF 09/04/2021 09:05PM ET,SF,0
RP,Sam Delaplane (19017218),Sam Delaplane,19017218,P,4000,LAD@SF 09/04/2021 09:05PM ET,SF,0
RP,Evan Phillips (19017220),Evan Phillips,19017220,P,4000,LAD@SF 09/04/2021 09:05PM ET,LAD,6.48
SP,Kervin Castro (19017226),Kervin Castro,19017226,P,4000,LAD@SF 09/04/2021 09:05PM ET,SF,0
RP,Bobby Miller (19017228),Bobby Miller,19017228,P,4000,LAD@SF 09/04/2021 09:05PM ET,LAD,0
SP,Ryan Pepiot (19017249),Ryan Pepiot,19017249,P,4000,LAD@SF 09/04/2021 09:05PM ET,LAD,0
RP,Nate Jones (19017258),Nate Jones,19017258,P,4000,LAD@SF 09/04/2021 09:05PM ET,LAD,1.47
RP,Shane Greene (19017264),Shane Greene,19017264,P,4000,LAD@SF 09/04/2021 09:05PM ET,LAD,1.28
RP,Phil Bickford (19017265),Phil Bickford,19017265,P,4000,LAD@SF 09/04/2021 09:05PM ET,LAD,3.30
RP,Jay Jackson (19017266),Jay Jackson,19017266,P,4000,LAD@SF 09/04/2021 09:05PM ET,SF,4.07
RP,Caleb Ferguson (19017269),Caleb Ferguson,19017269,P,4000,LAD@SF 09/04/2021 09:05PM ET,LAD,0
RP,Gerson Bautista (19017282),Gerson Bautista,19017282,P,4000,LAD@SF 09/04/2021 09:05PM ET,SF,0
RP,Neftali Feliz (19017283),Neftali Feliz,19017283,P,4000,LAD@SF 09/04/2021 09:05PM ET,LAD,-0.37
RP,Bobby Wahl (19017289),Bobby Wahl,19017289,P,4000,LAD@SF 09/04/2021 09:05PM ET,LAD,0
RP,Trevor Gott (19017291),Trevor Gott,19017291,P,4000,LAD@SF 09/04/2021 09:05PM ET,SF,0
RP,Trevor Hildenberger (19017294),Trevor Hildenberger,19017294,P,4000,LAD@SF 09/04/2021 09:05PM ET,SF,0.52
RP,Kevin Quackenbush (19017298),Kevin Quackenbush,19017298,P,4000,LAD@SF 09/04/2021 09:05PM ET,LAD,-1.05
RP,Kenley Jansen (19017309),Kenley Jansen,19017309,P,4000,LAD@SF 09/04/2021 09:05PM ET,LAD,3.54
RP,James Pazos (19017316),James Pazos,19017316,P,4000,LAD@SF 09/04/2021 09:05PM ET,LAD,0
SP,Tyler Beede (19017317),Tyler Beede,19017317,P,4000,LAD@SF 09/04/2021 09:05PM ET,SF,-1.55
RP,John Brebbia (19017330),John Brebbia,19017330,P,4000,LAD@SF 09/04/2021 09:05PM ET,SF,2.30
RP,Tony Watson (19017333),Tony Watson,19017333,P,4000,LAD@SF 09/04/2021 09:05PM ET,SF,2.44
RP,Jake Jewell (19017334),Jake Jewell,19017334,P,4000,LAD@SF 09/04/2021 09:05PM ET,LAD,0.67
RP,Reyes Moronta (19017339),Reyes Moronta,19017339,P,4000,LAD@SF 09/04/2021 09:05PM ET,SF,2.6
RP,Ryan Meisinger (19017340),Ryan Meisinger,19017340,P,4000,LAD@SF 09/04/2021 09:05PM ET,LAD,-0.16
RP,Garrett Cleavinger (19017349),Garrett Cleavinger,19017349,P,4000,LAD@SF 09/04/2021 09:05PM ET,LAD,2.67
RP,Scott Alexander (19017352),Scott Alexander,19017352,P,4000,LAD@SF 09/04/2021 09:05PM ET,LAD,1.58
SP,Jonathan Stiever (19017016),Jonathan Stiever,19017016,P,4000,CWS@KC 09/04/2021 07:10PM ET,CWS,-8.4
RP,Matt Foster (19017026),Matt Foster,19017026,P,4000,CWS@KC 09/04/2021 07:10PM ET,CWS,2.74
RP,Jose Ruiz (19017046),Jose Ruiz,19017046,P,4000,CWS@KC 09/04/2021 07:10PM ET,CWS,3.22
RP,Gabe Speier (19017050),Gabe Speier,19017050,P,4000,CWS@KC 09/04/2021 07:10PM ET,KC,0
SP,Kodi Medeiros (19017054),Kodi Medeiros,19017054,P,4000,CWS@KC 09/04/2021 07:10PM ET,CWS,0
RP,Tyler Johnson (19017057),Tyler Johnson,19017057,P,4000,CWS@KC 09/04/2021 07:10PM ET,CWS,0
RP,Jake Newberry (19017069),Jake Newberry,19017069,P,4000,CWS@KC 09/04/2021 07:10PM ET,KC,-1.01
RP,Domingo Tapia (19017084),Domingo Tapia,19017084,P,4000,CWS@KC 09/04/2021 07:10PM ET,KC,2.60
RP,Jace Fry (19017098),Jace Fry,19017098,P,4000,CWS@KC 09/04/2021 07:10PM ET,CWS,-0.55
RP,Aaron Bummer (19017106),Aaron Bummer,19017106,P,4000,CWS@KC 09/04/2021 07:10PM ET,CWS,2.97
RP,Alex McRae (19017108),Alex McRae,19017108,P,4000,CWS@KC 09/04/2021 07:10PM ET,CWS,1.05
RP,Connor Sadzeck (19017118),Connor Sadzeck,19017118,P,4000,CWS@KC 09/04/2021 07:10PM ET,CWS,0
RP,Garrett Crochet (19017124),Garrett Crochet,19017124,P,4000,CWS@KC 09/04/2021 07:10PM ET,CWS,4.04
RP,Tayron Guerrero (19017128),Tayron Guerrero,19017128,P,4000,CWS@KC 09/04/2021 07:10PM ET,CWS,0
RP,Kyle Crick (19017133),Kyle Crick,19017133,P,4000,CWS@KC 09/04/2021 07:10PM ET,CWS,2.00
RP,Evan Marshall (19017141),Evan Marshall,19017141,P,4000,CWS@KC 09/04/2021 07:10PM ET,CWS,2.09
RP,Anthony Swarzak (19017151),Anthony Swarzak,19017151,P,4000,CWS@KC 09/04/2021 07:10PM ET,KC,0.50
RP,Tyler Zuber (19017165),Tyler Zuber,19017165,P,4000,CWS@KC 09/04/2021 07:10PM ET,KC,1.54
SP,Angel Zerpa (19017167),Angel Zerpa,19017167,P,4000,CWS@KC 09/04/2021 07:10PM ET,KC,0
SP,Austin Cox (19017185),Austin Cox,19017185,P,4000,CWS@KC 09/04/2021 07:10PM ET,KC,0
SP,Scott Blewett (19017199),Scott Blewett,19017199,P,4000,CWS@KC 09/04/2021 07:10PM ET,KC,0
RP,Bennett Sousa (19017227),Bennett Sousa,19017227,P,4000,CWS@KC 09/04/2021 07:10PM ET,CWS,0
RP,Mike Wright (19017231),Mike Wright,19017231,P,4000,CWS@KC 09/04/2021 07:10PM ET,CWS,3.31
SP,Daniel Tillo (19017246),Daniel Tillo,19017246,P,4000,CWS@KC 09/04/2021 07:10PM ET,KC,0
SP,Jonathan Bowlan (19017250),Jonathan Bowlan,19017250,P,4000,CWS@KC 09/04/2021 07:10PM ET,KC,0
RP,Ryan Burr (19017253),Ryan Burr,19017253,P,4000,CWS@KC 09/04/2021 07:10PM ET,CWS,2.95
RP,Josh Staumont (19017254),Josh Staumont,19017254,P,4000,CWS@KC 09/04/2021 07:10PM ET,KC,3.53
SP,Jesse Hahn (19017255),Jesse Hahn,19017255,P,4000,CWS@KC 09/04/2021 07:10PM ET,KC,-0.5
RP,Joel Payamps (19017256),Joel Payamps,19017256,P,4000,CWS@KC 09/04/2021 07:10PM ET,KC,3.31
RP,Richard Lovelady (19017267),Richard Lovelady,19017267,P,4000,CWS@KC 09/04/2021 07:10PM ET,KC,3.54
RP,Jimmy Cordero (19017277),Jimmy Cordero,19017277,P,4000,CWS@KC 09/04/2021 07:10PM ET,CWS,0
RP,Greg Holland (19017280),Greg Holland,19017280,P,4000,CWS@KC 09/04/2021 07:10PM ET,KC,2.09
RP,CJ Edwards (19017295),CJ Edwards,19017295,P,4000,CWS@KC 09/04/2021 07:10PM ET,CWS,0.34
RP,Craig Kimbrel (19017300),Craig Kimbrel,19017300,P,4000,CWS@KC 09/04/2021 07:10PM ET,CWS,4.51
RP,Ryan Tepera (19017303),Ryan Tepera,19017303,P,4000,CWS@KC 09/04/2021 07:10PM ET,CWS,3.36
RP,Scott Barlow (19017306),Scott Barlow,19017306,P,4000,CWS@KC 09/04/2021 07:10PM ET,KC,3.88
SP,Eric Skoglund (19017313),Eric Skoglund,19017313,P,4000,CWS@KC 09/04/2021 07:10PM ET,KC,0
SP,Nik Turley (19017320),Nik Turley,19017320,P,4000,CWS@KC 09/04/2021 07:10PM ET,CWS,0
RP,Wade Davis (19017355),Wade Davis,19017355,P,4000,CWS@KC 09/04/2021 07:10PM ET,KC,1.69
RP,Jake Brentz (19017356),Jake Brentz,19017356,P,4000,CWS@KC 09/04/2021 07:10PM ET,KC,3.02
RP,Liam Hendriks (19017357),Liam Hendriks,19017357,P,4000,CWS@KC 09/04/2021 07:10PM ET,CWS,5.02
SP,Kyle Cody (19017017),Kyle Cody,19017017,P,4000,TEX@LAA 09/04/2021 09:07PM ET,TEX,2.99
RP,Drew Anderson (19017024),Drew Anderson,19017024,P,4000,TEX@LAA 09/04/2021 09:07PM ET,TEX,1.99
RP,Jimmy Herget (19017025),Jimmy Herget,19017025,P,4000,TEX@LAA 09/04/2021 09:07PM ET,LAA,2.51
RP,Mike Mayers (19017029),Mike Mayers,19017029,P,4000,TEX@LAA 09/04/2021 09:07PM ET,LAA,3.24
RP,Tyson Miller (19017037),Tyson Miller,19017037,P,4000,TEX@LAA 09/04/2021 09:07PM ET,TEX,0
RP,Ben Rowen (19017038),Ben Rowen,19017038,P,4000,TEX@LAA 09/04/2021 09:07PM ET,LAA,2.24
RP,Jake Petricka (19017039),Jake Petricka,19017039,P,4000,TEX@LAA 09/04/2021 09:07PM ET,LAA,0.81
RP,Hector Yan (19017045),Hector Yan,19017045,P,4000,TEX@LAA 09/04/2021 09:07PM ET,LAA,0
RP,Kyle Tyler (19017047),Kyle Tyler,19017047,P,4000,TEX@LAA 09/04/2021 09:07PM ET,LAA,0
RP,Josh Sborz (19017090),Josh Sborz,19017090,P,4000,TEX@LAA 09/04/2021 09:07PM ET,TEX,2.77
SP,Brock Burke (19017091),Brock Burke,19017091,P,4000,TEX@LAA 09/04/2021 09:07PM ET,TEX,0
SP,Alex Speas (19017093),Alex Speas,19017093,P,4000,TEX@LAA 09/04/2021 09:07PM ET,TEX,0
RP,Luis Ortiz (19017095),Luis Ortiz,19017095,P,4000,TEX@LAA 09/04/2021 09:07PM ET,TEX,0
SP,Jake Latz (19017099),Jake Latz,19017099,P,4000,TEX@LAA 09/04/2021 09:07PM ET,TEX,9.5
RP,Hunter Wood (19017100),Hunter Wood,19017100,P,4000,TEX@LAA 09/04/2021 09:07PM ET,TEX,2.97
RP,Steve Cishek (19017112),Steve Cishek,19017112,P,4000,TEX@LAA 09/04/2021 09:07PM ET,LAA,2.30
RP,Nick Snyder (19017114),Nick Snyder,19017114,P,4000,TEX@LAA 09/04/2021 09:07PM ET,TEX,0.66
SP,Jharel Cotton (19017119),Jharel Cotton,19017119,P,4000,TEX@LAA 09/04/2021 09:07PM ET,TEX,3.10
RP,John King (19017145),John King,19017145,P,4000,TEX@LAA 09/04/2021 09:07PM ET,TEX,5.23
RP,Raisel Iglesias (19017147),Raisel Iglesias,19017147,P,4000,TEX@LAA 09/04/2021 09:07PM ET,LAA,5.04
RP,Luke Bard (19017154),Luke Bard,19017154,P,4000,TEX@LAA 09/04/2021 09:07PM ET,LAA,0
RP,Felix Pena (19017162),Felix Pena,19017162,P,4000,TEX@LAA 09/04/2021 09:07PM ET,LAA,-6.42
RP,Joe Palumbo (19017169),Joe Palumbo,19017169,P,4000,TEX@LAA 09/04/2021 09:07PM ET,TEX,0
RP,Jose Quijada (19017174),Jose Quijada,19017174,P,4000,TEX@LAA 09/04/2021 09:07PM ET,LAA,3.10
SP,Denny Brady (19017195),Denny Brady,19017195,P,4000,TEX@LAA 09/04/2021 09:07PM ET,LAA,0
RP,Yerry Rodriguez (19017202),Yerry Rodriguez,19017202,P,4000,TEX@LAA 09/04/2021 09:07PM ET,TEX,0
SP,Cooper Criswell (19017207),Cooper Criswell,19017207,P,4000,TEX@LAA 09/04/2021 09:07PM ET,LAA,-6.6
RP,Janson Junk (19017209),Janson Junk,19017209,P,4000,TEX@LAA 09/04/2021 09:07PM ET,LAA,0
RP,Spencer Patton (19017210),Spencer Patton,19017210,P,4000,TEX@LAA 09/04/2021 09:07PM ET,TEX,3.04
RP,Oliver Ortega (19017213),Oliver Ortega,19017213,P,4000,TEX@LAA 09/04/2021 09:07PM ET,LAA,0
RP,Austin Warren (19017215),Austin Warren,19017215,P,4000,TEX@LAA 09/04/2021 09:07PM ET,LAA,5.31
RP,Brett Martin (19017232),Brett Martin,19017232,P,4000,TEX@LAA 09/04/2021 09:07PM ET,TEX,2.15
SP,Jason Bahr (19017236),Jason Bahr,19017236,P,4000,TEX@LAA 09/04/2021 09:07PM ET,TEX,0
RP,Jose Marte (19017238),Jose Marte,19017238,P,4000,TEX@LAA 09/04/2021 09:07PM ET,LAA,11.9
RP,Joe Gatto (19017239),Joe Gatto,19017239,P,4000,TEX@LAA 09/04/2021 09:07PM ET,TEX,0
RP,Dennis Santana (19017257),Dennis Santana,19017257,P,4000,TEX@LAA 09/04/2021 09:07PM ET,TEX,1.86
RP,Sam Selman (19017285),Sam Selman,19017285,P,4000,TEX@LAA 09/04/2021 09:07PM ET,LAA,2.22
RP,Demarcus Evans (19017288),Demarcus Evans,19017288,P,4000,TEX@LAA 09/04/2021 09:07PM ET,TEX,2.95
RP,Matt Bush (19017302),Matt Bush,19017302,P,4000,TEX@LAA 09/04/2021 09:07PM ET,TEX,1.92
RP,Gerardo Reyes (19017311),Gerardo Reyes,19017311,P,4000,TEX@LAA 09/04/2021 09:07PM ET,LAA,0
RP,Buck Farmer (19017326),Buck Farmer,19017326,P,4000,TEX@LAA 09/04/2021 09:07PM ET,TEX,1.78
RP,Joe Barlow (19017338),Joe Barlow,19017338,P,4000,TEX@LAA 09/04/2021 09:07PM ET,TEX,3.35
RP,Elvis Peguero (19017341),Elvis Peguero,19017341,P,4000,TEX@LAA 09/04/2021 09:07PM ET,LAA,-7.82
RP,Andrew Wantz (19017345),Andrew Wantz,19017345,P,4000,TEX@LAA 09/04/2021 09:07PM ET,LAA,5.74
RP,Jose Leclerc (19017346),Jose Leclerc,19017346,P,4000,TEX@LAA 09/04/2021 09:07PM ET,TEX,0
RP,Thomas Pannone (19017347),Thomas Pannone,19017347,P,4000,TEX@LAA 09/04/2021 09:07PM ET,LAA,0
RP,James Hoyt (19017353),James Hoyt,19017353,P,4000,TEX@LAA 09/04/2021 09:07PM ET,LAA,1.71
RP,Jonathan Hernandez (19017354),Jonathan Hernandez,19017354,P,4000,TEX@LAA 09/04/2021 09:07PM ET,TEX,0
OF,Tyler O'Neill (19016355),Tyler O'Neill,19016355,OF,3900,STL@MIL 09/04/2021 07:10PM ET,STL,7.97
2B,Abraham Toro (19016358),Abraham Toro,19016358,2B,3900,SEA@ARI 09/04/2021 08:10PM ET,SEA,7
SS,J.P. Crawford (19016359),J.P. Crawford,19016359,SS,3900,SEA@ARI 09/04/2021 08:10PM ET,SEA,6.26
OF,Chris Taylor (19016357),Chris Taylor,19016357,OF,3900,LAD@SF 09/04/2021 09:05PM ET,LAD,8.40
SS,Isiah Kiner-Falefa (19016356),Isiah Kiner-Falefa,19016356,SS,3900,TEX@LAA 09/04/2021 09:07PM ET,TEX,6.62
OF,Michael Lorenzen (19016363),Michael Lorenzen,19016363,OF,3800,DET@CIN 09/04/2021 07:10PM ET,CIN,2.73
C,Omar Narvaez (19016361),Omar Narvaez,19016361,C,3800,STL@MIL 09/04/2021 07:10PM ET,MIL,6.48
3B/SS,Luis Urias (19016365),Luis Urias,19016365,3B/SS,3800,STL@MIL 09/04/2021 07:10PM ET,MIL,6.96
C,Luis Torrens (19016364),Luis Torrens,19016364,C,3800,SEA@ARI 09/04/2021 08:10PM ET,SEA,5.95
OF,Jorge Soler (19016360),Jorge Soler,19016360,OF,3800,ATL@COL 09/04/2021 08:10PM ET,ATL,6.48
OF,Adam Engel (19016362),Adam Engel,19016362,OF,3800,CWS@KC 09/04/2021 07:10PM ET,CWS,8.42
OF,Akil Baddoo (19016367),Akil Baddoo,19016367,OF,3700,DET@CIN 09/04/2021 07:10PM ET,DET,7.21
C,Yadier Molina (19016373),Yadier Molina,19016373,C,3700,STL@MIL 09/04/2021 07:10PM ET,STL,6.07
C,Dom Nunez (19016368),Dom Nunez,19016368,C,3700,ATL@COL 09/04/2021 08:10PM ET,COL,5.37
OF,Marcell Ozuna (19016369),Marcell Ozuna,19016369,OF,3700,ATL@COL 09/04/2021 08:10PM ET,ATL,6.56
C,Travis d'Arnaud (19016372),Travis d'Arnaud,19016372,C,3700,ATL@COL 09/04/2021 08:10PM ET,ATL,5.69
1B/3B,Wyatt Mathisen (19016375),Wyatt Mathisen,19016375,1B/3B,3700,LAD@SF 09/04/2021 09:05PM ET,SF,2.61
1B/OF,Gavin Sheets (19016370),Gavin Sheets,19016370,1B/OF,3700,CWS@KC 09/04/2021 07:10PM ET,CWS,7.13
SS,Nicky Lopez (19016374),Nicky Lopez,19016374,SS,3700,CWS@KC 09/04/2021 07:10PM ET,KC,6.10
OF,Avisail Garcia (19016378),Avisail Garcia,19016378,OF,3600,STL@MIL 09/04/2021 07:10PM ET,MIL,7.86
2B,Kolten Wong (19016384),Kolten Wong,19016384,2B,3600,STL@MIL 09/04/2021 07:10PM ET,MIL,7.89
1B/OF,Pavin Smith (19016381),Pavin Smith,19016381,1B/OF,3600,SEA@ARI 09/04/2021 08:10PM ET,ARI,6.38
OF,Raimel Tapia (19016383),Raimel Tapia,19016383,OF,3600,ATL@COL 09/04/2021 08:10PM ET,COL,7.37
3B/OF,Aledmys Diaz (19016385),Aledmys Diaz,19016385,3B/OF,3600,HOU@SD 09/04/2021 08:40PM ET,HOU,6.94
C,Buster Posey (19016380),Buster Posey,19016380,C,3600,LAD@SF 09/04/2021 09:05PM ET,SF,7.96
2B,Cesar Hernandez (19016377),Cesar Hernandez,19016377,2B,3600,CWS@KC 09/04/2021 07:10PM ET,CWS,7.01
OF,Brian Goodwin (19016387),Brian Goodwin,19016387,OF,3600,CWS@KC 09/04/2021 07:10PM ET,CWS,6.32
OF,Adolis Garcia (19016379),Adolis Garcia,19016379,OF,3600,TEX@LAA 09/04/2021 09:07PM ET,TEX,8.22
1B,Nathaniel Lowe (19016388),Nathaniel Lowe,19016388,1B,3600,TEX@LAA 09/04/2021 09:07PM ET,TEX,6.96
OF/SS,Niko Goodrum (19016392),Niko Goodrum,19016392,SS/OF,3500,DET@CIN 09/04/2021 07:10PM ET,DET,6.25
C,Stephen Vogt (19016390),Stephen Vogt,19016390,C,3500,ATL@COL 09/04/2021 08:10PM ET,ATL,4.11
2B/3B,Rio Ruiz (19016394),Rio Ruiz,19016394,2B/3B,3500,ATL@COL 09/04/2021 08:10PM ET,COL,3.64
OF,AJ Pollock (19016389),AJ Pollock,19016389,OF,3500,LAD@SF 09/04/2021 09:05PM ET,LAD,7.45
3B,Evan Longoria (19016391),Evan Longoria,19016391,3B,3500,LAD@SF 09/04/2021 09:05PM ET,SF,7.59
C,William Contreras (19016397),William Contreras,19016397,C,3400,ATL@COL 09/04/2021 08:10PM ET,ATL,5.54
2B,Adam Frazier (19016404),Adam Frazier,19016404,2B,3400,HOU@SD 09/04/2021 08:40PM ET,SD,7.01
OF,Mike Yastrzemski (19016398),Mike Yastrzemski,19016398,OF,3400,LAD@SF 09/04/2021 09:05PM ET,SF,7.10
C,Yermin Mercedes (19016396),Yermin Mercedes,19016396,C,3400,CWS@KC 09/04/2021 07:10PM ET,CWS,6.22
3B,Emmanuel Rivera (19016400),Emmanuel Rivera,19016400,3B,3400,CWS@KC 09/04/2021 07:10PM ET,KC,5.15
OF,Andrew Benintendi (19016401),Andrew Benintendi,19016401,OF,3400,CWS@KC 09/04/2021 07:10PM ET,KC,6.77
OF/SS,Leury Garcia (19016402),Leury Garcia,19016402,SS/OF,3400,CWS@KC 09/04/2021 07:10PM ET,CWS,5.9
C,Sam Huff (19016399),Sam Huff,19016399,C,3400,TEX@LAA 09/04/2021 09:07PM ET,TEX,0
1B/3B,Asdrubal Cabrera (19016405),Asdrubal Cabrera,19016405,1B/3B,3300,DET@CIN 09/04/2021 07:10PM ET,CIN,5.48
SS,Zack Short (19016411),Zack Short,19016411,SS,3300,DET@CIN 09/04/2021 07:10PM ET,DET,4.20
SS,Kyle Farmer (19016412),Kyle Farmer,19016412,SS,3300,DET@CIN 09/04/2021 07:10PM ET,CIN,5.81
1B,Keston Hiura (19016409),Keston Hiura,19016409,1B,3300,STL@MIL 09/04/2021 07:10PM ET,MIL,4.32
OF,David Peralta (19016408),David Peralta,19016408,OF,3300,SEA@ARI 09/04/2021 08:10PM ET,ARI,5.89
1B/C,Jacob Nottingham (19016413),Jacob Nottingham,19016413,C/1B,3300,SEA@ARI 09/04/2021 08:10PM ET,SEA,4.73
OF,Joc Pederson (19016410),Joc Pederson,19016410,OF,3300,ATL@COL 09/04/2021 08:10PM ET,ATL,6.36
OF,Wil Myers (19016407),Wil Myers,19016407,OF,3300,HOU@SD 09/04/2021 08:40PM ET,SD,6.47
C,Dustin Garneau (19016417),Dustin Garneau,19016417,C,3200,DET@CIN 09/04/2021 07:10PM ET,DET,7.75
OF,Dylan Carlson (19016418),Dylan Carlson,19016418,OF,3200,STL@MIL 09/04/2021 07:10PM ET,STL,7.16
OF,Cody Bellinger (19016416),Cody Bellinger,19016416,OF,3200,LAD@SF 09/04/2021 09:05PM ET,LAD,5.53
OF,LaMonte Wade Jr. (19016421),LaMonte Wade Jr.,19016421,OF,3200,LAD@SF 09/04/2021 09:05PM ET,SF,7.06
1B/OF,Ryan O'Hearn (19016419),Ryan O'Hearn,19016419,1B/OF,3200,CWS@KC 09/04/2021 07:10PM ET,KC,4.81
2B,David Fletcher (19016415),David Fletcher,19016415,2B,3200,TEX@LAA 09/04/2021 09:07PM ET,LAA,6.75
C,Jake Rogers (19016424),Jake Rogers,19016424,C,3100,DET@CIN 09/04/2021 07:10PM ET,DET,6.43
1B,Miguel Cabrera (19016426),Miguel Cabrera,19016426,1B,3100,DET@CIN 09/04/2021 07:10PM ET,DET,6.67
OF,Aristides Aquino (19016429),Aristides Aquino,19016429,OF,3100,DET@CIN 09/04/2021 07:10PM ET,CIN,4.24
SS,Nick Ahmed (19016422),Nick Ahmed,19016422,SS,3100,SEA@ARI 09/04/2021 08:10PM ET,ARI,5.28
SS,Geraldo Perdomo (19016425),Geraldo Perdomo,19016425,SS,3100,SEA@ARI 09/04/2021 08:10PM ET,ARI,2.75
OF,Eddie Rosario (19016423),Eddie Rosario,19016423,OF,3100,ATL@COL 09/04/2021 08:10PM ET,ATL,7.02
1B/3B,Wilmer Flores (19016427),Wilmer Flores,19016427,1B/3B,3100,LAD@SF 09/04/2021 09:05PM ET,SF,5.67
1B/OF,Darin Ruf (19016431),Darin Ruf,19016431,1B/OF,3100,LAD@SF 09/04/2021 09:05PM ET,SF,5.42
3B,Jake Burger (19016430),Jake Burger,19016430,3B,3100,CWS@KC 09/04/2021 07:10PM ET,CWS,4.8
2B/OF,Willi Castro (19016439),Willi Castro,19016439,2B/OF,3000,DET@CIN 09/04/2021 07:10PM ET,DET,5.73
1B,Christian Walker (19016441),Christian Walker,19016441,1B,3000,SEA@ARI 09/04/2021 08:10PM ET,ARI,6.03
1B,Eric Hosmer (19016434),Eric Hosmer,19016434,1B,3000,HOU@SD 09/04/2021 08:40PM ET,SD,6.33
2B/OF,Zach McKinstry (19016436),Zach McKinstry,19016436,2B/OF,3000,LAD@SF 09/04/2021 09:05PM ET,LAD,4.87
2B,Tommy La Stella (19016442),Tommy La Stella,19016442,2B,3000,LAD@SF 09/04/2021 09:05PM ET,SF,4.45
C,Seby Zavala (19016435),Seby Zavala,19016435,C,3000,CWS@KC 09/04/2021 07:10PM ET,CWS,5.03
OF,Edward Olivares (19016438),Edward Olivares,19016438,OF,3000,CWS@KC 09/04/2021 07:10PM ET,KC,5.48
C,Max Stassi (19016433),Max Stassi,19016433,C,3000,TEX@LAA 09/04/2021 09:07PM ET,LAA,6.91
OF,Tyler Naquin (19016443),Tyler Naquin,19016443,OF,2900,DET@CIN 09/04/2021 07:10PM ET,CIN,7.02
C,Tucker Barnhart (19016446),Tucker Barnhart,19016446,C,2900,DET@CIN 09/04/2021 07:10PM ET,CIN,5.65
C,Manny Pina (19016445),Manny Pina,19016445,C,2900,STL@MIL 09/04/2021 07:10PM ET,MIL,4.74
OF,Kole Calhoun (19016447),Kole Calhoun,19016447,OF,2900,SEA@ARI 09/04/2021 08:10PM ET,ARI,5.36
OF/SS,Dylan Moore (19016448),Dylan Moore,19016448,SS/OF,2900,SEA@ARI 09/04/2021 08:10PM ET,SEA,5.50
2B,Jason Kipnis (19016699),Jason Kipnis,19016699,2B,2900,ATL@COL 09/04/2021 08:10PM ET,ATL,0
C,Austin Nola (19016444),Austin Nola,19016444,C,2900,HOU@SD 09/04/2021 08:40PM ET,SD,5.31
1B,Carlos Santana (19016450),Carlos Santana,19016450,1B,2900,CWS@KC 09/04/2021 07:10PM ET,KC,6.68
OF,Derek Hill (19016452),Derek Hill,19016452,OF,2800,DET@CIN 09/04/2021 07:10PM ET,DET,5.92
OF,Abraham Almonte (19016453),Abraham Almonte,19016453,OF,2800,ATL@COL 09/04/2021 08:10PM ET,ATL,4.60
2B/OF,Garrett Hampson (19016459),Garrett Hampson,19016459,2B/OF,2800,ATL@COL 09/04/2021 08:10PM ET,COL,5.57
OF,Jake Marisnick (19016456),Jake Marisnick,19016456,OF,2800,HOU@SD 09/04/2021 08:40PM ET,SD,3.61
C,Victor Caratini (19016462),Victor Caratini,19016462,C,2800,HOU@SD 09/04/2021 08:40PM ET,SD,4.3
OF,Ryan McBroom (19016451),Ryan McBroom,19016451,OF,2800,CWS@KC 09/04/2021 07:10PM ET,KC,1.43
1B/OF,Andrew Vaughn (19016457),Andrew Vaughn,19016457,1B/OF,2800,CWS@KC 09/04/2021 07:10PM ET,CWS,6.26
3B/OF,Luis Rengifo (19016454),Luis Rengifo,19016454,3B/OF,2800,TEX@LAA 09/04/2021 09:07PM ET,LAA,3.39
3B,Phil Gosselin (19016461),Phil Gosselin,19016461,3B,2800,TEX@LAA 09/04/2021 09:07PM ET,LAA,5.64
OF,Daz Cameron (19016467),Daz Cameron,19016467,OF,2700,DET@CIN 09/04/2021 07:10PM ET,DET,5.88
OF,Jake Fraley (19016463),Jake Fraley,19016463,OF,2700,SEA@ARI 09/04/2021 08:10PM ET,SEA,6.77
2B,Jake Hager (19016464),Jake Hager,19016464,2B,2700,SEA@ARI 09/04/2021 08:10PM ET,ARI,1.79
C,Martin Maldonado (19016469),Martin Maldonado,19016469,C,2700,HOU@SD 09/04/2021 08:40PM ET,HOU,4.82
OF,Ronnie Dawson (19016470),Ronnie Dawson,19016470,OF,2700,HOU@SD 09/04/2021 08:40PM ET,HOU,3
2B/3B,Yonny Hernandez (19016465),Yonny Hernandez,19016465,2B/3B,2700,TEX@LAA 09/04/2021 09:07PM ET,TEX,6
2B,Nick Solak (19016468),Nick Solak,19016468,2B,2700,TEX@LAA 09/04/2021 09:07PM ET,TEX,6.56
1B/2B,Andy Ibanez (19016471),Andy Ibanez,19016471,1B/2B,2700,TEX@LAA 09/04/2021 09:07PM ET,TEX,5.34
2B/SS,Harold Castro (19016477),Harold Castro,19016477,2B/SS,2600,DET@CIN 09/04/2021 07:10PM ET,DET,4.58
2B/3B,Alejo Lopez (19016479),Alejo Lopez,19016479,2B/3B,2600,DET@CIN 09/04/2021 07:10PM ET,CIN,1.71
2B/3B,Josh VanMeter (19016475),Josh VanMeter,19016475,2B/3B,2600,SEA@ARI 09/04/2021 08:10PM ET,ARI,4.33
C,Tom Murphy (19016482),Tom Murphy,19016482,C,2600,SEA@ARI 09/04/2021 08:10PM ET,SEA,4.83
OF,Ronald Acuna Jr. (19016489),Ronald Acuna Jr.,19016489,OF,2600,ATL@COL 09/04/2021 08:10PM ET,ATL,11.12
OF,Jake Meyers (19016481),Jake Meyers,19016481,OF,2600,HOU@SD 09/04/2021 08:40PM ET,HOU,6.96
C,Joey Bart (19016483),Joey Bart,19016483,C,2600,LAD@SF 09/04/2021 09:05PM ET,SF,5
1B/OF,Hunter Dozier (19016487),Hunter Dozier,19016487,1B/OF,2600,CWS@KC 09/04/2021 07:10PM ET,KC,5.44
3B,Erick Mejia (19016700),Erick Mejia,19016700,3B,2600,CWS@KC 09/04/2021 07:10PM ET,KC,0
3B/OF,Charlie Culberson (19016473),Charlie Culberson,19016473,3B/OF,2600,TEX@LAA 09/04/2021 09:07PM ET,TEX,4.74
C,Jonah Heim (19016484),Jonah Heim,19016484,C,2600,TEX@LAA 09/04/2021 09:07PM ET,TEX,4.7
SS,Jose Iglesias (19016485),Jose Iglesias,19016485,SS,2600,TEX@LAA 09/04/2021 09:07PM ET,LAA,6.16
OF,Jo Adell (19016486),Jo Adell,19016486,OF,2600,TEX@LAA 09/04/2021 09:07PM ET,LAA,6.07
2B/OF,Max Schrock (19016493),Max Schrock,19016493,2B/OF,2500,DET@CIN 09/04/2021 07:10PM ET,CIN,4.24
OF,Scott Heineman (19016495),Scott Heineman,19016495,OF,2500,DET@CIN 09/04/2021 07:10PM ET,CIN,2.47
OF,Ender Inciarte (19016496),Ender Inciarte,19016496,OF,2500,DET@CIN 09/04/2021 07:10PM ET,CIN,2.5
3B/SS,Mike Freeman (19016497),Mike Freeman,19016497,3B/SS,2500,DET@CIN 09/04/2021 07:10PM ET,CIN,1.84
1B/3B,Alex Blandino (19016500),Alex Blandino,19016500,1B/3B,2500,DET@CIN 09/04/2021 07:10PM ET,CIN,2.49
OF,Delino DeShields (19016503),Delino DeShields,19016503,OF,2500,DET@CIN 09/04/2021 07:10PM ET,CIN,4
OF,Orlando Arcia (19016490),Orlando Arcia,19016490,OF,2500,ATL@COL 09/04/2021 08:10PM ET,ATL,4
3B/SS,Johan Camargo (19016491),Johan Camargo,19016491,3B/SS,2500,ATL@COL 09/04/2021 08:10PM ET,ATL,0.4
2B/3B,Yolmer Sanchez (19016701),Yolmer Sanchez,19016701,2B/3B,2500,ATL@COL 09/04/2021 08:10PM ET,ATL,0
SS,Ryan Goins (19016703),Ryan Goins,19016703,SS,2500,ATL@COL 09/04/2021 08:10PM ET,ATL,0
OF,Phillip Ervin (19016704),Phillip Ervin,19016704,OF,2500,ATL@COL 09/04/2021 08:10PM ET,ATL,0
OF,Brian O'Grady (19016499),Brian O'Grady,19016499,OF,2500,HOU@SD 09/04/2021 08:40PM ET,SD,3.03
OF,Austin Slater (19016510),Austin Slater,19016510,OF,2500,LAD@SF 09/04/2021 09:05PM ET,SF,4.44
2B/3B,Hanser Alberto (19016506),Hanser Alberto,19016506,2B/3B,2500,CWS@KC 09/04/2021 07:10PM ET,KC,3.52
OF,Michael A. Taylor (19016508),Michael A. Taylor,19016508,OF,2500,CWS@KC 09/04/2021 07:10PM ET,KC,6.05
C,Kurt Suzuki (19016502),Kurt Suzuki,19016502,C,2500,TEX@LAA 09/04/2021 09:07PM ET,LAA,4.26
2B/3B,Franklin Barreto (19016504),Franklin Barreto,19016504,2B/3B,2500,TEX@LAA 09/04/2021 09:07PM ET,LAA,0
OF,Justin Upton (19016509),Justin Upton,19016509,OF,2500,TEX@LAA 09/04/2021 09:07PM ET,LAA,6.97
OF,Victor Reyes (19016512),Victor Reyes,19016512,OF,2400,DET@CIN 09/04/2021 07:10PM ET,DET,4.91
C,Andrew Knizner (19016513),Andrew Knizner,19016513,C,2400,STL@MIL 09/04/2021 07:10PM ET,STL,3.55
OF,Jake Bauers (19016511),Jake Bauers,19016511,OF,2400,SEA@ARI 09/04/2021 08:10PM ET,SEA,3.70
2B/OF,Chris Owings (19016514),Chris Owings,19016514,2B/OF,2400,ATL@COL 09/04/2021 08:10PM ET,COL,5.90
OF,Sam Hilliard (19016528),Sam Hilliard,19016528,OF,2400,ATL@COL 09/04/2021 08:10PM ET,COL,4.93
C,Drew Butera (19016516),Drew Butera,19016516,C,2400,HOU@SD 09/04/2021 08:40PM ET,HOU,1.92
3B/SS,Robel Garcia (19016523),Robel Garcia,19016523,3B/SS,2400,HOU@SD 09/04/2021 08:40PM ET,HOU,2.36
C,Austin Barnes (19016521),Austin Barnes,19016521,C,2400,LAD@SF 09/04/2021 09:05PM ET,LAD,4.65
3B/OF,Jake Lamb (19016525),Jake Lamb,19016525,3B/OF,2400,CWS@KC 09/04/2021 07:10PM ET,CWS,5.12
OF,Kyle Isbel (19016529),Kyle Isbel,19016529,OF,2400,CWS@KC 09/04/2021 07:10PM ET,KC,4.75
OF,Willie Calhoun (19016517),Willie Calhoun,19016517,OF,2400,TEX@LAA 09/04/2021 09:07PM ET,TEX,5.81
3B,Brock Holt (19016518),Brock Holt,19016518,3B,2400,TEX@LAA 09/04/2021 09:07PM ET,TEX,4.65
3B/SS,Jack Mayfield (19016519),Jack Mayfield,19016519,3B/SS,2400,TEX@LAA 09/04/2021 09:07PM ET,LAA,4.95
OF,DJ Peters (19016522),DJ Peters,19016522,OF,2400,TEX@LAA 09/04/2021 09:07PM ET,TEX,5.44
C,Jose Trevino (19016527),Jose Trevino,19016527,C,2400,TEX@LAA 09/04/2021 09:07PM ET,TEX,4.30
OF,JaCoby Jones (19016535),JaCoby Jones,19016535,OF,2300,DET@CIN 09/04/2021 07:10PM ET,DET,3.57
C,Grayson Greiner (19016537),Grayson Greiner,19016537,C,2300,DET@CIN 09/04/2021 07:10PM ET,DET,3.73
3B/SS,Isaac Paredes (19016539),Isaac Paredes,19016539,3B/SS,2300,DET@CIN 09/04/2021 07:10PM ET,DET,5.14
OF,Tyrone Taylor (19016530),Tyrone Taylor,19016530,OF,2300,STL@MIL 09/04/2021 07:10PM ET,MIL,5.68
3B/OF,Jace Peterson (19016533),Jace Peterson,19016533,3B/OF,2300,STL@MIL 09/04/2021 07:10PM ET,MIL,6.17
OF,Lorenzo Cain (19016541),Lorenzo Cain,19016541,OF,2300,STL@MIL 09/04/2021 07:10PM ET,MIL,7.37
1B,Rowdy Tellez (19016542),Rowdy Tellez,19016542,1B,2300,STL@MIL 09/04/2021 07:10PM ET,MIL,4.87
OF,Harrison Bader (19016550),Harrison Bader,19016550,OF,2300,STL@MIL 09/04/2021 07:10PM ET,STL,6.94
OF/SS,Jose Rondon (19016551),Jose Rondon,19016551,SS/OF,2300,STL@MIL 09/04/2021 07:10PM ET,STL,2.26
OF,Mark Mathias (19016561),Mark Mathias,19016561,OF,2300,STL@MIL 09/04/2021 07:10PM ET,MIL,0
1B/OF,Jose Marmolejos (19016543),Jose Marmolejos,19016543,1B/OF,2300,SEA@ARI 09/04/2021 08:10PM ET,SEA,3.94
OF,Jake McCarthy (19016545),Jake McCarthy,19016545,OF,2300,SEA@ARI 09/04/2021 08:10PM ET,ARI,5
C,Bryan Holaday (19016546),Bryan Holaday,19016546,C,2300,SEA@ARI 09/04/2021 08:10PM ET,ARI,2.62
OF,Kyle Lewis (19016554),Kyle Lewis,19016554,OF,2300,SEA@ARI 09/04/2021 08:10PM ET,SEA,6.53
2B/OF,Shed Long Jr. (19016555),Shed Long Jr.,19016555,2B/OF,2300,SEA@ARI 09/04/2021 08:10PM ET,SEA,5.76
OF,Sam Haggerty (19016557),Sam Haggerty,19016557,OF,2300,SEA@ARI 09/04/2021 08:10PM ET,SEA,4.2
3B,Eric Campbell (19016559),Eric Campbell,19016559,3B,2300,SEA@ARI 09/04/2021 08:10PM ET,SEA,3.25
C,Jonathan Lucroy (19016558),Jonathan Lucroy,19016558,C,2300,ATL@COL 09/04/2021 08:10PM ET,ATL,5.14
C,Jason Castro (19016531),Jason Castro,19016531,C,2300,HOU@SD 09/04/2021 08:40PM ET,HOU,3.96
C,Garrett Stubbs (19016548),Garrett Stubbs,19016548,C,2300,HOU@SD 09/04/2021 08:40PM ET,HOU,2
2B,Donovan Solano (19016538),Donovan Solano,19016538,2B,2300,LAD@SF 09/04/2021 09:05PM ET,SF,5.52
OF,Alex Dickerson (19016549),Alex Dickerson,19016549,OF,2300,LAD@SF 09/04/2021 09:05PM ET,SF,4.92
C,Zack Collins (19016532),Zack Collins,19016532,C,2300,CWS@KC 09/04/2021 07:10PM ET,CWS,4.2
C,Cam Gallagher (19016536),Cam Gallagher,19016536,C,2300,CWS@KC 09/04/2021 07:10PM ET,KC,2.62
OF,Billy Hamilton (19016560),Billy Hamilton,19016560,OF,2300,CWS@KC 09/04/2021 07:10PM ET,CWS,3.86
3B,Matt Reynolds (19016705),Matt Reynolds,19016705,3B,2300,CWS@KC 09/04/2021 07:10PM ET,CWS,0
OF,Dexter Fowler (19016547),Dexter Fowler,19016547,OF,2300,TEX@LAA 09/04/2021 09:07PM ET,LAA,4.29
C,Yohel Pozo (19016553),Yohel Pozo,19016553,C,2300,TEX@LAA 09/04/2021 09:07PM ET,TEX,5.67
1B,Daniel Vogelbach (19016571),Daniel Vogelbach,19016571,1B,2200,STL@MIL 09/04/2021 07:10PM ET,MIL,4.44
SS,Edmundo Sosa (19016576),Edmundo Sosa,19016576,SS,2200,STL@MIL 09/04/2021 07:10PM ET,STL,4.67
C,Cal Raleigh (19016565),Cal Raleigh,19016565,C,2200,SEA@ARI 09/04/2021 08:10PM ET,SEA,3.58
3B,Kevin Padlo (19016572),Kevin Padlo,19016572,3B,2200,SEA@ARI 09/04/2021 08:10PM ET,SEA,1.1
OF,Jarred Kelenic (19016582),Jarred Kelenic,19016582,OF,2200,SEA@ARI 09/04/2021 08:10PM ET,SEA,5.36
2B/SS,Alan Trejo (19016574),Alan Trejo,19016574,2B/SS,2200,ATL@COL 09/04/2021 08:10PM ET,COL,2.39
1B/3B,Joshua Fuentes (19016580),Joshua Fuentes,19016580,1B/3B,2200,ATL@COL 09/04/2021 08:10PM ET,COL,4.44
OF,Chas McCormick (19016564),Chas McCormick,19016564,OF,2200,HOU@SD 09/04/2021 08:40PM ET,HOU,5.8
1B/OF,Taylor Jones (19016566),Taylor Jones,19016566,1B/OF,2200,HOU@SD 09/04/2021 08:40PM ET,HOU,4.91
2B/OF,Jurickson Profar (19016569),Jurickson Profar,19016569,2B/OF,2200,HOU@SD 09/04/2021 08:40PM ET,SD,4.96
OF,Jorge Ona (19016573),Jorge Ona,19016573,OF,2200,HOU@SD 09/04/2021 08:40PM ET,SD,0
2B,Alex De Goti (19016584),Alex De Goti,19016584,2B,2200,HOU@SD 09/04/2021 08:40PM ET,HOU,7
SS,Gavin Lux (19016583),Gavin Lux,19016583,SS,2200,LAD@SF 09/04/2021 09:05PM ET,LAD,5.89
2B/SS,Danny Mendick (19016562),Danny Mendick,19016562,2B/SS,2200,CWS@KC 09/04/2021 07:10PM ET,CWS,3.42
C,Sebastian Rivero (19016568),Sebastian Rivero,19016568,C,2200,CWS@KC 09/04/2021 07:10PM ET,KC,2.75
C,Meibrys Viloria (19016706),Meibrys Viloria,19016706,C,2200,CWS@KC 09/04/2021 07:10PM ET,KC,0
OF,Taylor Ward (19016577),Taylor Ward,19016577,OF,2200,TEX@LAA 09/04/2021 09:07PM ET,LAA,6.51
3B/SS,Anderson Tejeda (19016578),Anderson Tejeda,19016578,3B/SS,2200,TEX@LAA 09/04/2021 09:07PM ET,TEX,2.4
3B/SS,Daniel Robertson (19016585),Daniel Robertson,19016585,3B/SS,2100,STL@MIL 09/04/2021 07:10PM ET,MIL,2.24
C,Luke Maile (19016587),Luke Maile,19016587,C,2100,STL@MIL 09/04/2021 07:10PM ET,MIL,3.6
OF,Derek Fisher (19016588),Derek Fisher,19016588,OF,2100,STL@MIL 09/04/2021 07:10PM ET,MIL,3.75
1B,Matt Adams (19016592),Matt Adams,19016592,1B,2100,ATL@COL 09/04/2021 08:10PM ET,COL,1.73
2B/SS,Ha-Seong Kim (19016597),Ha-Seong Kim,19016597,2B/SS,2100,HOU@SD 09/04/2021 08:40PM ET,SD,3.82
OF/SS,Thairo Estrada (19016594),Thairo Estrada,19016594,SS/OF,2100,LAD@SF 09/04/2021 09:05PM ET,SF,5.13
C,Tony Wolters (19016599),Tony Wolters,19016599,C,2100,LAD@SF 09/04/2021 09:05PM ET,LAD,1.79
OF,Leody Taveras (19016589),Leody Taveras,19016589,OF,2100,TEX@LAA 09/04/2021 09:07PM ET,TEX,4.67
2B/3B,Kean Wong (19016590),Kean Wong,19016590,2B/3B,2100,TEX@LAA 09/04/2021 09:07PM ET,LAA,2.3
OF,Jason Martin (19016593),Jason Martin,19016593,OF,2100,TEX@LAA 09/04/2021 09:07PM ET,TEX,3.94
3B,Ryan Dorow (19016596),Ryan Dorow,19016596,3B,2100,TEX@LAA 09/04/2021 09:07PM ET,TEX,0.67
OF,Nomar Mazara (19016652),Nomar Mazara,19016652,OF,2000,DET@CIN 09/04/2021 07:10PM ET,DET,4.71
OF,Shogo Akiyama (19016666),Shogo Akiyama,19016666,OF,2000,DET@CIN 09/04/2021 07:10PM ET,CIN,2.52
OF,Jacob Robson (19016673),Jacob Robson,19016673,OF,2000,DET@CIN 09/04/2021 07:10PM ET,DET,0.5
SS,Jose Barrero (19016677),Jose Barrero,19016677,SS,2000,DET@CIN 09/04/2021 07:10PM ET,CIN,2.33
OF,Dwight Smith Jr. (19016707),Dwight Smith Jr.,19016707,OF,2000,DET@CIN 09/04/2021 07:10PM ET,CIN,0
C,Beau Taylor (19016708),Beau Taylor,19016708,C,2000,DET@CIN 09/04/2021 07:10PM ET,CIN,0
OF,Christin Stewart (19016712),Christin Stewart,19016712,OF,2000,DET@CIN 09/04/2021 07:10PM ET,DET,0
3B,Spencer Torkelson (19016730),Spencer Torkelson,19016730,3B,2000,DET@CIN 09/04/2021 07:10PM ET,DET,0
3B,Alfredo Rodriguez (19016733),Alfredo Rodriguez,19016733,3B,2000,DET@CIN 09/04/2021 07:10PM ET,CIN,0
C,Mark Kolozsvary (19016735),Mark Kolozsvary,19016735,C,2000,DET@CIN 09/04/2021 07:10PM ET,CIN,0
2B,Kody Clemens (19016741),Kody Clemens,19016741,2B,2000,DET@CIN 09/04/2021 07:10PM ET,DET,0
OF,TJ Friedl (19016746),TJ Friedl,19016746,OF,2000,DET@CIN 09/04/2021 07:10PM ET,CIN,0
C,Rocky Gale (19016759),Rocky Gale,19016759,C,2000,DET@CIN 09/04/2021 07:10PM ET,CIN,0
OF,Parker Meadows (19016770),Parker Meadows,19016770,OF,2000,DET@CIN 09/04/2021 07:10PM ET,DET,0
OF,Riley Greene (19016781),Riley Greene,19016781,OF,2000,DET@CIN 09/04/2021 07:10PM ET,DET,0
C,Brady Policelli (19016783),Brady Policelli,19016783,C,2000,DET@CIN 09/04/2021 07:10PM ET,DET,0
C,Dillon Dingler (19016825),Dillon Dingler,19016825,C,2000,DET@CIN 09/04/2021 07:10PM ET,DET,0
3B/SS,Pablo Reyes (19016601),Pablo Reyes,19016601,3B/SS,2000,STL@MIL 09/04/2021 07:10PM ET,MIL,2.26
OF,David Dahl (19016603),David Dahl,19016603,OF,2000,STL@MIL 09/04/2021 07:10PM ET,MIL,4.52
1B/2B,Matt Carpenter (19016606),Matt Carpenter,19016606,1B/2B,2000,STL@MIL 09/04/2021 07:10PM ET,STL,2.78
OF,Austin Dean (19016608),Austin Dean,19016608,OF,2000,STL@MIL 09/04/2021 07:10PM ET,STL,3.09
OF,Lars Nootbaar (19016610),Lars Nootbaar,19016610,OF,2000,STL@MIL 09/04/2021 07:10PM ET,STL,4.30
C,Ali Sanchez (19016614),Ali Sanchez,19016614,C,2000,STL@MIL 09/04/2021 07:10PM ET,STL,5
2B/OF,Tim Lopes (19016625),Tim Lopes,19016625,2B/OF,2000,STL@MIL 09/04/2021 07:10PM ET,MIL,1.4
2B/OF,Hernan Perez (19016632),Hernan Perez,19016632,2B/OF,2000,STL@MIL 09/04/2021 07:10PM ET,MIL,0.9
OF,Troy Stokes Jr. (19016643),Troy Stokes Jr.,19016643,OF,2000,STL@MIL 09/04/2021 07:10PM ET,MIL,3.12
OF,Justin Williams (19016648),Justin Williams,19016648,OF,2000,STL@MIL 09/04/2021 07:10PM ET,STL,3.26
2B/3B,Max Moroff (19016656),Max Moroff,19016656,2B/3B,2000,STL@MIL 09/04/2021 07:10PM ET,STL,0.83
OF,Jackie Bradley Jr. (19016681),Jackie Bradley Jr.,19016681,OF,2000,STL@MIL 09/04/2021 07:10PM ET,MIL,4.34
C,Mario Feliciano (19016693),Mario Feliciano,19016693,C,2000,STL@MIL 09/04/2021 07:10PM ET,MIL,4
OF,Scott Hurst (19016696),Scott Hurst,19016696,OF,2000,STL@MIL 09/04/2021 07:10PM ET,STL,0
OF,Corey Ray (19016697),Corey Ray,19016697,OF,2000,STL@MIL 09/04/2021 07:10PM ET,MIL,4
OF,Conner Capel (19016717),Conner Capel,19016717,OF,2000,STL@MIL 09/04/2021 07:10PM ET,STL,0
SS,Delvin Perez (19016726),Delvin Perez,19016726,SS,2000,STL@MIL 09/04/2021 07:10PM ET,STL,0
3B,Nolan Gorman (19016738),Nolan Gorman,19016738,3B,2000,STL@MIL 09/04/2021 07:10PM ET,STL,0
OF,Garrett Mitchell (19016739),Garrett Mitchell,19016739,OF,2000,STL@MIL 09/04/2021 07:10PM ET,MIL,0
1B,Evan Mendoza (19016747),Evan Mendoza,19016747,1B,2000,STL@MIL 09/04/2021 07:10PM ET,STL,0
OF,Micah Bello (19016753),Micah Bello,19016753,OF,2000,STL@MIL 09/04/2021 07:10PM ET,MIL,0
C,Ivan Herrera (19016756),Ivan Herrera,19016756,C,2000,STL@MIL 09/04/2021 07:10PM ET,STL,0
OF,Tristen Lutz (19016761),Tristen Lutz,19016761,OF,2000,STL@MIL 09/04/2021 07:10PM ET,MIL,0
OF,Hedbert Perez (19016775),Hedbert Perez,19016775,OF,2000,STL@MIL 09/04/2021 07:10PM ET,MIL,0
SS,Freddy Zamora (19016784),Freddy Zamora,19016784,SS,2000,STL@MIL 09/04/2021 07:10PM ET,MIL,0
3B/OF,Dustin Peterson (19016799),Dustin Peterson,19016799,3B/OF,2000,STL@MIL 09/04/2021 07:10PM ET,MIL,0
1B,Luken Baker (19016801),Luken Baker,19016801,1B,2000,STL@MIL 09/04/2021 07:10PM ET,STL,0
C,Christian Kelley (19016806),Christian Kelley,19016806,C,2000,STL@MIL 09/04/2021 07:10PM ET,MIL,0
3B,Zach Green (19016810),Zach Green,19016810,3B,2000,STL@MIL 09/04/2021 07:10PM ET,MIL,0
2B/3B,Kevin Kramer (19016819),Kevin Kramer,19016819,2B/3B,2000,STL@MIL 09/04/2021 07:10PM ET,MIL,0
SS,Brice Turang (19016822),Brice Turang,19016822,SS,2000,STL@MIL 09/04/2021 07:10PM ET,MIL,0
OF,Keon Broxton (19016823),Keon Broxton,19016823,OF,2000,STL@MIL 09/04/2021 07:10PM ET,MIL,0
2B/3B,Ildemaro Vargas (19016615),Ildemaro Vargas,19016615,2B/3B,2000,SEA@ARI 09/04/2021 08:10PM ET,ARI,2.4
2B/OF,Donovan Walton (19016621),Donovan Walton,19016621,2B/OF,2000,SEA@ARI 09/04/2021 08:10PM ET,SEA,4.41
1B,Evan White (19016628),Evan White,19016628,1B,2000,SEA@ARI 09/04/2021 08:10PM ET,SEA,3.66
OF,Dillon Thomas (19016638),Dillon Thomas,19016638,OF,2000,SEA@ARI 09/04/2021 08:10PM ET,SEA,2.75
OF,Nick Heath (19016639),Nick Heath,19016639,OF,2000,SEA@ARI 09/04/2021 08:10PM ET,ARI,1.65
C,Jose Godoy (19016653),Jose Godoy,19016653,C,2000,SEA@ARI 09/04/2021 08:10PM ET,SEA,2.25
2B/3B,Drew Ellis (19016659),Drew Ellis,19016659,2B/3B,2000,SEA@ARI 09/04/2021 08:10PM ET,ARI,3.41
OF,Stuart Fairchild (19016663),Stuart Fairchild,19016663,OF,2000,SEA@ARI 09/04/2021 08:10PM ET,ARI,1.18
2B,Andrew Young (19016664),Andrew Young,19016664,2B,2000,SEA@ARI 09/04/2021 08:10PM ET,ARI,3.38
OF,Taylor Trammell (19016675),Taylor Trammell,19016675,OF,2000,SEA@ARI 09/04/2021 08:10PM ET,SEA,5.53
OF,Seth Beer (19016724),Seth Beer,19016724,OF,2000,SEA@ARI 09/04/2021 08:10PM ET,ARI,0
OF,Alek Thomas (19016731),Alek Thomas,19016731,OF,2000,SEA@ARI 09/04/2021 08:10PM ET,ARI,0
OF,Marcus Wilson (19016749),Marcus Wilson,19016749,OF,2000,SEA@ARI 09/04/2021 08:10PM ET,SEA,0
C,Jamie Ritchie (19016752),Jamie Ritchie,19016752,C,2000,SEA@ARI 09/04/2021 08:10PM ET,ARI,0
OF,Julio Rodriguez (19016763),Julio Rodriguez,19016763,OF,2000,SEA@ARI 09/04/2021 08:10PM ET,SEA,0
OF,Corbin Carroll (19016774),Corbin Carroll,19016774,OF,2000,SEA@ARI 09/04/2021 08:10PM ET,ARI,0
C,Brian O'Keefe (19016789),Brian O'Keefe,19016789,C,2000,SEA@ARI 09/04/2021 08:10PM ET,SEA,0
3B/SS,Juniel Querecuto (19016797),Juniel Querecuto,19016797,3B/SS,2000,SEA@ARI 09/04/2021 08:10PM ET,ARI,0
1B/OF,Sam Travis (19016812),Sam Travis,19016812,1B/OF,2000,SEA@ARI 09/04/2021 08:10PM ET,SEA,0
SS,Jack Reinheimer (19016828),Jack Reinheimer,19016828,SS,2000,SEA@ARI 09/04/2021 08:10PM ET,SEA,0
OF,Guillermo Heredia (19016634),Guillermo Heredia,19016634,OF,2000,ATL@COL 09/04/2021 08:10PM ET,ATL,4.83
C,Kevan Smith (19016649),Kevan Smith,19016649,C,2000,ATL@COL 09/04/2021 08:10PM ET,ATL,2.91
OF,Cristian Pache (19016658),Cristian Pache,19016658,OF,2000,ATL@COL 09/04/2021 08:10PM ET,ATL,2.59
2B/OF,Ehire Adrianza (19016668),Ehire Adrianza,19016668,2B/OF,2000,ATL@COL 09/04/2021 08:10PM ET,ATL,3.41
C,Jeff Mathis (19016671),Jeff Mathis,19016671,C,2000,ATL@COL 09/04/2021 08:10PM ET,ATL,0
OF,Yonathan Daza (19016674),Yonathan Daza,19016674,OF,2000,ATL@COL 09/04/2021 08:10PM ET,COL,4.73
1B/SS,Sean Kazmar Jr. (19016683),Sean Kazmar Jr.,19016683,1B/SS,2000,ATL@COL 09/04/2021 08:10PM ET,ATL,0
OF,Ian Desmond (19016690),Ian Desmond,19016690,OF,2000,ATL@COL 09/04/2021 08:10PM ET,COL,0
OF,Travis Demeritte (19016715),Travis Demeritte,19016715,OF,2000,ATL@COL 09/04/2021 08:10PM ET,ATL,0
C,Jonathan Morales (19016718),Jonathan Morales,19016718,C,2000,ATL@COL 09/04/2021 08:10PM ET,ATL,0
C,Chris Rabago (19016727),Chris Rabago,19016727,C,2000,ATL@COL 09/04/2021 08:10PM ET,COL,0
OF,Trey Harris (19016740),Trey Harris,19016740,OF,2000,ATL@COL 09/04/2021 08:10PM ET,ATL,0
3B,Jose Gomez (19016751),Jose Gomez,19016751,3B,2000,ATL@COL 09/04/2021 08:10PM ET,COL,0
SS,Ryan Vilade (19016771),Ryan Vilade,19016771,SS,2000,ATL@COL 09/04/2021 08:10PM ET,COL,0
OF,Michael Harris (19016773),Michael Harris,19016773,OF,2000,ATL@COL 09/04/2021 08:10PM ET,ATL,0
3B,Elehuris Montero (19016782),Elehuris Montero,19016782,3B,2000,ATL@COL 09/04/2021 08:10PM ET,COL,0
OF,Drew Waters (19016790),Drew Waters,19016790,OF,2000,ATL@COL 09/04/2021 08:10PM ET,ATL,0
3B,Colton Welker (19016796),Colton Welker,19016796,3B,2000,ATL@COL 09/04/2021 08:10PM ET,COL,0
C,Shea Langeliers (19016803),Shea Langeliers,19016803,C,2000,ATL@COL 09/04/2021 08:10PM ET,ATL,0
2B/SS,Eric Stamets (19016804),Eric Stamets,19016804,2B/SS,2000,ATL@COL 09/04/2021 08:10PM ET,COL,0
C,Logan Brown (19016814),Logan Brown,19016814,C,2000,ATL@COL 09/04/2021 08:10PM ET,ATL,0
SS,Braden Shewmake (19016817),Braden Shewmake,19016817,SS,2000,ATL@COL 09/04/2021 08:10PM ET,ATL,0
OF,Jameson Hannah (19016827),Jameson Hannah,19016827,OF,2000,ATL@COL 09/04/2021 08:10PM ET,COL,0
1B,Greg Bird (19016830),Greg Bird,19016830,1B,2000,ATL@COL 09/04/2021 08:10PM ET,COL,0
2B/3B,Jacob Wilson (19016604),Jacob Wilson,19016604,2B/3B,2000,HOU@SD 09/04/2021 08:40PM ET,HOU,2.17
C,Luis Campusano (19016635),Luis Campusano,19016635,C,2000,HOU@SD 09/04/2021 08:40PM ET,SD,1.73
C,Webster Rivas (19016642),Webster Rivas,19016642,C,2000,HOU@SD 09/04/2021 08:40PM ET,SD,4.33
1B/2B,Marwin Gonzalez (19016650),Marwin Gonzalez,19016650,1B/2B,2000,HOU@SD 09/04/2021 08:40PM ET,HOU,4.52
OF,Jose Siri (19016685),Jose Siri,19016685,OF,2000,HOU@SD 09/04/2021 08:40PM ET,HOU,2
OF,John Andreoli (19016689),John Andreoli,19016689,OF,2000,HOU@SD 09/04/2021 08:40PM ET,SD,1.57
1B/OF,Patrick Kivlehan (19016691),Patrick Kivlehan,19016691,1B/OF,2000,HOU@SD 09/04/2021 08:40PM ET,SD,3.8
2B/3B,Ivan Castillo (19016694),Ivan Castillo,19016694,2B/3B,2000,HOU@SD 09/04/2021 08:40PM ET,SD,2.33
SS,CJ Abrams (19016719),CJ Abrams,19016719,SS,2000,HOU@SD 09/04/2021 08:40PM ET,SD,0
3B,Nick Tanielu (19016721),Nick Tanielu,19016721,3B,2000,HOU@SD 09/04/2021 08:40PM ET,SD,0
C,Wynston Sawyer (19016725),Wynston Sawyer,19016725,C,2000,HOU@SD 09/04/2021 08:40PM ET,SD,0
SS,Jeremy Pena (19016732),Jeremy Pena,19016732,SS,2000,HOU@SD 09/04/2021 08:40PM ET,HOU,0
SS,Grae Kessinger (19016742),Grae Kessinger,19016742,SS,2000,HOU@SD 09/04/2021 08:40PM ET,HOU,0
C,Korey Lee (19016750),Korey Lee,19016750,C,2000,HOU@SD 09/04/2021 08:40PM ET,HOU,0
OF,Zach Daniels (19016758),Zach Daniels,19016758,OF,2000,HOU@SD 09/04/2021 08:40PM ET,HOU,0
2B,Freudis Nova (19016760),Freudis Nova,19016760,2B,2000,HOU@SD 09/04/2021 08:40PM ET,HOU,0
OF,Robert Hassell III (19016762),Robert Hassell III,19016762,OF,2000,HOU@SD 09/04/2021 08:40PM ET,SD,0
C,Michael Papierski (19016777),Michael Papierski,19016777,C,2000,HOU@SD 09/04/2021 08:40PM ET,HOU,0
OF,Joshua Mears (19016788),Joshua Mears,19016788,OF,2000,HOU@SD 09/04/2021 08:40PM ET,SD,0
SS,Pedro Florimon (19016791),Pedro Florimon,19016791,SS,2000,HOU@SD 09/04/2021 08:40PM ET,SD,0
C,Colton Shaver (19016793),Colton Shaver,19016793,C,2000,HOU@SD 09/04/2021 08:40PM ET,HOU,0
OF,Colin Barber (19016811),Colin Barber,19016811,OF,2000,HOU@SD 09/04/2021 08:40PM ET,HOU,0
OF,Luis Gonzalez (19016600),Luis Gonzalez,19016600,OF,2000,LAD@SF 09/04/2021 09:05PM ET,SF,2.75
OF,Steven Duggar (19016611),Steven Duggar,19016611,OF,2000,LAD@SF 09/04/2021 09:05PM ET,SF,5.60
C,Chadwick Tromp (19016617),Chadwick Tromp,19016617,C,2000,LAD@SF 09/04/2021 09:05PM ET,SF,2.78
1B,Albert Pujols (19016618),Albert Pujols,19016618,1B,2000,LAD@SF 09/04/2021 09:05PM ET,LAD,5.19
2B,Andy Burns (19016623),Andy Burns,19016623,2B,2000,LAD@SF 09/04/2021 09:05PM ET,LAD,2.56
OF,Luke Raley (19016624),Luke Raley,19016624,OF,2000,LAD@SF 09/04/2021 09:05PM ET,LAD,2.03
OF,Braden Bishop (19016629),Braden Bishop,19016629,OF,2000,LAD@SF 09/04/2021 09:05PM ET,SF,0.71
C,Anthony Bemboom (19016630),Anthony Bemboom,19016630,C,2000,LAD@SF 09/04/2021 09:05PM ET,LAD,3.5
OF,Steven Souza Jr. (19016631),Steven Souza Jr.,19016631,OF,2000,LAD@SF 09/04/2021 09:05PM ET,LAD,2.92
3B,Jason Vosler (19016636),Jason Vosler,19016636,3B,2000,LAD@SF 09/04/2021 09:05PM ET,SF,3.32
C,Curt Casali (19016637),Curt Casali,19016637,C,2000,LAD@SF 09/04/2021 09:05PM ET,SF,4.6
OF,Jaylin Davis (19016644),Jaylin Davis,19016644,OF,2000,LAD@SF 09/04/2021 09:05PM ET,SF,1.4
1B/OF,Matt Beaty (19016645),Matt Beaty,19016645,1B/OF,2000,LAD@SF 09/04/2021 09:05PM ET,LAD,3.72
2B/OF,Sheldon Neuse (19016654),Sheldon Neuse,19016654,2B/OF,2000,LAD@SF 09/04/2021 09:05PM ET,LAD,2.52
OF,Mike Tauchman (19016665),Mike Tauchman,19016665,OF,2000,LAD@SF 09/04/2021 09:05PM ET,SF,3.53
OF,Billy McKinney (19016670),Billy McKinney,19016670,OF,2000,LAD@SF 09/04/2021 09:05PM ET,LAD,4.03
1B/3B,Edwin Rios (19016678),Edwin Rios,19016678,1B/3B,2000,LAD@SF 09/04/2021 09:05PM ET,LAD,1.88
OF,Zach Reks (19016680),Zach Reks,19016680,OF,2000,LAD@SF 09/04/2021 09:05PM ET,LAD,0.67
2B/SS,Arismendy Alcantara (19016687),Arismendy Alcantara,19016687,2B/SS,2000,LAD@SF 09/04/2021 09:05PM ET,SF,0
1B,Matt Davidson (19016710),Matt Davidson,19016710,1B,2000,LAD@SF 09/04/2021 09:05PM ET,LAD,0
SS,Elliot Soto (19016711),Elliot Soto,19016711,SS,2000,LAD@SF 09/04/2021 09:05PM ET,LAD,0
OF,Luis Basabe (19016713),Luis Basabe,19016713,OF,2000,LAD@SF 09/04/2021 09:05PM ET,SF,0
OF,Joe McCarthy (19016714),Joe McCarthy,19016714,OF,2000,LAD@SF 09/04/2021 09:05PM ET,SF,0
OF,Andy Pages (19016729),Andy Pages,19016729,OF,2000,LAD@SF 09/04/2021 09:05PM ET,LAD,0
OF,Heliot Ramos (19016736),Heliot Ramos,19016736,OF,2000,LAD@SF 09/04/2021 09:05PM ET,SF,0
SS,Omar Estevez (19016748),Omar Estevez,19016748,SS,2000,LAD@SF 09/04/2021 09:05PM ET,LAD,0
2B,Devin Mann (19016757),Devin Mann,19016757,2B,2000,LAD@SF 09/04/2021 09:05PM ET,LAD,0
SS,Marco Luciano (19016767),Marco Luciano,19016767,SS,2000,LAD@SF 09/04/2021 09:05PM ET,SF,0
1B,Logan Wyatt (19016769),Logan Wyatt,19016769,1B,2000,LAD@SF 09/04/2021 09:05PM ET,SF,0
3B,Will Wilson (19016779),Will Wilson,19016779,3B,2000,LAD@SF 09/04/2021 09:05PM ET,SF,0
3B,Kody Hoese (19016780),Kody Hoese,19016780,3B,2000,LAD@SF 09/04/2021 09:05PM ET,LAD,0
SS,Jacob Amaya (19016794),Jacob Amaya,19016794,SS,2000,LAD@SF 09/04/2021 09:05PM ET,LAD,0
3B,Miguel Vargas (19016795),Miguel Vargas,19016795,3B,2000,LAD@SF 09/04/2021 09:05PM ET,LAD,0
C,Patrick Bailey (19016807),Patrick Bailey,19016807,C,2000,LAD@SF 09/04/2021 09:05PM ET,SF,0
OF,Hunter Bishop (19016815),Hunter Bishop,19016815,OF,2000,LAD@SF 09/04/2021 09:05PM ET,SF,0
2B,Michael Busch (19016816),Michael Busch,19016816,2B,2000,LAD@SF 09/04/2021 09:05PM ET,LAD,0
C,Tim Federowicz (19016826),Tim Federowicz,19016826,C,2000,LAD@SF 09/04/2021 09:05PM ET,LAD,0
C,Bruce Maxwell (19016829),Bruce Maxwell,19016829,C,2000,LAD@SF 09/04/2021 09:05PM ET,SF,0
OF,Nick Williams (19016672),Nick Williams,19016672,OF,2000,CWS@KC 09/04/2021 07:10PM ET,CWS,2.5
SS,Lucius Fox (19016682),Lucius Fox,19016682,SS,2000,CWS@KC 09/04/2021 07:10PM ET,KC,0
2B,Romy Gonzalez (19016698),Romy Gonzalez,19016698,2B,2000,CWS@KC 09/04/2021 07:10PM ET,CWS,0
OF,Bubba Starling (19016716),Bubba Starling,19016716,OF,2000,CWS@KC 09/04/2021 07:10PM ET,KC,0
SS,Nick Loftin (19016720),Nick Loftin,19016720,SS,2000,CWS@KC 09/04/2021 07:10PM ET,KC,0
SS,Jeison Guzman (19016722),Jeison Guzman,19016722,SS,2000,CWS@KC 09/04/2021 07:10PM ET,KC,0
OF,Erick Pena (19016723),Erick Pena,19016723,OF,2000,CWS@KC 09/04/2021 07:10PM ET,KC,0
SS,Yolbert Sanchez (19016728),Yolbert Sanchez,19016728,SS,2000,CWS@KC 09/04/2021 07:10PM ET,CWS,0
OF,Seuly Matias (19016734),Seuly Matias,19016734,OF,2000,CWS@KC 09/04/2021 07:10PM ET,KC,0
C,Deivy Grullon (19016737),Deivy Grullon,19016737,C,2000,CWS@KC 09/04/2021 07:10PM ET,CWS,0
OF,Micker Adolfo (19016745),Micker Adolfo,19016745,OF,2000,CWS@KC 09/04/2021 07:10PM ET,CWS,0
C,Freddy Fermin (19016754),Freddy Fermin,19016754,C,2000,CWS@KC 09/04/2021 07:10PM ET,KC,0
OF,Blake Rutherford (19016755),Blake Rutherford,19016755,OF,2000,CWS@KC 09/04/2021 07:10PM ET,CWS,0
1B,Nick Pratto (19016768),Nick Pratto,19016768,1B,2000,CWS@KC 09/04/2021 07:10PM ET,KC,0
2B,Bobby Witt Jr. (19016772),Bobby Witt Jr.,19016772,2B,2000,CWS@KC 09/04/2021 07:10PM ET,KC,0
SS,Tim Beckham (19016809),Tim Beckham,19016809,SS,2000,CWS@KC 09/04/2021 07:10PM ET,CWS,0
C,MJ Melendez (19016818),MJ Melendez,19016818,C,2000,CWS@KC 09/04/2021 07:10PM ET,KC,0
C,Nick Dini (19016821),Nick Dini,19016821,C,2000,CWS@KC 09/04/2021 07:10PM ET,KC,0
2B,Marco Hernandez (19016824),Marco Hernandez,19016824,2B,2000,CWS@KC 09/04/2021 07:10PM ET,CWS,0
OF,Mikie Mahtook (19016831),Mikie Mahtook,19016831,OF,2000,CWS@KC 09/04/2021 07:10PM ET,CWS,0
OF,Brandon Marsh (19016609),Brandon Marsh,19016609,OF,2000,TEX@LAA 09/04/2021 09:07PM ET,LAA,5.64
C,Chad Wallach (19016612),Chad Wallach,19016612,C,2000,TEX@LAA 09/04/2021 09:07PM ET,LAA,3
OF,Adam Eaton (19016613),Adam Eaton,19016613,OF,2000,TEX@LAA 09/04/2021 09:07PM ET,LAA,5.23
1B/OF,Ronald Guzman (19016619),Ronald Guzman,19016619,1B/OF,2000,TEX@LAA 09/04/2021 09:07PM ET,TEX,2.29
1B,Matt Thaiss (19016627),Matt Thaiss,19016627,1B,2000,TEX@LAA 09/04/2021 09:07PM ET,LAA,3.5
2B/OF,Jose Rojas (19016640),Jose Rojas,19016640,2B/OF,2000,TEX@LAA 09/04/2021 09:07PM ET,LAA,4.80
OF,Eli White (19016647),Eli White,19016647,OF,2000,TEX@LAA 09/04/2021 09:07PM ET,TEX,4.84
OF,Scott Schebler (19016661),Scott Schebler,19016661,OF,2000,TEX@LAA 09/04/2021 09:07PM ET,LAA,1.93
OF,Jon Jay (19016662),Jon Jay,19016662,OF,2000,TEX@LAA 09/04/2021 09:07PM ET,LAA,4.2
OF,Juan Lagares (19016667),Juan Lagares,19016667,OF,2000,TEX@LAA 09/04/2021 09:07PM ET,LAA,4.45
1B,Curtis Terry (19016676),Curtis Terry,19016676,1B,2000,TEX@LAA 09/04/2021 09:07PM ET,TEX,2.31
C,Jack Kruger (19016686),Jack Kruger,19016686,C,2000,TEX@LAA 09/04/2021 09:07PM ET,TEX,0
1B,Sherten Apostel (19016709),Sherten Apostel,19016709,1B,2000,TEX@LAA 09/04/2021 09:07PM ET,TEX,0
3B,Josh Jung (19016743),Josh Jung,19016743,3B,2000,TEX@LAA 09/04/2021 09:07PM ET,TEX,0
SS,Livan Soto (19016744),Livan Soto,19016744,SS,2000,TEX@LAA 09/04/2021 09:07PM ET,LAA,0
2B/SS,Ezequiel Duran (19016764),Ezequiel Duran,19016764,2B/SS,2000,TEX@LAA 09/04/2021 09:07PM ET,TEX,0
3B,Davis Wendzel (19016766),Davis Wendzel,19016766,3B,2000,TEX@LAA 09/04/2021 09:07PM ET,TEX,0
2B,Justin Foscue (19016776),Justin Foscue,19016776,2B,2000,TEX@LAA 09/04/2021 09:07PM ET,TEX,0
OF,Bubba Thompson (19016778),Bubba Thompson,19016778,OF,2000,TEX@LAA 09/04/2021 09:07PM ET,TEX,0
SS,Jeremiah Jackson (19016785),Jeremiah Jackson,19016785,SS,2000,TEX@LAA 09/04/2021 09:07PM ET,LAA,0
C,David Garcia (19016786),David Garcia,19016786,C,2000,TEX@LAA 09/04/2021 09:07PM ET,TEX,0
OF,Steele Walker (19016787),Steele Walker,19016787,OF,2000,TEX@LAA 09/04/2021 09:07PM ET,TEX,0
OF,Jordyn Adams (19016792),Jordyn Adams,19016792,OF,2000,TEX@LAA 09/04/2021 09:07PM ET,LAA,0
OF,Brennon Lund (19016802),Brennon Lund,19016802,OF,2000,TEX@LAA 09/04/2021 09:07PM ET,LAA,0
3B,Jonathan Ornelas (19016808),Jonathan Ornelas,19016808,3B,2000,TEX@LAA 09/04/2021 09:07PM ET,TEX,0
