Position,Name + ID,Name,ID,Roster Position,Salary,Game Info,TeamAbbrev,AvgPointsPerGame
SP,Trevor Bauer (17352042),Trevor Bauer,17352042,P,12200,LAD@MIL 05/01/2021 07:10PM ET,LAD,27.85
RP,Corbin Burnes (17352043),Corbin Burnes,17352043,P,11700,LAD@MIL 05/01/2021 07:10PM ET,MIL,30.12
SP,Walker Buehler (17352044),Walker Buehler,17352044,P,10800,LAD@MIL 05/01/2021 07:10PM ET,LAD,19.18
SP,Johnny Cueto (17352045),Johnny Cueto,17352045,P,10600,SF@SD 05/01/2021 08:40PM ET,SF,23.6
SP,Clayton Kershaw (17352046),Clayton Kershaw,17352046,P,10400,LAD@MIL 05/01/2021 07:10PM ET,LAD,20.29
SP,Yu Darvish (17352047),Yu Darvish,17352047,P,10300,SF@SD 05/01/2021 08:40PM ET,SD,25.78
SP,Joe Musgrove (17352048),Joe Musgrove,17352048,P,10300,SF@SD 05/01/2021 08:40PM ET,SD,20.58
SP,Julio Urias (17352049),Julio Urias,17352049,P,10200,LAD@MIL 05/01/2021 07:10PM ET,LAD,20.88
SP,Tony Gonsolin (17352050),Tony Gonsolin,17352050,P,10200,LAD@MIL 05/01/2021 07:10PM ET,LAD,0
SP,Brandon Woodruff (17351620),Brandon Woodruff,17351620,P,10100,LAD@MIL 05/01/2021 07:10PM ET,MIL,23.61
SP,Kevin Gausman (17352051),Kevin Gausman,17352051,P,10000,SF@SD 05/01/2021 08:40PM ET,SF,22.87
SP,Dinelson Lamet (17352052),Dinelson Lamet,17352052,P,9900,SF@SD 05/01/2021 08:40PM ET,SD,11.3
SP,Dustin May (17351621),Dustin May,17351621,P,9800,LAD@MIL 05/01/2021 07:10PM ET,LAD,22.85
SP,Freddy Peralta (17352053),Freddy Peralta,17352053,P,9700,LAD@MIL 05/01/2021 07:10PM ET,MIL,22.17
SP,Blake Snell (17351622),Blake Snell,17351622,P,9500,SF@SD 05/01/2021 08:40PM ET,SD,14.38
SP,Alex Wood (17352054),Alex Wood,17352054,P,9500,SF@SD 05/01/2021 08:40PM ET,SF,26.43
SP,Chris Paddack (17352055),Chris Paddack,17352055,P,9500,SF@SD 05/01/2021 08:40PM ET,SD,10.66
RP,Ross Stripling (17352056),Ross Stripling,17352056,P,9500,ATL@TOR 05/01/2021 07:37PM ET,TOR,7.58
SP,Logan Webb (17352057),Logan Webb,17352057,P,9400,SF@SD 05/01/2021 08:40PM ET,SF,11.79
RP,Adrian Houser (17352060),Adrian Houser,17352060,P,9100,LAD@MIL 05/01/2021 07:10PM ET,MIL,12.1
SP,Taylor Widener (17352058),Taylor Widener,17352058,P,9100,COL@ARI 05/01/2021 08:10PM ET,ARI,15.16
SP,Jon Gray (17352059),Jon Gray,17352059,P,9100,COL@ARI 05/01/2021 08:10PM ET,COL,16.78
SP,Zac Gallen (17351623),Zac Gallen,17351623,P,8900,COL@ARI 05/01/2021 08:10PM ET,ARI,22.77
SP,Hyun Jin Ryu (17352061),Hyun Jin Ryu,17352061,P,8900,ATL@TOR 05/01/2021 07:37PM ET,TOR,16.97
SP,Ian Anderson (17352062),Ian Anderson,17352062,P,8900,ATL@TOR 05/01/2021 07:37PM ET,ATL,20.01
SP,Brett Anderson (17352065),Brett Anderson,17352065,P,8800,LAD@MIL 05/01/2021 07:10PM ET,MIL,8.45
SP,Steven Matz (17352063),Steven Matz,17352063,P,8800,ATL@TOR 05/01/2021 07:37PM ET,TOR,17.39
SP,Nathan Eovaldi (17352064),Nathan Eovaldi,17352064,P,8800,BOS@TEX 05/01/2021 07:05PM ET,BOS,17.37
SP,Madison Bumgarner (17352067),Madison Bumgarner,17352067,P,8700,COL@ARI 05/01/2021 08:10PM ET,ARI,13.4
SP,Drew Smyly (17352068),Drew Smyly,17352068,P,8700,ATL@TOR 05/01/2021 07:37PM ET,ATL,6.84
SP,Eduardo Rodriguez (17351624),Eduardo Rodriguez,17351624,P,8700,BOS@TEX 05/01/2021 07:05PM ET,BOS,22.44
SP,Chris Sale (17352066),Chris Sale,17352066,P,8700,BOS@TEX 05/01/2021 07:05PM ET,BOS,0
RP,Josh Lindblom (17352071),Josh Lindblom,17352071,P,8600,LAD@MIL 05/01/2021 07:10PM ET,MIL,-0.04
SP,Mike Clevinger (17352069),Mike Clevinger,17352069,P,8600,SF@SD 05/01/2021 08:40PM ET,SD,0
SP,Aaron Sanchez (17352070),Aaron Sanchez,17352070,P,8600,SF@SD 05/01/2021 08:40PM ET,SF,13.87
SP,Luke Weaver (17352072),Luke Weaver,17352072,P,8400,COL@ARI 05/01/2021 08:10PM ET,ARI,11.87
SP,Anthony DeSclafani (17351625),Anthony DeSclafani,17351625,P,8400,SF@SD 05/01/2021 08:40PM ET,SF,16.16
SP,Charlie Morton (17351626),Charlie Morton,17351626,P,8200,ATL@TOR 05/01/2021 07:37PM ET,ATL,17.23
SP,Kyle Wright (17352074),Kyle Wright,17352074,P,8200,ATL@TOR 05/01/2021 07:37PM ET,ATL,10.35
SP,Nick Pivetta (17352073),Nick Pivetta,17352073,P,8200,BOS@TEX 05/01/2021 07:05PM ET,BOS,16.79
RP,Ryan Weathers (17352075),Ryan Weathers,17352075,P,8100,SF@SD 05/01/2021 08:40PM ET,SD,9.16
SP,Alex Cobb (17352076),Alex Cobb,17352076,P,8100,LAA@SEA 05/01/2021 09:10PM ET,LAA,10.54
SP,German Marquez (17352078),German Marquez,17352078,P,8000,COL@ARI 05/01/2021 08:10PM ET,COL,14.53
SP,Huascar Ynoa (17352077),Huascar Ynoa,17352077,P,8000,ATL@TOR 05/01/2021 07:37PM ET,ATL,17.42
SP,Merrill Kelly (17352079),Merrill Kelly,17352079,P,7900,COL@ARI 05/01/2021 08:10PM ET,ARI,8.55
SP,Dylan Bundy (17352080),Dylan Bundy,17352080,P,7900,LAA@SEA 05/01/2021 09:10PM ET,LAA,17.3
SP,Mike Soroka (17352081),Mike Soroka,17352081,P,7800,ATL@TOR 05/01/2021 07:37PM ET,ATL,0
SP,Nate Pearson (17352082),Nate Pearson,17352082,P,7800,ATL@TOR 05/01/2021 07:37PM ET,TOR,0
SP,Chris Flexen (17352083),Chris Flexen,17352083,P,7800,LAA@SEA 05/01/2021 09:10PM ET,SEA,13.71
SP,Griffin Canning (17351627),Griffin Canning,17351627,P,7200,LAA@SEA 05/01/2021 09:10PM ET,LAA,7.64
SP,Zack Godley (17352084),Zack Godley,17352084,P,7000,LAD@MIL 05/01/2021 07:10PM ET,MIL,6.55
SP,Eric Lauer (17352086),Eric Lauer,17352086,P,7000,LAD@MIL 05/01/2021 07:10PM ET,MIL,17.65
SP,Jordan Zimmermann (17352094),Jordan Zimmermann,17352094,P,7000,LAD@MIL 05/01/2021 07:10PM ET,MIL,0
SP,David Price (17352096),David Price,17352096,P,7000,LAD@MIL 05/01/2021 07:10PM ET,LAD,3.56
SP,Caleb Smith (17352087),Caleb Smith,17352087,P,7000,COL@ARI 05/01/2021 08:10PM ET,ARI,6.96
RP,Riley Smith (17352089),Riley Smith,17352089,P,7000,COL@ARI 05/01/2021 08:10PM ET,ARI,4.41
SP,Tyler Beede (17352085),Tyler Beede,17352085,P,7000,SF@SD 05/01/2021 08:40PM ET,SF,0
SP,Tanner Roark (17352091),Tanner Roark,17352091,P,7000,ATL@TOR 05/01/2021 07:37PM ET,TOR,3.45
SP,Max Fried (17352092),Max Fried,17352092,P,7000,ATL@TOR 05/01/2021 07:37PM ET,ATL,2.05
SP,Anthony Kay (17352095),Anthony Kay,17352095,P,7000,ATL@TOR 05/01/2021 07:37PM ET,TOR,1.9
SP,Jose Quintana (17352088),Jose Quintana,17352088,P,7000,LAA@SEA 05/01/2021 09:10PM ET,LAA,4.85
SP,James Paxton (17352090),James Paxton,17352090,P,7000,LAA@SEA 05/01/2021 09:10PM ET,SEA,4.4
SP,Marco Gonzales (17352093),Marco Gonzales,17352093,P,7000,LAA@SEA 05/01/2021 09:10PM ET,SEA,11.27
SP,Bryse Wilson (17352098),Bryse Wilson,17352098,P,6900,ATL@TOR 05/01/2021 07:37PM ET,ATL,3.73
SP,Andrew Heaney (17352097),Andrew Heaney,17352097,P,6900,LAA@SEA 05/01/2021 09:10PM ET,LAA,16.24
SP,Tanner Houck (17352099),Tanner Houck,17352099,P,6900,BOS@TEX 05/01/2021 07:05PM ET,BOS,9.42
SP,Chi Chi Gonzalez (17352103),Chi Chi Gonzalez,17352103,P,6800,COL@ARI 05/01/2021 08:10PM ET,COL,7.92
SP,Thomas Hatch (17352100),Thomas Hatch,17352100,P,6800,ATL@TOR 05/01/2021 07:37PM ET,TOR,0
RP,T.J. Zeuch (17352101),T.J. Zeuch,17352101,P,6800,ATL@TOR 05/01/2021 07:37PM ET,TOR,1.8
SP,Sean Newcomb (17352102),Sean Newcomb,17352102,P,6800,ATL@TOR 05/01/2021 07:37PM ET,ATL,5.15
SP,Robbie Ray (17352104),Robbie Ray,17352104,P,6700,ATL@TOR 05/01/2021 07:37PM ET,TOR,16.2
SP,Justus Sheffield (17352105),Justus Sheffield,17352105,P,6700,LAA@SEA 05/01/2021 09:10PM ET,SEA,9.6
SP,Yusei Kikuchi (17352107),Yusei Kikuchi,17352107,P,6600,LAA@SEA 05/01/2021 09:10PM ET,SEA,15.08
SP,Jaime Barria (17352108),Jaime Barria,17352108,P,6600,LAA@SEA 05/01/2021 09:10PM ET,LAA,-15.5
SP,Kyle Gibson (17352106),Kyle Gibson,17352106,P,6600,BOS@TEX 05/01/2021 07:05PM ET,TEX,16.93
RP,Austin Gomber (17351628),Austin Gomber,17351628,P,6500,COL@ARI 05/01/2021 08:10PM ET,COL,9.23
RP,Justin Dunn (17352109),Justin Dunn,17352109,P,6500,LAA@SEA 05/01/2021 09:10PM ET,SEA,11.74
SP,Antonio Santos (17352111),Antonio Santos,17352111,P,6400,COL@ARI 05/01/2021 08:10PM ET,COL,0
RP,Tyler Clippard (17352112),Tyler Clippard,17352112,P,6400,COL@ARI 05/01/2021 08:10PM ET,ARI,0
SP,Dillon Peters (17352110),Dillon Peters,17352110,P,6400,LAA@SEA 05/01/2021 09:10PM ET,LAA,0
SP,Antonio Senzatela (17352115),Antonio Senzatela,17352115,P,6300,COL@ARI 05/01/2021 08:10PM ET,COL,6.66
SP,Nick Margevicius (17352114),Nick Margevicius,17352114,P,6300,LAA@SEA 05/01/2021 09:10PM ET,SEA,3.28
SP,Garrett Richards (17352113),Garrett Richards,17352113,P,6300,BOS@TEX 05/01/2021 07:05PM ET,BOS,10.37
OF,Mike Trout (17351632),Mike Trout,17351632,OF,6200,LAA@SEA 05/01/2021 09:10PM ET,LAA,11.67
SP,Ivan Nova (17352116),Ivan Nova,17352116,P,6100,COL@ARI 05/01/2021 08:10PM ET,COL,0
SP,Kyle Freeland (17352117),Kyle Freeland,17352117,P,6100,COL@ARI 05/01/2021 08:10PM ET,COL,0
OF,Ronald Acuna Jr. (17351633),Ronald Acuna Jr.,17351633,OF,6000,ATL@TOR 05/01/2021 07:37PM ET,ATL,12.42
SS,Fernando Tatis Jr. (17351634),Fernando Tatis Jr.,17351634,SS,5900,SF@SD 05/01/2021 08:40PM ET,SD,11
SP,Dane Dunning (17352118),Dane Dunning,17352118,P,5900,BOS@TEX 05/01/2021 07:05PM ET,TEX,13.12
SP,Mike Foltynewicz (17352119),Mike Foltynewicz,17352119,P,5900,BOS@TEX 05/01/2021 07:05PM ET,TEX,13.7
SP,Martin Perez (17352120),Martin Perez,17352120,P,5900,BOS@TEX 05/01/2021 07:05PM ET,BOS,9.67
OF,Mookie Betts (17351635),Mookie Betts,17351635,OF,5800,LAD@MIL 05/01/2021 07:10PM ET,LAD,8.7
1B,Freddie Freeman (17351636),Freddie Freeman,17351636,1B,5700,ATL@TOR 05/01/2021 07:37PM ET,ATL,8.92
RP,Alex Vesia (17352121),Alex Vesia,17352121,P,5600,LAD@MIL 05/01/2021 07:10PM ET,LAD,0
1B,Vladimir Guerrero Jr. (17351637),Vladimir Guerrero Jr.,17351637,1B,5600,ATL@TOR 05/01/2021 07:37PM ET,TOR,10.92
SS,Bo Bichette (17351638),Bo Bichette,17351638,SS,5600,ATL@TOR 05/01/2021 07:37PM ET,TOR,9.62
OF,J.D. Martinez (17351639),J.D. Martinez,17351639,OF,5500,BOS@TEX 05/01/2021 07:05PM ET,BOS,12
OF,Mike Yastrzemski (17351810),Mike Yastrzemski,17351810,OF,5400,SF@SD 05/01/2021 08:40PM ET,SF,7.04
RP,Jordan Lyles (17351629),Jordan Lyles,17351629,P,5400,BOS@TEX 05/01/2021 07:05PM ET,TEX,7.84
SS,Xander Bogaerts (17351640),Xander Bogaerts,17351640,SS,5400,BOS@TEX 05/01/2021 07:05PM ET,BOS,8.28
SP,Kohei Arihara (17352122),Kohei Arihara,17352122,P,5400,BOS@TEX 05/01/2021 07:05PM ET,TEX,6.34
1B/OF,Shohei Ohtani (17351641),Shohei Ohtani,17351641,1B/OF,5300,LAA@SEA 05/01/2021 09:10PM ET,LAA,2.42
3B,Rafael Devers (17351643),Rafael Devers,17351643,3B,5300,BOS@TEX 05/01/2021 07:05PM ET,BOS,9.72
OF,Trent Grisham (17351644),Trent Grisham,17351644,OF,5200,SF@SD 05/01/2021 08:40PM ET,SD,9.78
2B,Marcus Semien (17351645),Marcus Semien,17351645,2B,5200,ATL@TOR 05/01/2021 07:37PM ET,TOR,7.88
3B,Justin Turner (17351648),Justin Turner,17351648,3B,5100,LAD@MIL 05/01/2021 07:10PM ET,LAD,10.04
SS,Trevor Story (17351649),Trevor Story,17351649,SS,5100,COL@ARI 05/01/2021 08:10PM ET,COL,7.35
2B,Ozzie Albies (17351646),Ozzie Albies,17351646,2B,5100,ATL@TOR 05/01/2021 07:37PM ET,ATL,8.17
OF,Marcell Ozuna (17351647),Marcell Ozuna,17351647,OF,5100,ATL@TOR 05/01/2021 07:37PM ET,ATL,6.19
SP,Ljay Newsome (17351630),Ljay Newsome,17351630,P,5100,LAA@SEA 05/01/2021 09:10PM ET,SEA,10
2B/3B,Ryan McMahon (17351650),Ryan McMahon,17351650,2B/3B,5000,COL@ARI 05/01/2021 08:10PM ET,COL,8.77
SS,Corey Seager (17351652),Corey Seager,17351652,SS,4900,LAD@MIL 05/01/2021 07:10PM ET,LAD,8.72
OF,Ketel Marte (17351811),Ketel Marte,17351811,OF,4900,COL@ARI 05/01/2021 08:10PM ET,ARI,13.67
2B/OF,Chris Owings (17351812),Chris Owings,17351812,2B/OF,4900,COL@ARI 05/01/2021 08:10PM ET,COL,11
3B,Manny Machado (17351654),Manny Machado,17351654,3B,4900,SF@SD 05/01/2021 08:40PM ET,SD,8.12
C,Travis d'Arnaud (17351653),Travis d'Arnaud,17351653,C,4900,ATL@TOR 05/01/2021 07:37PM ET,ATL,5.14
SP,Kolby Allard (17352123),Kolby Allard,17352123,P,4900,BOS@TEX 05/01/2021 07:05PM ET,TEX,8.74
2B/3B,Eduardo Escobar (17351655),Eduardo Escobar,17351655,2B/3B,4800,COL@ARI 05/01/2021 08:10PM ET,ARI,9.28
OF,David Peralta (17351657),David Peralta,17351657,OF,4800,COL@ARI 05/01/2021 08:10PM ET,ARI,8.92
C,Buster Posey (17351661),Buster Posey,17351661,C,4700,SF@SD 05/01/2021 08:40PM ET,SF,10.12
3B,Anthony Rendon (17351658),Anthony Rendon,17351658,3B,4700,LAA@SEA 05/01/2021 09:10PM ET,LAA,6.5
OF,Alex Verdugo (17351659),Alex Verdugo,17351659,OF,4700,BOS@TEX 05/01/2021 07:05PM ET,BOS,8.6
2B,Nick Solak (17351660),Nick Solak,17351660,2B,4700,BOS@TEX 05/01/2021 07:05PM ET,TEX,8.96
C,Will Smith (17351662),Will Smith,17351662,C,4600,LAD@MIL 05/01/2021 07:10PM ET,LAD,7.3
OF,Christian Yelich (17351815),Christian Yelich,17351815,OF,4600,LAD@MIL 05/01/2021 07:10PM ET,MIL,8.22
SP,Trent Thornton (17351631),Trent Thornton,17351631,P,4600,ATL@TOR 05/01/2021 07:37PM ET,TOR,3.71
2B/3B,Ehire Adrianza (17351663),Ehire Adrianza,17351663,2B/3B,4600,ATL@TOR 05/01/2021 07:37PM ET,ATL,4.53
OF,George Springer (17351665),George Springer,17351665,OF,4600,ATL@TOR 05/01/2021 07:37PM ET,TOR,7
1B,Matt Thaiss (17351814),Matt Thaiss,17351814,1B,4600,LAA@SEA 05/01/2021 09:10PM ET,LAA,0
2B/OF,Chris Taylor (17351668),Chris Taylor,17351668,2B/OF,4500,LAD@MIL 05/01/2021 07:10PM ET,LAD,9.22
1B/2B,Max Muncy (17351670),Max Muncy,17351670,1B/2B,4500,LAD@MIL 05/01/2021 07:10PM ET,LAD,7.54
C,Dom Nunez (17351666),Dom Nunez,17351666,C,4500,COL@ARI 05/01/2021 08:10PM ET,COL,7.18
C,Carson Kelly (17351667),Carson Kelly,17351667,C,4500,COL@ARI 05/01/2021 08:10PM ET,ARI,10.10
SP,Kyle Cody (17352124),Kyle Cody,17352124,P,4500,BOS@TEX 05/01/2021 07:05PM ET,TEX,2.99
OF,Wil Myers (17351672),Wil Myers,17351672,OF,4400,SF@SD 05/01/2021 08:40PM ET,SD,7.35
SS,Isiah Kiner-Falefa (17351673),Isiah Kiner-Falefa,17351673,SS,4400,BOS@TEX 05/01/2021 07:05PM ET,TEX,7.18
2B/OF,Garrett Hampson (17351677),Garrett Hampson,17351677,2B/OF,4300,COL@ARI 05/01/2021 08:10PM ET,COL,8.29
1B/OF,Jared Walsh (17351674),Jared Walsh,17351674,1B/OF,4300,LAA@SEA 05/01/2021 09:10PM ET,LAA,8.78
3B,Kyle Seager (17351676),Kyle Seager,17351676,3B,4300,LAA@SEA 05/01/2021 09:10PM ET,SEA,7.54
OF/SS,Josh Rojas (17351684),Josh Rojas,17351684,SS/OF,4200,COL@ARI 05/01/2021 08:10PM ET,ARI,5.13
1B,Eric Hosmer (17351679),Eric Hosmer,17351679,1B,4200,SF@SD 05/01/2021 08:40PM ET,SD,8.08
OF,Randal Grichuk (17351681),Randal Grichuk,17351681,OF,4200,ATL@TOR 05/01/2021 07:37PM ET,TOR,7.71
3B,Austin Riley (17351682),Austin Riley,17351682,3B,4200,ATL@TOR 05/01/2021 07:37PM ET,ATL,6.38
2B,Ty France (17351680),Ty France,17351680,2B,4200,LAA@SEA 05/01/2021 09:10PM ET,SEA,7.73
C,Christian Vazquez (17351683),Christian Vazquez,17351683,C,4200,BOS@TEX 05/01/2021 07:05PM ET,BOS,6.09
C,Omar Narvaez (17351687),Omar Narvaez,17351687,C,4100,LAD@MIL 05/01/2021 07:10PM ET,MIL,7.09
1B,C.J. Cron (17351686),C.J. Cron,17351686,1B,4100,COL@ARI 05/01/2021 08:10PM ET,COL,7.67
OF,Teoscar Hernandez (17351816),Teoscar Hernandez,17351816,OF,4100,ATL@TOR 05/01/2021 07:37PM ET,TOR,7
OF,Kike Hernandez (17351688),Kike Hernandez,17351688,OF,4100,BOS@TEX 05/01/2021 07:05PM ET,BOS,6.68
2B,Kolten Wong (17351691),Kolten Wong,17351691,2B,4000,LAD@MIL 05/01/2021 07:10PM ET,MIL,7.8
SP,Brent Suter (17352127),Brent Suter,17352127,P,4000,LAD@MIL 05/01/2021 07:10PM ET,MIL,4.56
RP,Mike Kickham (17352137),Mike Kickham,17352137,P,4000,LAD@MIL 05/01/2021 07:10PM ET,LAD,0
RP,Joe Kelly (17352149),Joe Kelly,17352149,P,4000,LAD@MIL 05/01/2021 07:10PM ET,LAD,0
RP,Brusdar Graterol (17352151),Brusdar Graterol,17352151,P,4000,LAD@MIL 05/01/2021 07:10PM ET,LAD,-1.33
RP,Victor Gonzalez (17352157),Victor Gonzalez,17352157,P,4000,LAD@MIL 05/01/2021 07:10PM ET,LAD,1.71
RP,J.P. Feyereisen (17352175),J.P. Feyereisen,17352175,P,4000,LAD@MIL 05/01/2021 07:10PM ET,MIL,3.39
SP,Ethan Small (17352180),Ethan Small,17352180,P,4000,LAD@MIL 05/01/2021 07:10PM ET,MIL,0
RP,Devin Williams (17352187),Devin Williams,17352187,P,4000,LAD@MIL 05/01/2021 07:10PM ET,MIL,2.82
RP,Corey Knebel (17352191),Corey Knebel,17352191,P,4000,LAD@MIL 05/01/2021 07:10PM ET,LAD,3.24
SP,Andre Jackson (17352192),Andre Jackson,17352192,P,4000,LAD@MIL 05/01/2021 07:10PM ET,LAD,0
RP,Josh Hader (17352198),Josh Hader,17352198,P,4000,LAD@MIL 05/01/2021 07:10PM ET,MIL,6.16
SP,Josiah Gray (17352202),Josiah Gray,17352202,P,4000,LAD@MIL 05/01/2021 07:10PM ET,LAD,0
SP,Angel Perdomo (17352209),Angel Perdomo,17352209,P,4000,LAD@MIL 05/01/2021 07:10PM ET,MIL,2.66
RP,Brad Boxberger (17352210),Brad Boxberger,17352210,P,4000,LAD@MIL 05/01/2021 07:10PM ET,MIL,3.14
RP,Enny Romero (17352211),Enny Romero,17352211,P,4000,LAD@MIL 05/01/2021 07:10PM ET,LAD,0
RP,Phil Bickford (17352219),Phil Bickford,17352219,P,4000,LAD@MIL 05/01/2021 07:10PM ET,MIL,-4.15
SP,Aaron Ashby (17352221),Aaron Ashby,17352221,P,4000,LAD@MIL 05/01/2021 07:10PM ET,MIL,0
SP,Zack Brown (17352223),Zack Brown,17352223,P,4000,LAD@MIL 05/01/2021 07:10PM ET,MIL,0
SP,Jimmy Nelson (17352232),Jimmy Nelson,17352232,P,4000,LAD@MIL 05/01/2021 07:10PM ET,LAD,3.40
SP,Ryan Pepiot (17352233),Ryan Pepiot,17352233,P,4000,LAD@MIL 05/01/2021 07:10PM ET,LAD,0
RP,Patrick Weigel (17352235),Patrick Weigel,17352235,P,4000,LAD@MIL 05/01/2021 07:10PM ET,MIL,10.1
SP,Alec Bettinger (17352242),Alec Bettinger,17352242,P,4000,LAD@MIL 05/01/2021 07:10PM ET,MIL,0
RP,Bobby Wahl (17352243),Bobby Wahl,17352243,P,4000,LAD@MIL 05/01/2021 07:10PM ET,MIL,0
SP,Edwin Uceta (17352247),Edwin Uceta,17352247,P,4000,LAD@MIL 05/01/2021 07:10PM ET,LAD,1.5
RP,Kenley Jansen (17352254),Kenley Jansen,17352254,P,4000,LAD@MIL 05/01/2021 07:10PM ET,LAD,4.07
RP,James Pazos (17352259),James Pazos,17352259,P,4000,LAD@MIL 05/01/2021 07:10PM ET,LAD,0
SP,Landon Knack (17352261),Landon Knack,17352261,P,4000,LAD@MIL 05/01/2021 07:10PM ET,LAD,0
RP,Justin Topa (17352265),Justin Topa,17352265,P,4000,LAD@MIL 05/01/2021 07:10PM ET,MIL,0
RP,Tommy Kahnle (17352276),Tommy Kahnle,17352276,P,4000,LAD@MIL 05/01/2021 07:10PM ET,LAD,0
SP,Michael Grove (17352280),Michael Grove,17352280,P,4000,LAD@MIL 05/01/2021 07:10PM ET,LAD,0
RP,Ray Black (17352286),Ray Black,17352286,P,4000,LAD@MIL 05/01/2021 07:10PM ET,MIL,0
RP,Blake Treinen (17352313),Blake Treinen,17352313,P,4000,LAD@MIL 05/01/2021 07:10PM ET,LAD,3.59
RP,Chad Sobotka (17352317),Chad Sobotka,17352317,P,4000,LAD@MIL 05/01/2021 07:10PM ET,MIL,0
RP,Eric Yardley (17352321),Eric Yardley,17352321,P,4000,LAD@MIL 05/01/2021 07:10PM ET,MIL,0.68
SP,Kendall Williams (17352323),Kendall Williams,17352323,P,4000,LAD@MIL 05/01/2021 07:10PM ET,LAD,0
RP,Blaine Hardy (17352330),Blaine Hardy,17352330,P,4000,LAD@MIL 05/01/2021 07:10PM ET,MIL,0
RP,Mitch White (17352342),Mitch White,17352342,P,4000,LAD@MIL 05/01/2021 07:10PM ET,LAD,4.22
RP,Garrett Cleavinger (17352344),Garrett Cleavinger,17352344,P,4000,LAD@MIL 05/01/2021 07:10PM ET,LAD,2.98
RP,Clayton Andrews (17352357),Clayton Andrews,17352357,P,4000,LAD@MIL 05/01/2021 07:10PM ET,MIL,0
SP,Drew Rasmussen (17352358),Drew Rasmussen,17352358,P,4000,LAD@MIL 05/01/2021 07:10PM ET,MIL,2.51
RP,Scott Alexander (17352364),Scott Alexander,17352364,P,4000,LAD@MIL 05/01/2021 07:10PM ET,LAD,1.77
RP,Hoby Milner (17352373),Hoby Milner,17352373,P,4000,LAD@MIL 05/01/2021 07:10PM ET,MIL,0
RP,Dennis Santana (17352386),Dennis Santana,17352386,P,4000,LAD@MIL 05/01/2021 07:10PM ET,LAD,1.48
SP,Gerardo Carrillo (17352401),Gerardo Carrillo,17352401,P,4000,LAD@MIL 05/01/2021 07:10PM ET,LAD,0
RP,Bobby Miller (17352412),Bobby Miller,17352412,P,4000,LAD@MIL 05/01/2021 07:10PM ET,LAD,0
RP,Caleb Ferguson (17352416),Caleb Ferguson,17352416,P,4000,LAD@MIL 05/01/2021 07:10PM ET,LAD,0
C,Stephen Vogt (17351692),Stephen Vogt,17351692,C,4000,COL@ARI 05/01/2021 08:10PM ET,ARI,6
SP,Alex Young (17352130),Alex Young,17352130,P,4000,COL@ARI 05/01/2021 08:10PM ET,ARI,2.99
SP,Ryan Castellani (17352134),Ryan Castellani,17352134,P,4000,COL@ARI 05/01/2021 08:10PM ET,COL,0
RP,Taylor Clarke (17352143),Taylor Clarke,17352143,P,4000,COL@ARI 05/01/2021 08:10PM ET,ARI,3.31
RP,Ben Bowden (17352165),Ben Bowden,17352165,P,4000,COL@ARI 05/01/2021 08:10PM ET,COL,0.92
RP,Yoan Lopez (17352166),Yoan Lopez,17352166,P,4000,COL@ARI 05/01/2021 08:10PM ET,ARI,2.16
RP,Scott Oberg (17352167),Scott Oberg,17352167,P,4000,COL@ARI 05/01/2021 08:10PM ET,COL,0
RP,Taylor Guilbeau (17352169),Taylor Guilbeau,17352169,P,4000,COL@ARI 05/01/2021 08:10PM ET,ARI,0
RP,Jesus Tinoco (17352171),Jesus Tinoco,17352171,P,4000,COL@ARI 05/01/2021 08:10PM ET,COL,0
RP,Luis Frias (17352176),Luis Frias,17352176,P,4000,COL@ARI 05/01/2021 08:10PM ET,ARI,0
RP,Zac Rosscup (17352178),Zac Rosscup,17352178,P,4000,COL@ARI 05/01/2021 08:10PM ET,COL,0
SP,Robert Stephenson (17352179),Robert Stephenson,17352179,P,4000,COL@ARI 05/01/2021 08:10PM ET,COL,2.77
RP,Justin Lawrence (17352183),Justin Lawrence,17352183,P,4000,COL@ARI 05/01/2021 08:10PM ET,COL,3.05
RP,Chris Devenski (17352184),Chris Devenski,17352184,P,4000,COL@ARI 05/01/2021 08:10PM ET,ARI,1.18
RP,Kevin Ginkel (17352206),Kevin Ginkel,17352206,P,4000,COL@ARI 05/01/2021 08:10PM ET,ARI,2.61
RP,Joe Harvey (17352208),Joe Harvey,17352208,P,4000,COL@ARI 05/01/2021 08:10PM ET,COL,0
RP,Yency Almonte (17352237),Yency Almonte,17352237,P,4000,COL@ARI 05/01/2021 08:10PM ET,COL,0.08
RP,Carlos Estevez (17352245),Carlos Estevez,17352245,P,4000,COL@ARI 05/01/2021 08:10PM ET,COL,2.61
RP,Ashton Goudeau (17352255),Ashton Goudeau,17352255,P,4000,COL@ARI 05/01/2021 08:10PM ET,COL,0
RP,Lucas Gilbreath (17352256),Lucas Gilbreath,17352256,P,4000,COL@ARI 05/01/2021 08:10PM ET,COL,0
SP,Dereck Rodriguez (17352258),Dereck Rodriguez,17352258,P,4000,COL@ARI 05/01/2021 08:10PM ET,COL,0
SP,Jordan Sheffield (17352262),Jordan Sheffield,17352262,P,4000,COL@ARI 05/01/2021 08:10PM ET,COL,2.56
RP,Jon Duplantier (17352267),Jon Duplantier,17352267,P,4000,COL@ARI 05/01/2021 08:10PM ET,ARI,0
RP,Keury Mella (17352268),Keury Mella,17352268,P,4000,COL@ARI 05/01/2021 08:10PM ET,ARI,0
RP,Daniel Bard (17352271),Daniel Bard,17352271,P,4000,COL@ARI 05/01/2021 08:10PM ET,COL,2.81
RP,Seth Frankoff (17352295),Seth Frankoff,17352295,P,4000,COL@ARI 05/01/2021 08:10PM ET,ARI,0
RP,Humberto Castellanos (17352305),Humberto Castellanos,17352305,P,4000,COL@ARI 05/01/2021 08:10PM ET,ARI,0
RP,Joe Mantiply (17352309),Joe Mantiply,17352309,P,4000,COL@ARI 05/01/2021 08:10PM ET,ARI,0
RP,Ryan Buchter (17352314),Ryan Buchter,17352314,P,4000,COL@ARI 05/01/2021 08:10PM ET,ARI,0
RP,Stefan Crichton (17352333),Stefan Crichton,17352333,P,4000,COL@ARI 05/01/2021 08:10PM ET,ARI,1.51
SP,Matt Peacock (17352334),Matt Peacock,17352334,P,4000,COL@ARI 05/01/2021 08:10PM ET,ARI,5.43
RP,Tyler Kinley (17352338),Tyler Kinley,17352338,P,4000,COL@ARI 05/01/2021 08:10PM ET,COL,2.25
RP,Carlos Navas (17352339),Carlos Navas,17352339,P,4000,COL@ARI 05/01/2021 08:10PM ET,ARI,0
RP,Jose Mujica (17352341),Jose Mujica,17352341,P,4000,COL@ARI 05/01/2021 08:10PM ET,COL,0
SP,Jhoulys Chacin (17352353),Jhoulys Chacin,17352353,P,4000,COL@ARI 05/01/2021 08:10PM ET,COL,2.41
SP,Corbin Martin (17352360),Corbin Martin,17352360,P,4000,COL@ARI 05/01/2021 08:10PM ET,ARI,0
RP,Tommy Doyle (17352361),Tommy Doyle,17352361,P,4000,COL@ARI 05/01/2021 08:10PM ET,COL,0
RP,Joakim Soria (17352363),Joakim Soria,17352363,P,4000,COL@ARI 05/01/2021 08:10PM ET,ARI,0.3
RP,Sam Moll (17352368),Sam Moll,17352368,P,4000,COL@ARI 05/01/2021 08:10PM ET,ARI,0
SP,Peter Lambert (17352372),Peter Lambert,17352372,P,4000,COL@ARI 05/01/2021 08:10PM ET,COL,0
RP,Yoan Aybar (17352374),Yoan Aybar,17352374,P,4000,COL@ARI 05/01/2021 08:10PM ET,COL,0
RP,Jairo Diaz (17352391),Jairo Diaz,17352391,P,4000,COL@ARI 05/01/2021 08:10PM ET,COL,0
SP,J.B. Bukauskas (17352393),J.B. Bukauskas,17352393,P,4000,COL@ARI 05/01/2021 08:10PM ET,ARI,1.55
RP,Mychal Givens (17352395),Mychal Givens,17352395,P,4000,COL@ARI 05/01/2021 08:10PM ET,COL,3.59
SP,Helcris Olivarez (17352397),Helcris Olivarez,17352397,P,4000,COL@ARI 05/01/2021 08:10PM ET,COL,0
SP,Josh Green (17352408),Josh Green,17352408,P,4000,COL@ARI 05/01/2021 08:10PM ET,ARI,0
SP,Ryan Rolison (17352414),Ryan Rolison,17352414,P,4000,COL@ARI 05/01/2021 08:10PM ET,COL,0
SP,Adrian Morejon (17352128),Adrian Morejon,17352128,P,4000,SF@SD 05/01/2021 08:40PM ET,SD,4.15
RP,Matt Wisler (17352131),Matt Wisler,17352131,P,4000,SF@SD 05/01/2021 08:40PM ET,SF,1.32
RP,Craig Stammen (17352154),Craig Stammen,17352154,P,4000,SF@SD 05/01/2021 08:40PM ET,SD,5.80
RP,Michel Baez (17352155),Michel Baez,17352155,P,4000,SF@SD 05/01/2021 08:40PM ET,SD,0
SP,Caleb Baragar (17352156),Caleb Baragar,17352156,P,4000,SF@SD 05/01/2021 08:40PM ET,SF,3.32
RP,Keone Kela (17352158),Keone Kela,17352158,P,4000,SF@SD 05/01/2021 08:40PM ET,SD,4.1
RP,Dominic Leone (17352168),Dominic Leone,17352168,P,4000,SF@SD 05/01/2021 08:40PM ET,SF,0
SP,Nabil Crismatt (17352170),Nabil Crismatt,17352170,P,4000,SF@SD 05/01/2021 08:40PM ET,SD,6.48
RP,Pierce Johnson (17352186),Pierce Johnson,17352186,P,4000,SF@SD 05/01/2021 08:40PM ET,SD,2.46
RP,Rico Garcia (17352193),Rico Garcia,17352193,P,4000,SF@SD 05/01/2021 08:40PM ET,SF,0
RP,Chase Johnson (17352197),Chase Johnson,17352197,P,4000,SF@SD 05/01/2021 08:40PM ET,SD,0
RP,Sam Wolff (17352204),Sam Wolff,17352204,P,4000,SF@SD 05/01/2021 08:40PM ET,SF,0
SP,Zack Littell (17352212),Zack Littell,17352212,P,4000,SF@SD 05/01/2021 08:40PM ET,SF,3.65
RP,Camilo Doval (17352213),Camilo Doval,17352213,P,4000,SF@SD 05/01/2021 08:40PM ET,SF,3.37
RP,Jose Alvarez (17352214),Jose Alvarez,17352214,P,4000,SF@SD 05/01/2021 08:40PM ET,SF,2.83
RP,Javy Guerra (17352218),Javy Guerra,17352218,P,4000,SF@SD 05/01/2021 08:40PM ET,SD,0
RP,Daniel Camarena (17352227),Daniel Camarena,17352227,P,4000,SF@SD 05/01/2021 08:40PM ET,SD,0
SP,Dedniel Nunez (17352241),Dedniel Nunez,17352241,P,4000,SF@SD 05/01/2021 08:40PM ET,SF,0
RP,Trevor Gott (17352244),Trevor Gott,17352244,P,4000,SF@SD 05/01/2021 08:40PM ET,SF,0
SP,Shun Yamaguchi (17352251),Shun Yamaguchi,17352251,P,4000,SF@SD 05/01/2021 08:40PM ET,SF,0
SP,Anthony Banda (17352253),Anthony Banda,17352253,P,4000,SF@SD 05/01/2021 08:40PM ET,SF,0
RP,James Norwood (17352257),James Norwood,17352257,P,4000,SF@SD 05/01/2021 08:40PM ET,SD,0
RP,Philip Pfeifer (17352260),Philip Pfeifer,17352260,P,4000,SF@SD 05/01/2021 08:40PM ET,SF,0
RP,Miguel Diaz (17352263),Miguel Diaz,17352263,P,4000,SF@SD 05/01/2021 08:40PM ET,SD,0
SP,Scott Kazmir (17352270),Scott Kazmir,17352270,P,4000,SF@SD 05/01/2021 08:40PM ET,SF,0
RP,Nick Ramirez (17352272),Nick Ramirez,17352272,P,4000,SF@SD 05/01/2021 08:40PM ET,SD,1.15
RP,Matt Strahm (17352273),Matt Strahm,17352273,P,4000,SF@SD 05/01/2021 08:40PM ET,SD,0
RP,Parker Markel (17352281),Parker Markel,17352281,P,4000,SF@SD 05/01/2021 08:40PM ET,SD,0
SP,Tristan Beck (17352287),Tristan Beck,17352287,P,4000,SF@SD 05/01/2021 08:40PM ET,SF,0
SP,Nick Tropeano (17352288),Nick Tropeano,17352288,P,4000,SF@SD 05/01/2021 08:40PM ET,SF,0
RP,Jarlin Garcia (17352289),Jarlin Garcia,17352289,P,4000,SF@SD 05/01/2021 08:40PM ET,SF,2.85
RP,Aaron Northcraft (17352292),Aaron Northcraft,17352292,P,4000,SF@SD 05/01/2021 08:40PM ET,SD,4.67
SP,Mason Thompson (17352294),Mason Thompson,17352294,P,4000,SF@SD 05/01/2021 08:40PM ET,SD,0
RP,Tim Hill (17352299),Tim Hill,17352299,P,4000,SF@SD 05/01/2021 08:40PM ET,SD,3.43
SP,Drew Pomeranz (17352308),Drew Pomeranz,17352308,P,4000,SF@SD 05/01/2021 08:40PM ET,SD,4.33
RP,Jose Castillo (17352310),Jose Castillo,17352310,P,4000,SF@SD 05/01/2021 08:40PM ET,SD,0
RP,Tyler Cyr (17352311),Tyler Cyr,17352311,P,4000,SF@SD 05/01/2021 08:40PM ET,SF,0
RP,Austin Adams (17352315),Austin Adams,17352315,P,4000,SF@SD 05/01/2021 08:40PM ET,SD,2.68
SP,Gregory Santos (17352316),Gregory Santos,17352316,P,4000,SF@SD 05/01/2021 08:40PM ET,SF,-1.23
RP,Mark Melancon (17352329),Mark Melancon,17352329,P,4000,SF@SD 05/01/2021 08:40PM ET,SD,4.35
RP,John Brebbia (17352331),John Brebbia,17352331,P,4000,SF@SD 05/01/2021 08:40PM ET,SF,0
RP,Taylor Williams (17352332),Taylor Williams,17352332,P,4000,SF@SD 05/01/2021 08:40PM ET,SD,3.44
RP,Jake McGee (17352347),Jake McGee,17352347,P,4000,SF@SD 05/01/2021 08:40PM ET,SF,3.89
RP,Tyler Rogers (17352350),Tyler Rogers,17352350,P,4000,SF@SD 05/01/2021 08:40PM ET,SF,2.64
RP,Daniel Alvarez (17352354),Daniel Alvarez,17352354,P,4000,SF@SD 05/01/2021 08:40PM ET,SF,0
RP,Reyes Moronta (17352359),Reyes Moronta,17352359,P,4000,SF@SD 05/01/2021 08:40PM ET,SF,2.6
RP,James Sherfy (17352366),James Sherfy,17352366,P,4000,SF@SD 05/01/2021 08:40PM ET,SF,0
SP,Anderson Espinoza (17352371),Anderson Espinoza,17352371,P,4000,SF@SD 05/01/2021 08:40PM ET,SD,0
RP,Silvino Bracho (17352385),Silvino Bracho,17352385,P,4000,SF@SD 05/01/2021 08:40PM ET,SF,0
SP,MacKenzie Gore (17352387),MacKenzie Gore,17352387,P,4000,SF@SD 05/01/2021 08:40PM ET,SD,0
RP,Conner Menez (17352389),Conner Menez,17352389,P,4000,SF@SD 05/01/2021 08:40PM ET,SF,0
SP,Kervin Castro (17352394),Kervin Castro,17352394,P,4000,SF@SD 05/01/2021 08:40PM ET,SF,0
RP,Emilio Pagan (17352396),Emilio Pagan,17352396,P,4000,SF@SD 05/01/2021 08:40PM ET,SD,2.96
RP,Sam Selman (17352399),Sam Selman,17352399,P,4000,SF@SD 05/01/2021 08:40PM ET,SF,3.05
RP,Trey Wingenter (17352405),Trey Wingenter,17352405,P,4000,SF@SD 05/01/2021 08:40PM ET,SD,0
RP,Dan Altavilla (17352407),Dan Altavilla,17352407,P,4000,SF@SD 05/01/2021 08:40PM ET,SD,2.2
RP,Jay Jackson (17352411),Jay Jackson,17352411,P,4000,SF@SD 05/01/2021 08:40PM ET,SF,0
3B/OF,Cavan Biggio (17351689),Cavan Biggio,17351689,3B/OF,4000,ATL@TOR 05/01/2021 07:37PM ET,TOR,5.3
SS,Dansby Swanson (17351693),Dansby Swanson,17351693,SS,4000,ATL@TOR 05/01/2021 07:37PM ET,ATL,5
RP,Tommy Milone (17352125),Tommy Milone,17352125,P,4000,ATL@TOR 05/01/2021 07:37PM ET,TOR,8.01
SP,Tyler Chatwood (17352126),Tyler Chatwood,17352126,P,4000,ATL@TOR 05/01/2021 07:37PM ET,TOR,4.68
SP,Tucker Davidson (17352132),Tucker Davidson,17352132,P,4000,ATL@TOR 05/01/2021 07:37PM ET,ATL,0
RP,Josh Tomlin (17352135),Josh Tomlin,17352135,P,4000,ATL@TOR 05/01/2021 07:37PM ET,ATL,2.69
SP,Touki Toussaint (17352139),Touki Toussaint,17352139,P,4000,ATL@TOR 05/01/2021 07:37PM ET,ATL,0
RP,Julian Merryweather (17352145),Julian Merryweather,17352145,P,4000,ATL@TOR 05/01/2021 07:37PM ET,TOR,5.64
RP,David Phelps (17352146),David Phelps,17352146,P,4000,ATL@TOR 05/01/2021 07:37PM ET,TOR,3.35
RP,A.J. Minter (17352153),A.J. Minter,17352153,P,4000,ATL@TOR 05/01/2021 07:37PM ET,ATL,2.92
SP,Jeremy Beasley (17352164),Jeremy Beasley,17352164,P,4000,ATL@TOR 05/01/2021 07:37PM ET,TOR,0
RP,Bryan Baker (17352173),Bryan Baker,17352173,P,4000,ATL@TOR 05/01/2021 07:37PM ET,TOR,0
RP,Jesse Biddle (17352174),Jesse Biddle,17352174,P,4000,ATL@TOR 05/01/2021 07:37PM ET,ATL,1.8
SP,Freddy Tarnok (17352185),Freddy Tarnok,17352185,P,4000,ATL@TOR 05/01/2021 07:37PM ET,ATL,0
RP,Ty Tice (17352188),Ty Tice,17352188,P,4000,ATL@TOR 05/01/2021 07:37PM ET,TOR,4.08
RP,Edgar Santana (17352190),Edgar Santana,17352190,P,4000,ATL@TOR 05/01/2021 07:37PM ET,ATL,1.65
SP,Simeon Woods Richardson (17352207),Simeon Woods Richardson,17352207,P,4000,ATL@TOR 05/01/2021 07:37PM ET,TOR,0
RP,Will Smith (17352215),Will Smith,17352215,P,4000,ATL@TOR 05/01/2021 07:37PM ET,ATL,3.34
RP,Luke Jackson (17352216),Luke Jackson,17352216,P,4000,ATL@TOR 05/01/2021 07:37PM ET,ATL,2.78
SP,Elvis Luciano (17352224),Elvis Luciano,17352224,P,4000,ATL@TOR 05/01/2021 07:37PM ET,TOR,0
RP,Jasseel De La Cruz (17352231),Jasseel De La Cruz,17352231,P,4000,ATL@TOR 05/01/2021 07:37PM ET,ATL,0
RP,Tim Mayza (17352236),Tim Mayza,17352236,P,4000,ATL@TOR 05/01/2021 07:37PM ET,TOR,2.74
RP,Carl Edwards Jr. (17352239),Carl Edwards Jr.,17352239,P,4000,ATL@TOR 05/01/2021 07:37PM ET,ATL,0
RP,Thomas Burrows (17352240),Thomas Burrows,17352240,P,4000,ATL@TOR 05/01/2021 07:37PM ET,ATL,0
RP,A.J. Cole (17352249),A.J. Cole,17352249,P,4000,ATL@TOR 05/01/2021 07:37PM ET,TOR,0
SP,Anthony Castro (17352250),Anthony Castro,17352250,P,4000,ATL@TOR 05/01/2021 07:37PM ET,TOR,5.35
RP,Kirby Yates (17352252),Kirby Yates,17352252,P,4000,ATL@TOR 05/01/2021 07:37PM ET,TOR,0
SP,Adam Kloffenstein (17352269),Adam Kloffenstein,17352269,P,4000,ATL@TOR 05/01/2021 07:37PM ET,TOR,0
RP,Grant Dayton (17352285),Grant Dayton,17352285,P,4000,ATL@TOR 05/01/2021 07:37PM ET,ATL,1.79
RP,Travis Bergen (17352300),Travis Bergen,17352300,P,4000,ATL@TOR 05/01/2021 07:37PM ET,TOR,3.65
RP,Chris Martin (17352304),Chris Martin,17352304,P,4000,ATL@TOR 05/01/2021 07:37PM ET,ATL,0.38
SP,Patrick Murphy (17352306),Patrick Murphy,17352306,P,4000,ATL@TOR 05/01/2021 07:37PM ET,TOR,0
RP,Dany Jimenez (17352307),Dany Jimenez,17352307,P,4000,ATL@TOR 05/01/2021 07:37PM ET,TOR,0
RP,Jacob Webb (17352319),Jacob Webb,17352319,P,4000,ATL@TOR 05/01/2021 07:37PM ET,ATL,1.92
SP,Joey Murray (17352324),Joey Murray,17352324,P,4000,ATL@TOR 05/01/2021 07:37PM ET,TOR,0
RP,Jordan Romano (17352327),Jordan Romano,17352327,P,4000,ATL@TOR 05/01/2021 07:37PM ET,TOR,2.68
SP,Ryan Borucki (17352337),Ryan Borucki,17352337,P,4000,ATL@TOR 05/01/2021 07:37PM ET,TOR,3.18
SP,Alek Manoah (17352348),Alek Manoah,17352348,P,4000,ATL@TOR 05/01/2021 07:37PM ET,TOR,0
SP,Kyle Muller (17352362),Kyle Muller,17352362,P,4000,ATL@TOR 05/01/2021 07:37PM ET,ATL,0
RP,Nate Jones (17352377),Nate Jones,17352377,P,4000,ATL@TOR 05/01/2021 07:37PM ET,ATL,1.65
RP,Rafael Dolis (17352383),Rafael Dolis,17352383,P,4000,ATL@TOR 05/01/2021 07:37PM ET,TOR,3.19
SP,Joel Payamps (17352384),Joel Payamps,17352384,P,4000,ATL@TOR 05/01/2021 07:37PM ET,TOR,3.29
RP,Victor Arano (17352392),Victor Arano,17352392,P,4000,ATL@TOR 05/01/2021 07:37PM ET,ATL,0
SP,Tyler Matzek (17352398),Tyler Matzek,17352398,P,4000,ATL@TOR 05/01/2021 07:37PM ET,ATL,3.21
SP,CJ Van Eyk (17352402),CJ Van Eyk,17352402,P,4000,ATL@TOR 05/01/2021 07:37PM ET,TOR,0
RP,Jacob Waguespack (17352415),Jacob Waguespack,17352415,P,4000,ATL@TOR 05/01/2021 07:37PM ET,TOR,0
RP,Robert Dugger (17352129),Robert Dugger,17352129,P,4000,LAA@SEA 05/01/2021 09:10PM ET,SEA,3.3
SP,Patrick Sandoval (17352133),Patrick Sandoval,17352133,P,4000,LAA@SEA 05/01/2021 09:10PM ET,LAA,0
SP,Jose Suarez (17352141),Jose Suarez,17352141,P,4000,LAA@SEA 05/01/2021 09:10PM ET,LAA,0
SP,Kendall Graveman (17352144),Kendall Graveman,17352144,P,4000,LAA@SEA 05/01/2021 09:10PM ET,SEA,5.84
RP,Steve Cishek (17352159),Steve Cishek,17352159,P,4000,LAA@SEA 05/01/2021 09:10PM ET,LAA,1.74
RP,Ben Rowen (17352163),Ben Rowen,17352163,P,4000,LAA@SEA 05/01/2021 09:10PM ET,LAA,3.22
SP,Chris Rodriguez (17352177),Chris Rodriguez,17352177,P,4000,LAA@SEA 05/01/2021 09:10PM ET,LAA,7.94
RP,Jose Quijada (17352182),Jose Quijada,17352182,P,4000,LAA@SEA 05/01/2021 09:10PM ET,LAA,0
RP,Ken Giles (17352194),Ken Giles,17352194,P,4000,LAA@SEA 05/01/2021 09:10PM ET,SEA,0
RP,Jimmy Yacabonis (17352195),Jimmy Yacabonis,17352195,P,4000,LAA@SEA 05/01/2021 09:10PM ET,SEA,0
RP,Domingo Tapia (17352201),Domingo Tapia,17352201,P,4000,LAA@SEA 05/01/2021 09:10PM ET,SEA,0
RP,JT Chargois (17352203),JT Chargois,17352203,P,4000,LAA@SEA 05/01/2021 09:10PM ET,SEA,0
RP,Noe Ramirez (17352205),Noe Ramirez,17352205,P,4000,LAA@SEA 05/01/2021 09:10PM ET,LAA,0
RP,Brandon Brennan (17352217),Brandon Brennan,17352217,P,4000,LAA@SEA 05/01/2021 09:10PM ET,SEA,0
RP,Will Vest (17352225),Will Vest,17352225,P,4000,LAA@SEA 05/01/2021 09:10PM ET,SEA,3.35
RP,Joey Gerber (17352226),Joey Gerber,17352226,P,4000,LAA@SEA 05/01/2021 09:10PM ET,SEA,0
RP,Mike Mayers (17352230),Mike Mayers,17352230,P,4000,LAA@SEA 05/01/2021 09:10PM ET,LAA,3.75
SP,Erik Swanson (17352246),Erik Swanson,17352246,P,4000,LAA@SEA 05/01/2021 09:10PM ET,SEA,5.9
RP,Casey Sadler (17352266),Casey Sadler,17352266,P,4000,LAA@SEA 05/01/2021 09:10PM ET,SEA,2.94
RP,Hector Yan (17352274),Hector Yan,17352274,P,4000,LAA@SEA 05/01/2021 09:10PM ET,LAA,0
RP,Luke Bard (17352275),Luke Bard,17352275,P,4000,LAA@SEA 05/01/2021 09:10PM ET,LAA,0
RP,Yohan Ramirez (17352277),Yohan Ramirez,17352277,P,4000,LAA@SEA 05/01/2021 09:10PM ET,SEA,0
RP,Keynan Middleton (17352283),Keynan Middleton,17352283,P,4000,LAA@SEA 05/01/2021 09:10PM ET,SEA,2.51
RP,Brady Lail (17352284),Brady Lail,17352284,P,4000,LAA@SEA 05/01/2021 09:10PM ET,SEA,0
RP,Paul Sewald (17352290),Paul Sewald,17352290,P,4000,LAA@SEA 05/01/2021 09:10PM ET,SEA,0
RP,Taylor Guerrieri (17352291),Taylor Guerrieri,17352291,P,4000,LAA@SEA 05/01/2021 09:10PM ET,SEA,0
SP,Anthony Misiewicz (17352293),Anthony Misiewicz,17352293,P,4000,LAA@SEA 05/01/2021 09:10PM ET,SEA,3.06
RP,Drew Steckenrider (17352296),Drew Steckenrider,17352296,P,4000,LAA@SEA 05/01/2021 09:10PM ET,SEA,4.61
SP,Logan Gilbert (17352297),Logan Gilbert,17352297,P,4000,LAA@SEA 05/01/2021 09:10PM ET,SEA,0
RP,Gerardo Reyes (17352298),Gerardo Reyes,17352298,P,4000,LAA@SEA 05/01/2021 09:10PM ET,LAA,0
RP,Felix Pena (17352302),Felix Pena,17352302,P,4000,LAA@SEA 05/01/2021 09:10PM ET,LAA,0
RP,Raisel Iglesias (17352318),Raisel Iglesias,17352318,P,4000,LAA@SEA 05/01/2021 09:10PM ET,LAA,3.10
RP,Tony Watson (17352326),Tony Watson,17352326,P,4000,LAA@SEA 05/01/2021 09:10PM ET,LAA,3.24
RP,Jake Reed (17352328),Jake Reed,17352328,P,4000,LAA@SEA 05/01/2021 09:10PM ET,LAA,0
RP,Rafael Montero (17352335),Rafael Montero,17352335,P,4000,LAA@SEA 05/01/2021 09:10PM ET,SEA,2.45
RP,Alex Claudio (17352336),Alex Claudio,17352336,P,4000,LAA@SEA 05/01/2021 09:10PM ET,LAA,1.82
RP,Thomas Pannone (17352343),Thomas Pannone,17352343,P,4000,LAA@SEA 05/01/2021 09:10PM ET,LAA,0
SP,Denny Brady (17352345),Denny Brady,17352345,P,4000,LAA@SEA 05/01/2021 09:10PM ET,LAA,0
SP,Junior Guerra (17352346),Junior Guerra,17352346,P,4000,LAA@SEA 05/01/2021 09:10PM ET,LAA,5.65
SP,Aaron Slegers (17352351),Aaron Slegers,17352351,P,4000,LAA@SEA 05/01/2021 09:10PM ET,LAA,2.68
RP,Wyatt Mills (17352355),Wyatt Mills,17352355,P,4000,LAA@SEA 05/01/2021 09:10PM ET,SEA,0
RP,Andres Munoz (17352356),Andres Munoz,17352356,P,4000,LAA@SEA 05/01/2021 09:10PM ET,SEA,0
RP,James Hoyt (17352365),James Hoyt,17352365,P,4000,LAA@SEA 05/01/2021 09:10PM ET,LAA,0
RP,Aaron Fletcher (17352376),Aaron Fletcher,17352376,P,4000,LAA@SEA 05/01/2021 09:10PM ET,SEA,0
SP,Reid Detmers (17352382),Reid Detmers,17352382,P,4000,LAA@SEA 05/01/2021 09:10PM ET,LAA,0
SP,Jake Faria (17352404),Jake Faria,17352404,P,4000,LAA@SEA 05/01/2021 09:10PM ET,LAA,0
RP,Matt Andriese (17352136),Matt Andriese,17352136,P,4000,BOS@TEX 05/01/2021 07:05PM ET,BOS,4.17
SP,Kyle Hart (17352138),Kyle Hart,17352138,P,4000,BOS@TEX 05/01/2021 07:05PM ET,BOS,0
SP,Wes Benjamin (17352140),Wes Benjamin,17352140,P,4000,BOS@TEX 05/01/2021 07:05PM ET,TEX,3.58
RP,Colten Brewer (17352142),Colten Brewer,17352142,P,4000,BOS@TEX 05/01/2021 07:05PM ET,BOS,0
RP,Matt Hall (17352147),Matt Hall,17352147,P,4000,BOS@TEX 05/01/2021 07:05PM ET,BOS,0
RP,Ryan Weber (17352148),Ryan Weber,17352148,P,4000,BOS@TEX 05/01/2021 07:05PM ET,BOS,0
RP,Ryan Brasier (17352150),Ryan Brasier,17352150,P,4000,BOS@TEX 05/01/2021 07:05PM ET,BOS,0
RP,Jimmy Herget (17352152),Jimmy Herget,17352152,P,4000,BOS@TEX 05/01/2021 07:05PM ET,TEX,0
RP,Kevin McCarthy (17352160),Kevin McCarthy,17352160,P,4000,BOS@TEX 05/01/2021 07:05PM ET,BOS,0
RP,Josh Sborz (17352161),Josh Sborz,17352161,P,4000,BOS@TEX 05/01/2021 07:05PM ET,TEX,2.56
SP,Hans Crouse (17352162),Hans Crouse,17352162,P,4000,BOS@TEX 05/01/2021 07:05PM ET,TEX,0
RP,Joe Palumbo (17352172),Joe Palumbo,17352172,P,4000,BOS@TEX 05/01/2021 07:05PM ET,TEX,0
RP,Adam Ottavino (17352181),Adam Ottavino,17352181,P,4000,BOS@TEX 05/01/2021 07:05PM ET,BOS,3.27
RP,Austin Brice (17352189),Austin Brice,17352189,P,4000,BOS@TEX 05/01/2021 07:05PM ET,BOS,1.76
SP,Jharel Cotton (17352196),Jharel Cotton,17352196,P,4000,BOS@TEX 05/01/2021 07:05PM ET,TEX,0
RP,John Schreiber (17352199),John Schreiber,17352199,P,4000,BOS@TEX 05/01/2021 07:05PM ET,BOS,0
RP,Nick Vincent (17352200),Nick Vincent,17352200,P,4000,BOS@TEX 05/01/2021 07:05PM ET,TEX,0
SP,Jason Bahr (17352220),Jason Bahr,17352220,P,4000,BOS@TEX 05/01/2021 07:05PM ET,TEX,0
SP,Sam Gaviglio (17352222),Sam Gaviglio,17352222,P,4000,BOS@TEX 05/01/2021 07:05PM ET,TEX,0
SP,A.J. Alexy (17352228),A.J. Alexy,17352228,P,4000,BOS@TEX 05/01/2021 07:05PM ET,TEX,0
RP,Matt Bush (17352229),Matt Bush,17352229,P,4000,BOS@TEX 05/01/2021 07:05PM ET,TEX,1.92
RP,Marcus Walden (17352234),Marcus Walden,17352234,P,4000,BOS@TEX 05/01/2021 07:05PM ET,BOS,0
RP,Josh Taylor (17352238),Josh Taylor,17352238,P,4000,BOS@TEX 05/01/2021 07:05PM ET,BOS,1.12
RP,Spencer Patton (17352248),Spencer Patton,17352248,P,4000,BOS@TEX 05/01/2021 07:05PM ET,TEX,0
SP,Ian Kennedy (17352264),Ian Kennedy,17352264,P,4000,BOS@TEX 05/01/2021 07:05PM ET,TEX,3.71
RP,Durbin Feltman (17352278),Durbin Feltman,17352278,P,4000,BOS@TEX 05/01/2021 07:05PM ET,BOS,0
RP,Caleb Simpson (17352279),Caleb Simpson,17352279,P,4000,BOS@TEX 05/01/2021 07:05PM ET,BOS,0
SP,Stephen Gonsalves (17352282),Stephen Gonsalves,17352282,P,4000,BOS@TEX 05/01/2021 07:05PM ET,BOS,0
RP,Yerry Rodriguez (17352301),Yerry Rodriguez,17352301,P,4000,BOS@TEX 05/01/2021 07:05PM ET,TEX,0
RP,Joely Rodriguez (17352303),Joely Rodriguez,17352303,P,4000,BOS@TEX 05/01/2021 07:05PM ET,TEX,3.22
RP,John King (17352312),John King,17352312,P,4000,BOS@TEX 05/01/2021 07:05PM ET,TEX,3.86
RP,Taylor Hearn (17352320),Taylor Hearn,17352320,P,4000,BOS@TEX 05/01/2021 07:05PM ET,TEX,3.63
SP,Daniel Gossett (17352322),Daniel Gossett,17352322,P,4000,BOS@TEX 05/01/2021 07:05PM ET,BOS,0
RP,Phillips Valdez (17352325),Phillips Valdez,17352325,P,4000,BOS@TEX 05/01/2021 07:05PM ET,BOS,3.98
RP,Drew Anderson (17352340),Drew Anderson,17352340,P,4000,BOS@TEX 05/01/2021 07:05PM ET,TEX,0
RP,Jose Leclerc (17352349),Jose Leclerc,17352349,P,4000,BOS@TEX 05/01/2021 07:05PM ET,TEX,0
SP,Jay Groome (17352352),Jay Groome,17352352,P,4000,BOS@TEX 05/01/2021 07:05PM ET,BOS,0
RP,Hunter Wood (17352367),Hunter Wood,17352367,P,4000,BOS@TEX 05/01/2021 07:05PM ET,TEX,0
RP,Hyeon-Jong Yang (17352369),Hyeon-Jong Yang,17352369,P,4000,BOS@TEX 05/01/2021 07:05PM ET,TEX,10.65
RP,Jonathan Hernandez (17352370),Jonathan Hernandez,17352370,P,4000,BOS@TEX 05/01/2021 07:05PM ET,TEX,0
SP,Alex Speas (17352375),Alex Speas,17352375,P,4000,BOS@TEX 05/01/2021 07:05PM ET,TEX,0
SP,Thad Ward (17352378),Thad Ward,17352378,P,4000,BOS@TEX 05/01/2021 07:05PM ET,BOS,0
RP,Matt Barnes (17352379),Matt Barnes,17352379,P,4000,BOS@TEX 05/01/2021 07:05PM ET,BOS,5.59
RP,Hirokazu Sawamura (17352380),Hirokazu Sawamura,17352380,P,4000,BOS@TEX 05/01/2021 07:05PM ET,BOS,3.71
SP,Connor Seabold (17352381),Connor Seabold,17352381,P,4000,BOS@TEX 05/01/2021 07:05PM ET,BOS,0
RP,Luis Ortiz (17352388),Luis Ortiz,17352388,P,4000,BOS@TEX 05/01/2021 07:05PM ET,TEX,0
SP,Darwinzon Hernandez (17352390),Darwinzon Hernandez,17352390,P,4000,BOS@TEX 05/01/2021 07:05PM ET,BOS,2.86
RP,Eduard Bazardo (17352400),Eduard Bazardo,17352400,P,4000,BOS@TEX 05/01/2021 07:05PM ET,BOS,3.05
RP,Brett de Geus (17352403),Brett de Geus,17352403,P,4000,BOS@TEX 05/01/2021 07:05PM ET,TEX,2.02
RP,Zac Grotz (17352406),Zac Grotz,17352406,P,4000,BOS@TEX 05/01/2021 07:05PM ET,BOS,0
SP,Garrett Whitlock (17352409),Garrett Whitlock,17352409,P,4000,BOS@TEX 05/01/2021 07:05PM ET,BOS,10.2
RP,Joe Gatto (17352410),Joe Gatto,17352410,P,4000,BOS@TEX 05/01/2021 07:05PM ET,TEX,0
RP,Brett Martin (17352413),Brett Martin,17352413,P,4000,BOS@TEX 05/01/2021 07:05PM ET,TEX,1.83
SP,Tyler Phillips (17352417),Tyler Phillips,17352417,P,4000,BOS@TEX 05/01/2021 07:05PM ET,TEX,0
1B/OF,Pavin Smith (17351694),Pavin Smith,17351694,1B/OF,3900,COL@ARI 05/01/2021 08:10PM ET,ARI,6.61
1B/3B,Wilmer Flores (17351696),Wilmer Flores,17351696,1B/3B,3900,SF@SD 05/01/2021 08:40PM ET,SF,3.58
2B/SS,Jonathan Arauz (17351817),Jonathan Arauz,17351817,2B/SS,3900,BOS@TEX 05/01/2021 07:05PM ET,BOS,0
3B/SS,Santiago Espinal (17351700),Santiago Espinal,17351700,3B/SS,3800,ATL@TOR 05/01/2021 07:37PM ET,TOR,3.5
OF,Mitch Haniger (17351698),Mitch Haniger,17351698,OF,3800,LAA@SEA 05/01/2021 09:10PM ET,SEA,9.33
1B,Nate Lowe (17351699),Nate Lowe,17351699,1B,3800,BOS@TEX 05/01/2021 07:05PM ET,TEX,8.67
OF,Cody Bellinger (17351820),Cody Bellinger,17351820,OF,3700,LAD@MIL 05/01/2021 07:10PM ET,LAD,7.75
3B/OF,Andrew Young (17351702),Andrew Young,17351702,3B/OF,3700,COL@ARI 05/01/2021 08:10PM ET,ARI,4.6
OF,Raimel Tapia (17351706),Raimel Tapia,17351706,OF,3700,COL@ARI 05/01/2021 08:10PM ET,COL,6.24
1B,Christian Walker (17351819),Christian Walker,17351819,1B,3700,COL@ARI 05/01/2021 08:10PM ET,ARI,5.6
2B,Jake Cronenworth (17351704),Jake Cronenworth,17351704,2B,3700,SF@SD 05/01/2021 08:40PM ET,SD,7.11
C,Luis Torrens (17351707),Luis Torrens,17351707,C,3700,LAA@SEA 05/01/2021 09:10PM ET,SEA,3.75
OF,Adolis Garcia (17351705),Adolis Garcia,17351705,OF,3700,BOS@TEX 05/01/2021 07:05PM ET,TEX,8.88
1B/3B,Wyatt Mathisen (17351711),Wyatt Mathisen,17351711,1B/3B,3600,COL@ARI 05/01/2021 08:10PM ET,ARI,3.16
3B,Evan Longoria (17351708),Evan Longoria,17351708,3B,3600,SF@SD 05/01/2021 08:40PM ET,SF,7.59
2B/SS,Ha-Seong Kim (17351713),Ha-Seong Kim,17351713,2B/SS,3600,SF@SD 05/01/2021 08:40PM ET,SD,3.85
OF,Justin Upton (17351710),Justin Upton,17351710,OF,3600,LAA@SEA 05/01/2021 09:10PM ET,LAA,7.38
C,Kurt Suzuki (17351715),Kurt Suzuki,17351715,C,3600,LAA@SEA 05/01/2021 09:10PM ET,LAA,4.62
OF,Joey Gallo (17351709),Joey Gallo,17351709,OF,3600,BOS@TEX 05/01/2021 07:05PM ET,TEX,6.85
OF,Charlie Blackmon (17351716),Charlie Blackmon,17351716,OF,3500,COL@ARI 05/01/2021 08:10PM ET,COL,5.26
C,Alejandro Kirk (17351722),Alejandro Kirk,17351722,C,3500,ATL@TOR 05/01/2021 07:37PM ET,TOR,5.5
3B/OF,Jose Rojas (17351717),Jose Rojas,17351717,3B/OF,3500,LAA@SEA 05/01/2021 09:10PM ET,LAA,2.87
SS,Jose Iglesias (17351721),Jose Iglesias,17351721,SS,3500,LAA@SEA 05/01/2021 09:10PM ET,LAA,5.75
1B/2B,Marwin Gonzalez (17351719),Marwin Gonzalez,17351719,1B/2B,3500,BOS@TEX 05/01/2021 07:05PM ET,BOS,5.54
1B,Danny Santana (17351821),Danny Santana,17351821,1B,3500,BOS@TEX 05/01/2021 07:05PM ET,BOS,0
3B,Travis Shaw (17351723),Travis Shaw,17351723,3B,3400,LAD@MIL 05/01/2021 07:10PM ET,MIL,6.58
OF,AJ Pollock (17351728),AJ Pollock,17351728,OF,3400,LAD@MIL 05/01/2021 07:10PM ET,LAD,5.70
SS,Luis Urias (17351729),Luis Urias,17351729,SS,3400,LAD@MIL 05/01/2021 07:10PM ET,MIL,5.48
1B/C,Austin Nola (17351731),Austin Nola,17351731,C/1B,3400,SF@SD 05/01/2021 08:40PM ET,SD,0
1B,Evan White (17351725),Evan White,17351725,1B,3400,LAA@SEA 05/01/2021 09:10PM ET,SEA,3.62
2B,David Fletcher (17351726),David Fletcher,17351726,2B,3400,LAA@SEA 05/01/2021 09:10PM ET,LAA,5.92
OF,Kyle Lewis (17351727),Kyle Lewis,17351727,OF,3400,LAA@SEA 05/01/2021 09:10PM ET,SEA,5.38
OF,Taylor Trammell (17351730),Taylor Trammell,17351730,OF,3400,LAA@SEA 05/01/2021 09:10PM ET,SEA,6.43
1B,Bobby Dalbec (17351724),Bobby Dalbec,17351724,1B,3400,BOS@TEX 05/01/2021 07:05PM ET,BOS,4.23
SS,Nick Ahmed (17351735),Nick Ahmed,17351735,SS,3300,COL@ARI 05/01/2021 08:10PM ET,ARI,3.33
1B/3B,Asdrubal Cabrera (17351736),Asdrubal Cabrera,17351736,1B/3B,3300,COL@ARI 05/01/2021 08:10PM ET,ARI,7.26
2B,Tommy La Stella (17351733),Tommy La Stella,17351733,2B,3300,SF@SD 05/01/2021 08:40PM ET,SF,3.70
OF,Austin Slater (17351738),Austin Slater,17351738,OF,3300,SF@SD 05/01/2021 08:40PM ET,SF,6.12
2B/OF,Jorge Mateo (17351740),Jorge Mateo,17351740,2B/OF,3300,SF@SD 05/01/2021 08:40PM ET,SD,3.24
C,Chadwick Tromp (17351822),Chadwick Tromp,17351822,C,3300,SF@SD 05/01/2021 08:40PM ET,SF,0
OF,Lourdes Gurriel Jr. (17351739),Lourdes Gurriel Jr.,17351739,OF,3300,ATL@TOR 05/01/2021 07:37PM ET,TOR,5.14
1B,Albert Pujols (17351734),Albert Pujols,17351734,1B,3300,LAA@SEA 05/01/2021 09:10PM ET,LAA,6.85
C,Jose Trevino (17351742),Jose Trevino,17351742,C,3300,BOS@TEX 05/01/2021 07:05PM ET,TEX,5.06
1B/2B,Keston Hiura (17351743),Keston Hiura,17351743,1B/2B,3200,LAD@MIL 05/01/2021 07:10PM ET,MIL,4.38
2B,Gavin Lux (17351745),Gavin Lux,17351745,2B,3200,LAD@MIL 05/01/2021 07:10PM ET,LAD,4.18
2B/3B,Sheldon Neuse (17351752),Sheldon Neuse,17351752,2B/3B,3200,LAD@MIL 05/01/2021 07:10PM ET,LAD,4.75
OF,Lorenzo Cain (17351824),Lorenzo Cain,17351824,OF,3200,LAD@MIL 05/01/2021 07:10PM ET,MIL,7.86
1B,Matt Adams (17351746),Matt Adams,17351746,1B,3200,COL@ARI 05/01/2021 08:10PM ET,COL,0
OF,Jurickson Profar (17351748),Jurickson Profar,17351748,OF,3200,SF@SD 05/01/2021 08:40PM ET,SD,6.22
C,Victor Caratini (17351754),Victor Caratini,17351754,C,3200,SF@SD 05/01/2021 08:40PM ET,SD,5
OF,Guillermo Heredia (17351747),Guillermo Heredia,17351747,OF,3200,ATL@TOR 05/01/2021 07:37PM ET,ATL,8.31
OF,Josh Palacios (17351823),Josh Palacios,17351823,OF,3200,ATL@TOR 05/01/2021 07:37PM ET,TOR,5.3
OF,Sam Haggerty (17351749),Sam Haggerty,17351749,OF,3200,LAA@SEA 05/01/2021 09:10PM ET,SEA,5.42
2B/OF,Dylan Moore (17351750),Dylan Moore,17351750,2B/OF,3200,LAA@SEA 05/01/2021 09:10PM ET,SEA,5.28
OF,Khris Davis (17351825),Khris Davis,17351825,OF,3200,BOS@TEX 05/01/2021 07:05PM ET,TEX,0
C,Manny Pina (17351830),Manny Pina,17351830,C,3100,LAD@MIL 05/01/2021 07:10PM ET,MIL,5
OF,Tim Locastro (17351829),Tim Locastro,17351829,OF,3100,COL@ARI 05/01/2021 08:10PM ET,ARI,6.27
OF,Alex Dickerson (17351757),Alex Dickerson,17351757,OF,3100,SF@SD 05/01/2021 08:40PM ET,SF,4.54
OF,Jake Fraley (17351828),Jake Fraley,17351828,OF,3100,LAA@SEA 05/01/2021 09:10PM ET,SEA,6.8
3B,Charlie Culberson (17351755),Charlie Culberson,17351755,3B,3100,BOS@TEX 05/01/2021 07:05PM ET,TEX,5.25
OF,Hunter Renfroe (17351756),Hunter Renfroe,17351756,OF,3100,BOS@TEX 05/01/2021 07:05PM ET,BOS,4.37
C,Kevin Plawecki (17351758),Kevin Plawecki,17351758,C,3100,BOS@TEX 05/01/2021 07:05PM ET,BOS,3.12
3B/OF,Yairo Munoz (17351826),Yairo Munoz,17351826,3B/OF,3100,BOS@TEX 05/01/2021 07:05PM ET,BOS,0
OF,Avisail Garcia (17351761),Avisail Garcia,17351761,OF,3000,LAD@MIL 05/01/2021 07:10PM ET,MIL,6.48
2B/OF,Jace Peterson (17351832),Jace Peterson,17351832,2B/OF,3000,LAD@MIL 05/01/2021 07:10PM ET,MIL,5.1
OF,Kole Calhoun (17351831),Kole Calhoun,17351831,OF,3000,COL@ARI 05/01/2021 08:10PM ET,ARI,7.31
SS,Brandon Crawford (17351759),Brandon Crawford,17351759,SS,3000,SF@SD 05/01/2021 08:40PM ET,SF,6.04
2B,Donovan Solano (17351834),Donovan Solano,17351834,2B,3000,SF@SD 05/01/2021 08:40PM ET,SF,4.71
C,Max Stassi (17351760),Max Stassi,17351760,C,3000,LAA@SEA 05/01/2021 09:10PM ET,LAA,4.88
1B/3B,Josh Fuentes (17351762),Josh Fuentes,17351762,1B/3B,2900,COL@ARI 05/01/2021 08:10PM ET,COL,3.96
2B,Brendan Rodgers (17351836),Brendan Rodgers,17351836,2B,2900,COL@ARI 05/01/2021 08:10PM ET,COL,0
1B,Brandon Belt (17351764),Brandon Belt,17351764,1B,2900,SF@SD 05/01/2021 08:40PM ET,SF,6.24
OF,Darin Ruf (17351767),Darin Ruf,17351767,OF,2900,SF@SD 05/01/2021 08:40PM ET,SF,4.8
1B,Rowdy Tellez (17351835),Rowdy Tellez,17351835,1B,2900,ATL@TOR 05/01/2021 07:37PM ET,TOR,3.67
1B/OF,Jose Marmolejos (17351765),Jose Marmolejos,17351765,1B/OF,2900,LAA@SEA 05/01/2021 09:10PM ET,SEA,5
C,Jonah Heim (17351768),Jonah Heim,17351768,C,2900,BOS@TEX 05/01/2021 07:05PM ET,TEX,5
1B,Daniel Vogelbach (17351769),Daniel Vogelbach,17351769,1B,2800,LAD@MIL 05/01/2021 07:10PM ET,MIL,3.21
OF,Matt Beaty (17351774),Matt Beaty,17351774,OF,2800,LAD@MIL 05/01/2021 07:10PM ET,LAD,2.38
2B,Josh VanMeter (17351773),Josh VanMeter,17351773,2B,2800,COL@ARI 05/01/2021 08:10PM ET,ARI,3.32
OF,Tucupita Marcano (17351839),Tucupita Marcano,17351839,OF,2800,SF@SD 05/01/2021 08:40PM ET,SD,1.4
2B/3B,Joe Panik (17351771),Joe Panik,17351771,2B/3B,2800,ATL@TOR 05/01/2021 07:37PM ET,TOR,3.4
3B/SS,Orlando Arcia (17351837),Orlando Arcia,17351837,3B/SS,2800,ATL@TOR 05/01/2021 07:37PM ET,ATL,1.25
SS,J.P. Crawford (17351770),J.P. Crawford,17351770,SS,2800,LAA@SEA 05/01/2021 09:10PM ET,SEA,4.88
C,Curt Casali (17351778),Curt Casali,17351778,C,2700,SF@SD 05/01/2021 08:40PM ET,SF,2.77
1B/3B,Pablo Sandoval (17351775),Pablo Sandoval,17351775,1B/3B,2700,ATL@TOR 05/01/2021 07:37PM ET,ATL,3.84
C,Reese McGuire (17351842),Reese McGuire,17351842,C,2700,ATL@TOR 05/01/2021 07:37PM ET,TOR,0
2B,Jason Kipnis (17351843),Jason Kipnis,17351843,2B,2700,ATL@TOR 05/01/2021 07:37PM ET,ATL,0
2B,Christian Arroyo (17351777),Christian Arroyo,17351777,2B,2700,BOS@TEX 05/01/2021 07:05PM ET,BOS,5.37
3B/SS,Anderson Tejeda (17351840),Anderson Tejeda,17351840,3B/SS,2700,BOS@TEX 05/01/2021 07:05PM ET,TEX,2.4
OF,Zach McKinstry (17351847),Zach McKinstry,17351847,OF,2600,LAD@MIL 05/01/2021 07:10PM ET,LAD,7.47
C,Alex Jackson (17351780),Alex Jackson,17351780,C,2600,ATL@TOR 05/01/2021 07:37PM ET,ATL,1.89
OF,Scott Schebler (17351779),Scott Schebler,17351779,OF,2600,LAA@SEA 05/01/2021 09:10PM ET,LAA,2.44
C,Tom Murphy (17351781),Tom Murphy,17351781,C,2600,LAA@SEA 05/01/2021 09:10PM ET,SEA,3.4
OF,Dexter Fowler (17351844),Dexter Fowler,17351844,OF,2600,LAA@SEA 05/01/2021 09:10PM ET,LAA,4.29
OF,Taylor Ward (17351845),Taylor Ward,17351845,OF,2600,LAA@SEA 05/01/2021 09:10PM ET,LAA,0
C,Anthony Bemboom (17351846),Anthony Bemboom,17351846,C,2600,LAA@SEA 05/01/2021 09:10PM ET,LAA,3.5
2B/3B,Franklin Barreto (17351848),Franklin Barreto,17351848,2B/3B,2600,LAA@SEA 05/01/2021 09:10PM ET,LAA,0
OF,David Dahl (17351782),David Dahl,17351782,OF,2600,BOS@TEX 05/01/2021 07:05PM ET,TEX,4.70
3B,Brock Holt (17351783),Brock Holt,17351783,3B,2600,BOS@TEX 05/01/2021 07:05PM ET,TEX,5.29
OF,Jackie Bradley Jr. (17351786),Jackie Bradley Jr.,17351786,OF,2500,LAD@MIL 05/01/2021 07:10PM ET,MIL,5.71
C,Keibert Ruiz (17351854),Keibert Ruiz,17351854,C,2500,LAD@MIL 05/01/2021 07:10PM ET,LAD,0
OF,Yonathan Daza (17351784),Yonathan Daza,17351784,OF,2500,COL@ARI 05/01/2021 08:10PM ET,COL,3.77
SS,Geraldo Perdomo (17351853),Geraldo Perdomo,17351853,SS,2500,COL@ARI 05/01/2021 08:10PM ET,ARI,2.75
C,Luis Campusano (17351852),Luis Campusano,17351852,C,2500,SF@SD 05/01/2021 08:40PM ET,SD,1.73
2B/3B,Luis Rengifo (17351850),Luis Rengifo,17351850,2B/3B,2500,LAA@SEA 05/01/2021 09:10PM ET,LAA,1.75
2B/SS,Donovan Walton (17351857),Donovan Walton,17351857,2B/SS,2500,LAA@SEA 05/01/2021 09:10PM ET,SEA,0
OF,Willie Calhoun (17351785),Willie Calhoun,17351785,OF,2500,BOS@TEX 05/01/2021 07:05PM ET,TEX,6.27
OF,Franchy Cordero (17351787),Franchy Cordero,17351787,OF,2500,BOS@TEX 05/01/2021 07:05PM ET,BOS,3.1
1B/OF,Ronald Guzman (17351855),Ronald Guzman,17351855,1B/OF,2500,BOS@TEX 05/01/2021 07:05PM ET,TEX,2.29
C,Elias Diaz (17351789),Elias Diaz,17351789,C,2400,COL@ARI 05/01/2021 08:10PM ET,COL,2.29
OF,Tommy Pham (17351788),Tommy Pham,17351788,OF,2400,SF@SD 05/01/2021 08:40PM ET,SD,3.83
OF,Brian O'Grady (17351859),Brian O'Grady,17351859,OF,2400,SF@SD 05/01/2021 08:40PM ET,SD,0
3B/SS,Johan Camargo (17351790),Johan Camargo,17351790,3B/SS,2400,ATL@TOR 05/01/2021 07:37PM ET,ATL,0.22
3B/SS,Jack Mayfield (17351860),Jack Mayfield,17351860,3B/SS,2400,LAA@SEA 05/01/2021 09:10PM ET,SEA,0
1B,Michael Chavis (17351862),Michael Chavis,17351862,1B,2400,BOS@TEX 05/01/2021 07:05PM ET,BOS,2
C,Austin Barnes (17351792),Austin Barnes,17351792,C,2300,LAD@MIL 05/01/2021 07:10PM ET,LAD,4.07
OF,Nick Heath (17351793),Nick Heath,17351793,OF,2300,COL@ARI 05/01/2021 08:10PM ET,ARI,3
C,Jose Briceno (17351863),Jose Briceno,17351863,C,2300,COL@ARI 05/01/2021 08:10PM ET,COL,0
OF,Billy McKinney (17351796),Billy McKinney,17351796,OF,2200,LAD@MIL 05/01/2021 07:10PM ET,MIL,4.08
1B,Matt Davidson (17351866),Matt Davidson,17351866,1B,2200,LAD@MIL 05/01/2021 07:10PM ET,LAD,0
C/OF,Daulton Varsho (17351794),Daulton Varsho,17351794,C/OF,2200,COL@ARI 05/01/2021 08:10PM ET,ARI,2.33
OF/SS,Mauricio Dubon (17351797),Mauricio Dubon,17351797,SS/OF,2200,SF@SD 05/01/2021 08:40PM ET,SF,2.5
3B,Jason Vosler (17351799),Jason Vosler,17351799,3B,2200,SF@SD 05/01/2021 08:40PM ET,SF,5.25
OF,Jorge Ona (17351864),Jorge Ona,17351864,OF,2200,SF@SD 05/01/2021 08:40PM ET,SD,0
OF,Cristian Pache (17351867),Cristian Pache,17351867,OF,2200,ATL@TOR 05/01/2021 07:37PM ET,ATL,1.91
2B,Shed Long Jr. (17351865),Shed Long Jr.,17351865,2B,2200,LAA@SEA 05/01/2021 09:10PM ET,SEA,0
2B/SS,Daniel Robertson (17351868),Daniel Robertson,17351868,2B/SS,2100,LAD@MIL 05/01/2021 07:10PM ET,MIL,1.56
OF,LaMonte Wade Jr. (17351877),LaMonte Wade Jr.,17351877,OF,2100,SF@SD 05/01/2021 08:40PM ET,SF,3.33
C,Danny Jansen (17351800),Danny Jansen,17351800,C,2100,ATL@TOR 05/01/2021 07:37PM ET,TOR,1.5
OF,Ender Inciarte (17351870),Ender Inciarte,17351870,OF,2100,ATL@TOR 05/01/2021 07:37PM ET,ATL,2.25
2B/3B,Yolmer Sanchez (17351871),Yolmer Sanchez,17351871,2B/3B,2100,ATL@TOR 05/01/2021 07:37PM ET,ATL,0
SS,Ryan Goins (17351874),Ryan Goins,17351874,SS,2100,ATL@TOR 05/01/2021 07:37PM ET,ATL,0
C,Jeff Mathis (17351875),Jeff Mathis,17351875,C,2100,ATL@TOR 05/01/2021 07:37PM ET,ATL,0
OF,Phillip Ervin (17351876),Phillip Ervin,17351876,OF,2100,ATL@TOR 05/01/2021 07:37PM ET,ATL,0
OF,Cesar Puello (17351873),Cesar Puello,17351873,OF,2100,BOS@TEX 05/01/2021 07:05PM ET,BOS,0
C,Sam Huff (17351878),Sam Huff,17351878,C,2100,BOS@TEX 05/01/2021 07:05PM ET,TEX,0
1B/3B,Edwin Rios (17351802),Edwin Rios,17351802,1B/3B,2000,LAD@MIL 05/01/2021 07:10PM ET,LAD,2.05
OF,Tyrone Taylor (17351806),Tyrone Taylor,17351806,OF,2000,LAD@MIL 05/01/2021 07:10PM ET,MIL,5.43
2B,Pablo Reyes (17351807),Pablo Reyes,17351807,2B,2000,LAD@MIL 05/01/2021 07:10PM ET,MIL,1.67
C,Luke Maile (17351809),Luke Maile,17351809,C,2000,LAD@MIL 05/01/2021 07:10PM ET,MIL,2
OF,Luke Raley (17351879),Luke Raley,17351879,OF,2000,LAD@MIL 05/01/2021 07:10PM ET,LAD,3.43
OF,Rangel Ravelo (17351883),Rangel Ravelo,17351883,OF,2000,LAD@MIL 05/01/2021 07:10PM ET,LAD,0
OF,Steven Souza Jr. (17351893),Steven Souza Jr.,17351893,OF,2000,LAD@MIL 05/01/2021 07:10PM ET,LAD,0
SS,Elliot Soto (17351895),Elliot Soto,17351895,SS,2000,LAD@MIL 05/01/2021 07:10PM ET,LAD,0
OF,Mark Mathias (17351898),Mark Mathias,17351898,OF,2000,LAD@MIL 05/01/2021 07:10PM ET,MIL,0
OF,Tim Lopes (17351905),Tim Lopes,17351905,OF,2000,LAD@MIL 05/01/2021 07:10PM ET,MIL,0
OF,DJ Peters (17351908),DJ Peters,17351908,OF,2000,LAD@MIL 05/01/2021 07:10PM ET,LAD,0
OF,Derek Fisher (17351910),Derek Fisher,17351910,OF,2000,LAD@MIL 05/01/2021 07:10PM ET,MIL,0
2B/SS,Dee Strange-Gordon (17351911),Dee Strange-Gordon,17351911,2B/SS,2000,LAD@MIL 05/01/2021 07:10PM ET,MIL,0
3B/OF,Dustin Peterson (17351919),Dustin Peterson,17351919,3B/OF,2000,LAD@MIL 05/01/2021 07:10PM ET,MIL,0
SS,Omar Estevez (17351928),Omar Estevez,17351928,SS,2000,LAD@MIL 05/01/2021 07:10PM ET,LAD,0
OF,Dylan Cozens (17351930),Dylan Cozens,17351930,OF,2000,LAD@MIL 05/01/2021 07:10PM ET,MIL,0
OF,Garrett Mitchell (17351934),Garrett Mitchell,17351934,OF,2000,LAD@MIL 05/01/2021 07:10PM ET,MIL,0
3B,Zach Green (17351939),Zach Green,17351939,3B,2000,LAD@MIL 05/01/2021 07:10PM ET,MIL,0
2B,Andy Burns (17351944),Andy Burns,17351944,2B,2000,LAD@MIL 05/01/2021 07:10PM ET,LAD,0
OF,Andy Pages (17351949),Andy Pages,17351949,OF,2000,LAD@MIL 05/01/2021 07:10PM ET,LAD,0
OF,Corey Ray (17351951),Corey Ray,17351951,OF,2000,LAD@MIL 05/01/2021 07:10PM ET,MIL,4
OF,Tristen Lutz (17351966),Tristen Lutz,17351966,OF,2000,LAD@MIL 05/01/2021 07:10PM ET,MIL,0
C,Tim Federowicz (17351968),Tim Federowicz,17351968,C,2000,LAD@MIL 05/01/2021 07:10PM ET,LAD,0
OF,Micah Bello (17351970),Micah Bello,17351970,OF,2000,LAD@MIL 05/01/2021 07:10PM ET,MIL,0
2B,Devin Mann (17351975),Devin Mann,17351975,2B,2000,LAD@MIL 05/01/2021 07:10PM ET,LAD,0
C,Payton Henry (17351982),Payton Henry,17351982,C,2000,LAD@MIL 05/01/2021 07:10PM ET,MIL,0
3B,Kody Hoese (17351986),Kody Hoese,17351986,3B,2000,LAD@MIL 05/01/2021 07:10PM ET,LAD,0
OF,Hedbert Perez (17351994),Hedbert Perez,17351994,OF,2000,LAD@MIL 05/01/2021 07:10PM ET,MIL,0
SS,Freddy Zamora (17351999),Freddy Zamora,17351999,SS,2000,LAD@MIL 05/01/2021 07:10PM ET,MIL,0
SS,Jacob Amaya (17352007),Jacob Amaya,17352007,SS,2000,LAD@MIL 05/01/2021 07:10PM ET,LAD,0
3B,Miguel Vargas (17352008),Miguel Vargas,17352008,3B,2000,LAD@MIL 05/01/2021 07:10PM ET,LAD,0
C,Mario Feliciano (17352015),Mario Feliciano,17352015,C,2000,LAD@MIL 05/01/2021 07:10PM ET,MIL,0
OF,Zach Reks (17352021),Zach Reks,17352021,OF,2000,LAD@MIL 05/01/2021 07:10PM ET,LAD,0
2B,Michael Busch (17352027),Michael Busch,17352027,2B,2000,LAD@MIL 05/01/2021 07:10PM ET,LAD,0
SS,Brice Turang (17352039),Brice Turang,17352039,SS,2000,LAD@MIL 05/01/2021 07:10PM ET,MIL,0
SS,Alan Trejo (17351801),Alan Trejo,17351801,SS,2000,COL@ARI 05/01/2021 08:10PM ET,COL,1.33
C,Bryan Holaday (17351903),Bryan Holaday,17351903,C,2000,COL@ARI 05/01/2021 08:10PM ET,ARI,0
OF,Sam Hilliard (17351909),Sam Hilliard,17351909,OF,2000,COL@ARI 05/01/2021 08:10PM ET,COL,2.79
3B,Jose Gomez (17351924),Jose Gomez,17351924,3B,2000,COL@ARI 05/01/2021 08:10PM ET,COL,0
OF,Jake McCarthy (17351925),Jake McCarthy,17351925,OF,2000,COL@ARI 05/01/2021 08:10PM ET,ARI,0
C,Jamie Ritchie (17351927),Jamie Ritchie,17351927,C,2000,COL@ARI 05/01/2021 08:10PM ET,ARI,0
OF,Alek Thomas (17351936),Alek Thomas,17351936,OF,2000,COL@ARI 05/01/2021 08:10PM ET,ARI,0
C,Chris Rabago (17351947),Chris Rabago,17351947,C,2000,COL@ARI 05/01/2021 08:10PM ET,COL,0
OF,Seth Beer (17351948),Seth Beer,17351948,OF,2000,COL@ARI 05/01/2021 08:10PM ET,ARI,0
1B,Greg Bird (17351969),Greg Bird,17351969,1B,2000,COL@ARI 05/01/2021 08:10PM ET,COL,0
OF,Connor Joe (17351976),Connor Joe,17351976,OF,2000,COL@ARI 05/01/2021 08:10PM ET,COL,0
SS,Ryan Vilade (17351979),Ryan Vilade,17351979,SS,2000,COL@ARI 05/01/2021 08:10PM ET,COL,0
OF,Ian Desmond (17351980),Ian Desmond,17351980,OF,2000,COL@ARI 05/01/2021 08:10PM ET,COL,0
OF,Corbin Carroll (17351981),Corbin Carroll,17351981,OF,2000,COL@ARI 05/01/2021 08:10PM ET,ARI,0
3B,Elehuris Montero (17351987),Elehuris Montero,17351987,3B,2000,COL@ARI 05/01/2021 08:10PM ET,COL,0
2B/3B,Bret Boswell (17351988),Bret Boswell,17351988,2B/3B,2000,COL@ARI 05/01/2021 08:10PM ET,COL,0
SS,Domingo Leyba (17351998),Domingo Leyba,17351998,SS,2000,COL@ARI 05/01/2021 08:10PM ET,ARI,0
2B/SS,Eric Stamets (17352003),Eric Stamets,17352003,2B/SS,2000,COL@ARI 05/01/2021 08:10PM ET,COL,0
3B,Colton Welker (17352006),Colton Welker,17352006,3B,2000,COL@ARI 05/01/2021 08:10PM ET,COL,0
3B/SS,Juniel Querecuto (17352012),Juniel Querecuto,17352012,3B/SS,2000,COL@ARI 05/01/2021 08:10PM ET,ARI,0
OF,Trayce Thompson (17352019),Trayce Thompson,17352019,OF,2000,COL@ARI 05/01/2021 08:10PM ET,ARI,0
3B,Drew Ellis (17352028),Drew Ellis,17352028,3B,2000,COL@ARI 05/01/2021 08:10PM ET,ARI,0
OF,Stuart Fairchild (17352033),Stuart Fairchild,17352033,OF,2000,COL@ARI 05/01/2021 08:10PM ET,ARI,0
OF,Jameson Hannah (17352037),Jameson Hannah,17352037,OF,2000,COL@ARI 05/01/2021 08:10PM ET,COL,0
OF,Mike Tauchman (17351808),Mike Tauchman,17351808,OF,2000,SF@SD 05/01/2021 08:40PM ET,SF,3.31
C,Joey Bart (17351882),Joey Bart,17351882,C,2000,SF@SD 05/01/2021 08:40PM ET,SF,0
2B/3B,Thairo Estrada (17351889),Thairo Estrada,17351889,2B/3B,2000,SF@SD 05/01/2021 08:40PM ET,SF,0
OF,Steven Duggar (17351892),Steven Duggar,17351892,OF,2000,SF@SD 05/01/2021 08:40PM ET,SF,2.33
OF,Jaylin Davis (17351896),Jaylin Davis,17351896,OF,2000,SF@SD 05/01/2021 08:40PM ET,SF,0
OF,Luis Basabe (17351897),Luis Basabe,17351897,OF,2000,SF@SD 05/01/2021 08:40PM ET,SF,0
OF,Joe McCarthy (17351899),Joe McCarthy,17351899,OF,2000,SF@SD 05/01/2021 08:40PM ET,SF,0
SS,CJ Abrams (17351914),CJ Abrams,17351914,SS,2000,SF@SD 05/01/2021 08:40PM ET,SD,0
SS,Pedro Florimon (17351921),Pedro Florimon,17351921,SS,2000,SF@SD 05/01/2021 08:40PM ET,SD,0
2B/SS,Arismendy Alcantara (17351922),Arismendy Alcantara,17351922,2B/SS,2000,SF@SD 05/01/2021 08:40PM ET,SF,0
3B,Nick Tanielu (17351937),Nick Tanielu,17351937,3B,2000,SF@SD 05/01/2021 08:40PM ET,SD,0
C,Webster Rivas (17351940),Webster Rivas,17351940,C,2000,SF@SD 05/01/2021 08:40PM ET,SD,0
OF,Heliot Ramos (17351941),Heliot Ramos,17351941,OF,2000,SF@SD 05/01/2021 08:40PM ET,SF,0
OF,Skye Bolt (17351942),Skye Bolt,17351942,OF,2000,SF@SD 05/01/2021 08:40PM ET,SF,0
C,Wynston Sawyer (17351946),Wynston Sawyer,17351946,C,2000,SF@SD 05/01/2021 08:40PM ET,SD,0
SS,Marco Luciano (17351957),Marco Luciano,17351957,SS,2000,SF@SD 05/01/2021 08:40PM ET,SF,0
OF,John Andreoli (17351962),John Andreoli,17351962,OF,2000,SF@SD 05/01/2021 08:40PM ET,SD,0
OF,Robert Hassell III (17351967),Robert Hassell III,17351967,OF,2000,SF@SD 05/01/2021 08:40PM ET,SD,0
1B,Logan Wyatt (17351977),Logan Wyatt,17351977,1B,2000,SF@SD 05/01/2021 08:40PM ET,SF,0
3B,Will Wilson (17351985),Will Wilson,17351985,3B,2000,SF@SD 05/01/2021 08:40PM ET,SF,0
C,Patrick Bailey (17352005),Patrick Bailey,17352005,C,2000,SF@SD 05/01/2021 08:40PM ET,SF,0
1B/OF,Patrick Kivlehan (17352009),Patrick Kivlehan,17352009,1B/OF,2000,SF@SD 05/01/2021 08:40PM ET,SD,0
OF,Joshua Mears (17352022),Joshua Mears,17352022,OF,2000,SF@SD 05/01/2021 08:40PM ET,SD,0
OF,Hunter Bishop (17352032),Hunter Bishop,17352032,OF,2000,SF@SD 05/01/2021 08:40PM ET,SF,0
OF,Jonathan Davis (17351804),Jonathan Davis,17351804,OF,2000,ATL@TOR 05/01/2021 07:37PM ET,TOR,2.25
OF,Abraham Almonte (17351881),Abraham Almonte,17351881,OF,2000,ATL@TOR 05/01/2021 07:37PM ET,ATL,0
OF,Travis Demeritte (17351901),Travis Demeritte,17351901,OF,2000,ATL@TOR 05/01/2021 07:37PM ET,ATL,0
C,William Contreras (17351904),William Contreras,17351904,C,2000,ATL@TOR 05/01/2021 07:37PM ET,ATL,0
OF,Logan Warmoth (17351913),Logan Warmoth,17351913,OF,2000,ATL@TOR 05/01/2021 07:37PM ET,TOR,0
C,Jonathan Morales (17351916),Jonathan Morales,17351916,C,2000,ATL@TOR 05/01/2021 07:37PM ET,ATL,0
OF,Trey Harris (17351932),Trey Harris,17351932,OF,2000,ATL@TOR 05/01/2021 07:37PM ET,ATL,0
1B,Tyler White (17351938),Tyler White,17351938,1B,2000,ATL@TOR 05/01/2021 07:37PM ET,TOR,0
SS,Orelvis Martinez (17351943),Orelvis Martinez,17351943,SS,2000,ATL@TOR 05/01/2021 07:37PM ET,TOR,0
3B,Miguel Hiraldo (17351952),Miguel Hiraldo,17351952,3B,2000,ATL@TOR 05/01/2021 07:37PM ET,TOR,0
C,Juan Graterol (17351955),Juan Graterol,17351955,C,2000,ATL@TOR 05/01/2021 07:37PM ET,TOR,0
1B,Breyvic Valera (17351956),Breyvic Valera,17351956,1B,2000,ATL@TOR 05/01/2021 07:37PM ET,TOR,0
C,Gabriel Moreno (17351963),Gabriel Moreno,17351963,C,2000,ATL@TOR 05/01/2021 07:37PM ET,TOR,0
3B,Jordan Groshans (17351964),Jordan Groshans,17351964,3B,2000,ATL@TOR 05/01/2021 07:37PM ET,TOR,0
C,Riley Adams (17351971),Riley Adams,17351971,C,2000,ATL@TOR 05/01/2021 07:37PM ET,TOR,0
1B/SS,Sean Kazmar Jr. (17351973),Sean Kazmar Jr.,17351973,1B/SS,2000,ATL@TOR 05/01/2021 07:37PM ET,ATL,0
OF,Michael Harris (17351978),Michael Harris,17351978,OF,2000,ATL@TOR 05/01/2021 07:37PM ET,ATL,0
3B,Austin Martin (17351984),Austin Martin,17351984,3B,2000,ATL@TOR 05/01/2021 07:37PM ET,TOR,0
OF,Forrest Wall (17351991),Forrest Wall,17351991,OF,2000,ATL@TOR 05/01/2021 07:37PM ET,TOR,0
SS,Otto Lopez (17351993),Otto Lopez,17351993,SS,2000,ATL@TOR 05/01/2021 07:37PM ET,TOR,0
C,Shea Langeliers (17352002),Shea Langeliers,17352002,C,2000,ATL@TOR 05/01/2021 07:37PM ET,ATL,0
1B,Bryce Ball (17352014),Bryce Ball,17352014,1B,2000,ATL@TOR 05/01/2021 07:37PM ET,ATL,0
OF,Drew Waters (17352018),Drew Waters,17352018,OF,2000,ATL@TOR 05/01/2021 07:37PM ET,ATL,0
SS,Richard Urena (17352025),Richard Urena,17352025,SS,2000,ATL@TOR 05/01/2021 07:37PM ET,TOR,0
C,Logan Brown (17352030),Logan Brown,17352030,C,2000,ATL@TOR 05/01/2021 07:37PM ET,ATL,0
SS,Braden Shewmake (17352035),Braden Shewmake,17352035,SS,2000,ATL@TOR 05/01/2021 07:37PM ET,ATL,0
3B,Kevin Smith (17352040),Kevin Smith,17352040,3B,2000,ATL@TOR 05/01/2021 07:37PM ET,TOR,0
2B,Leonardo Jimenez (17352041),Leonardo Jimenez,17352041,2B,2000,ATL@TOR 05/01/2021 07:37PM ET,TOR,0
2B/OF,Phil Gosselin (17351885),Phil Gosselin,17351885,2B/OF,2000,LAA@SEA 05/01/2021 09:10PM ET,LAA,0
OF,Jo Adell (17351887),Jo Adell,17351887,OF,2000,LAA@SEA 05/01/2021 09:10PM ET,LAA,0
OF,Braden Bishop (17351891),Braden Bishop,17351891,OF,2000,LAA@SEA 05/01/2021 09:10PM ET,SEA,0.71
OF,Juan Lagares (17351894),Juan Lagares,17351894,OF,2000,LAA@SEA 05/01/2021 09:10PM ET,LAA,0
C,Jacob Nottingham (17351902),Jacob Nottingham,17351902,C,2000,LAA@SEA 05/01/2021 09:10PM ET,SEA,0
OF,Jon Jay (17351906),Jon Jay,17351906,OF,2000,LAA@SEA 05/01/2021 09:10PM ET,LAA,1.5
SS,Livan Soto (17351917),Livan Soto,17351917,SS,2000,LAA@SEA 05/01/2021 09:10PM ET,LAA,0
2B,Kean Wong (17351945),Kean Wong,17351945,2B,2000,LAA@SEA 05/01/2021 09:10PM ET,LAA,0
1B/OF,Sam Travis (17351953),Sam Travis,17351953,1B/OF,2000,LAA@SEA 05/01/2021 09:10PM ET,SEA,0
OF,Brandon Marsh (17351958),Brandon Marsh,17351958,OF,2000,LAA@SEA 05/01/2021 09:10PM ET,LAA,0
OF,Julio Rodriguez (17351965),Julio Rodriguez,17351965,OF,2000,LAA@SEA 05/01/2021 09:10PM ET,SEA,0
C,Cal Raleigh (17351996),Cal Raleigh,17351996,C,2000,LAA@SEA 05/01/2021 09:10PM ET,SEA,0
SS,Jeremiah Jackson (17352000),Jeremiah Jackson,17352000,SS,2000,LAA@SEA 05/01/2021 09:10PM ET,LAA,0
OF,Brennon Lund (17352001),Brennon Lund,17352001,OF,2000,LAA@SEA 05/01/2021 09:10PM ET,LAA,0
OF,Jarred Kelenic (17352016),Jarred Kelenic,17352016,OF,2000,LAA@SEA 05/01/2021 09:10PM ET,SEA,0
C,Jose Godoy (17352020),Jose Godoy,17352020,C,2000,LAA@SEA 05/01/2021 09:10PM ET,SEA,0
OF,Jordyn Adams (17352023),Jordyn Adams,17352023,OF,2000,LAA@SEA 05/01/2021 09:10PM ET,LAA,0
C,Jack Kruger (17352024),Jack Kruger,17352024,C,2000,LAA@SEA 05/01/2021 09:10PM ET,LAA,0
C,Brian O'Keefe (17352026),Brian O'Keefe,17352026,C,2000,LAA@SEA 05/01/2021 09:10PM ET,SEA,0
SS,Jack Reinheimer (17352038),Jack Reinheimer,17352038,SS,2000,LAA@SEA 05/01/2021 09:10PM ET,SEA,0
OF,Eli White (17351805),Eli White,17351805,OF,2000,BOS@TEX 05/01/2021 07:05PM ET,TEX,3.67
OF,Leody Taveras (17351880),Leody Taveras,17351880,OF,2000,BOS@TEX 05/01/2021 07:05PM ET,TEX,2.4
1B,Sherten Apostel (17351884),Sherten Apostel,17351884,1B,2000,BOS@TEX 05/01/2021 07:05PM ET,TEX,0
C,Drew Butera (17351888),Drew Butera,17351888,C,2000,BOS@TEX 05/01/2021 07:05PM ET,TEX,0
OF,Jason Martin (17351900),Jason Martin,17351900,OF,2000,BOS@TEX 05/01/2021 07:05PM ET,TEX,0
OF,Delino DeShields (17351907),Delino DeShields,17351907,OF,2000,BOS@TEX 05/01/2021 07:05PM ET,TEX,0
OF,Michael Gettys (17351915),Michael Gettys,17351915,OF,2000,BOS@TEX 05/01/2021 07:05PM ET,BOS,0
3B,Josh Jung (17351918),Josh Jung,17351918,3B,2000,BOS@TEX 05/01/2021 07:05PM ET,TEX,0
SS,Jeter Downs (17351926),Jeter Downs,17351926,SS,2000,BOS@TEX 05/01/2021 07:05PM ET,BOS,0
OF,Marcus Wilson (17351929),Marcus Wilson,17351929,OF,2000,BOS@TEX 05/01/2021 07:05PM ET,BOS,0
C,Ronaldo Hernandez (17351931),Ronaldo Hernandez,17351931,C,2000,BOS@TEX 05/01/2021 07:05PM ET,BOS,0
OF,Gilberto Jimenez (17351933),Gilberto Jimenez,17351933,OF,2000,BOS@TEX 05/01/2021 07:05PM ET,BOS,0
2B,Nick Yorke (17351935),Nick Yorke,17351935,2B,2000,BOS@TEX 05/01/2021 07:05PM ET,BOS,0
OF,Jeisson Rosario (17351950),Jeisson Rosario,17351950,OF,2000,BOS@TEX 05/01/2021 07:05PM ET,BOS,0
1B/C,John Hicks (17351959),John Hicks,17351959,C/1B,2000,BOS@TEX 05/01/2021 07:05PM ET,TEX,0
3B,Davis Wendzel (17351961),Davis Wendzel,17351961,3B,2000,BOS@TEX 05/01/2021 07:05PM ET,TEX,0
3B,Triston Casas (17351972),Triston Casas,17351972,3B,2000,BOS@TEX 05/01/2021 07:05PM ET,BOS,0
OF,Bubba Thompson (17351983),Bubba Thompson,17351983,OF,2000,BOS@TEX 05/01/2021 07:05PM ET,TEX,0
C,David Garcia (17351990),David Garcia,17351990,C,2000,BOS@TEX 05/01/2021 07:05PM ET,TEX,0
C,Chris Herrmann (17351992),Chris Herrmann,17351992,C,2000,BOS@TEX 05/01/2021 07:05PM ET,BOS,0
2B,Justin Foscue (17351995),Justin Foscue,17351995,2B,2000,BOS@TEX 05/01/2021 07:05PM ET,TEX,0
OF,Steele Walker (17351997),Steele Walker,17351997,OF,2000,BOS@TEX 05/01/2021 07:05PM ET,TEX,0
3B,Jonathan Ornelas (17352011),Jonathan Ornelas,17352011,3B,2000,BOS@TEX 05/01/2021 07:05PM ET,TEX,0
2B,Andy Ibanez (17352017),Andy Ibanez,17352017,2B,2000,BOS@TEX 05/01/2021 07:05PM ET,TEX,0
OF,Jarren Duran (17352029),Jarren Duran,17352029,OF,2000,BOS@TEX 05/01/2021 07:05PM ET,BOS,0
C,Jett Bandy (17352031),Jett Bandy,17352031,C,2000,BOS@TEX 05/01/2021 07:05PM ET,BOS,0
C,Connor Wong (17352034),Connor Wong,17352034,C,2000,BOS@TEX 05/01/2021 07:05PM ET,BOS,0
1B,Josh Ockimey (17352036),Josh Ockimey,17352036,1B,2000,BOS@TEX 05/01/2021 07:05PM ET,BOS,0
