Position,Name + ID,Name,ID,Roster Position,Salary,Game Info,TeamAbbrev,AvgPointsPerGame
SP,Jacob deGrom (17200198),Jacob deGrom,17200198,P,11100,NYM@CHC 04/22/2021 07:40PM ET,NYM,36.2
SP,Trevor Bauer (17200199),Trevor Bauer,17200199,P,10400,SD@LAD 04/22/2021 10:10PM ET,LAD,28.42
SP,Clayton Kershaw (17200200),Clayton Kershaw,17200200,P,10100,SD@LAD 04/22/2021 10:10PM ET,LAD,22.28
SP,Walker Buehler (17199857),Walker Buehler,17199857,P,10000,SD@LAD 04/22/2021 10:10PM ET,LAD,16.57
RP,Alec Mills (17200201),Alec Mills,17200201,P,9800,NYM@CHC 04/22/2021 07:40PM ET,CHC,3.68
RP,Framber Valdez (17200202),Framber Valdez,17200202,P,9800,LAA@HOU 04/22/2021 08:10PM ET,HOU,0
SP,Dustin May (17200203),Dustin May,17200203,P,9700,SD@LAD 04/22/2021 10:10PM ET,LAD,20.57
SP,Joe Musgrove (17200204),Joe Musgrove,17200204,P,9600,SD@LAD 04/22/2021 10:10PM ET,SD,27.1
SP,Jimmy Nelson (17200205),Jimmy Nelson,17200205,P,9600,SD@LAD 04/22/2021 10:10PM ET,LAD,3.46
SP,Cristian Javier (17199858),Cristian Javier,17199858,P,9600,LAA@HOU 04/22/2021 08:10PM ET,HOU,18.05
SP,Yu Darvish (17200206),Yu Darvish,17200206,P,9500,SD@LAD 04/22/2021 10:10PM ET,SD,22.22
SP,Dinelson Lamet (17200208),Dinelson Lamet,17200208,P,9500,SD@LAD 04/22/2021 10:10PM ET,SD,11.3
SP,Johnny Cueto (17200207),Johnny Cueto,17200207,P,9500,MIA@SF 04/22/2021 09:45PM ET,SF,23.6
SP,Julio Urias (17200209),Julio Urias,17200209,P,9300,SD@LAD 04/22/2021 10:10PM ET,LAD,22.84
SP,Tony Gonsolin (17200210),Tony Gonsolin,17200210,P,9000,SD@LAD 04/22/2021 10:10PM ET,LAD,0
SP,Chris Paddack (17200211),Chris Paddack,17200211,P,8900,SD@LAD 04/22/2021 10:10PM ET,SD,12.38
SP,David Price (17200212),David Price,17200212,P,8800,SD@LAD 04/22/2021 10:10PM ET,LAD,4.08
SP,Zach Davies (17200213),Zach Davies,17200213,P,8700,NYM@CHC 04/22/2021 07:40PM ET,CHC,2.32
SP,Nathan Eovaldi (17200215),Nathan Eovaldi,17200215,P,8600,SEA@BOS 04/22/2021 07:10PM ET,BOS,20.41
SP,Blake Snell (17200214),Blake Snell,17200214,P,8600,SD@LAD 04/22/2021 10:10PM ET,SD,13.82
SP,Trevor Williams (17199859),Trevor Williams,17199859,P,8500,NYM@CHC 04/22/2021 07:40PM ET,CHC,11.75
SP,Keegan Thompson (17200216),Keegan Thompson,17200216,P,8400,NYM@CHC 04/22/2021 07:40PM ET,CHC,0
SP,Justin Verlander (17200217),Justin Verlander,17200217,P,8400,LAA@HOU 04/22/2021 08:10PM ET,HOU,0
SP,Anthony DeSclafani (17200218),Anthony DeSclafani,17200218,P,8300,MIA@SF 04/22/2021 09:45PM ET,SF,13.65
SP,Sixto Sanchez (17200219),Sixto Sanchez,17200219,P,8200,MIA@SF 04/22/2021 09:45PM ET,MIA,0
SP,Noah Syndergaard (17200221),Noah Syndergaard,17200221,P,8100,NYM@CHC 04/22/2021 07:40PM ET,NYM,0
SP,Chris Sale (17200220),Chris Sale,17200220,P,8100,SEA@BOS 04/22/2021 07:10PM ET,BOS,0
SP,Tanner Houck (17200222),Tanner Houck,17200222,P,8100,SEA@BOS 04/22/2021 07:10PM ET,BOS,9.62
RP,Mike Kickham (17200223),Mike Kickham,17200223,P,8100,SD@LAD 04/22/2021 10:10PM ET,LAD,0
SP,Eduardo Rodriguez (17200226),Eduardo Rodriguez,17200226,P,8000,SEA@BOS 04/22/2021 07:10PM ET,BOS,21.2
SP,Jose Urquidy (17200224),Jose Urquidy,17200224,P,8000,LAA@HOU 04/22/2021 08:10PM ET,HOU,11.46
SP,Josh James (17200225),Josh James,17200225,P,8000,LAA@HOU 04/22/2021 08:10PM ET,HOU,0
RP,Shelby Miller (17200227),Shelby Miller,17200227,P,7900,NYM@CHC 04/22/2021 07:40PM ET,CHC,-4.9
SP,Justin Steele (17200228),Justin Steele,17200228,P,7900,NYM@CHC 04/22/2021 07:40PM ET,CHC,4.17
SP,Tyler Beede (17200229),Tyler Beede,17200229,P,7900,MIA@SF 04/22/2021 09:45PM ET,SF,0
SP,Marcus Stroman (17200231),Marcus Stroman,17200231,P,7800,NYM@CHC 04/22/2021 07:40PM ET,NYM,22.2
SP,Jake Arrieta (17200232),Jake Arrieta,17200232,P,7800,NYM@CHC 04/22/2021 07:40PM ET,CHC,16.52
SP,Drew Pomeranz (17200230),Drew Pomeranz,17200230,P,7800,SD@LAD 04/22/2021 10:10PM ET,SD,4.8
SP,Kyle Hendricks (17200233),Kyle Hendricks,17200233,P,7700,NYM@CHC 04/22/2021 07:40PM ET,CHC,6.48
SP,Carlos Carrasco (17200236),Carlos Carrasco,17200236,P,7700,NYM@CHC 04/22/2021 07:40PM ET,NYM,0
SP,Adrian Morejon (17200235),Adrian Morejon,17200235,P,7700,SD@LAD 04/22/2021 10:10PM ET,SD,4.15
SP,Alex Cobb (17199860),Alex Cobb,17199860,P,7700,LAA@HOU 04/22/2021 08:10PM ET,LAA,21.62
SP,Zack Greinke (17200234),Zack Greinke,17200234,P,7700,LAA@HOU 04/22/2021 08:10PM ET,HOU,16.54
RP,Seth Lugo (17200237),Seth Lugo,17200237,P,7600,NYM@CHC 04/22/2021 07:40PM ET,NYM,0
SP,Taijuan Walker (17200238),Taijuan Walker,17200238,P,7500,NYM@CHC 04/22/2021 07:40PM ET,NYM,15.83
SP,Adbert Alzolay (17200239),Adbert Alzolay,17200239,P,7500,NYM@CHC 04/22/2021 07:40PM ET,CHC,11.62
SP,Yusei Kikuchi (17200240),Yusei Kikuchi,17200240,P,7500,SEA@BOS 04/22/2021 07:10PM ET,SEA,15.45
SP,Nick Pivetta (17199861),Nick Pivetta,17199861,P,7400,SEA@BOS 04/22/2021 07:10PM ET,BOS,14.2
SP,Mike Clevinger (17200241),Mike Clevinger,17200241,P,7400,SD@LAD 04/22/2021 10:10PM ET,SD,0
SP,Corey Oswalt (17200244),Corey Oswalt,17200244,P,7300,NYM@CHC 04/22/2021 07:40PM ET,NYM,0
RP,Ryan Weathers (17199862),Ryan Weathers,17199862,P,7300,SD@LAD 04/22/2021 10:10PM ET,SD,9.89
SP,Alex Wood (17200243),Alex Wood,17200243,P,7300,MIA@SF 04/22/2021 09:45PM ET,SF,21.45
SP,Lance McCullers Jr. (17200242),Lance McCullers Jr.,17200242,P,7300,LAA@HOU 04/22/2021 08:10PM ET,HOU,12.92
RP,Ryan Pressly (17200245),Ryan Pressly,17200245,P,7300,LAA@HOU 04/22/2021 08:10PM ET,HOU,4.22
SP,Logan Webb (17200247),Logan Webb,17200247,P,7200,MIA@SF 04/22/2021 09:45PM ET,SF,7.28
SP,Dylan Bundy (17200246),Dylan Bundy,17200246,P,7200,LAA@HOU 04/22/2021 08:10PM ET,LAA,17.15
SP,Griffin Canning (17200248),Griffin Canning,17200248,P,7200,LAA@HOU 04/22/2021 08:10PM ET,LAA,12.03
SP,Aaron Sanchez (17199863),Aaron Sanchez,17199863,P,7100,MIA@SF 04/22/2021 09:45PM ET,SF,12.33
SP,Sandy Alcantara (17200249),Sandy Alcantara,17200249,P,7100,MIA@SF 04/22/2021 09:45PM ET,MIA,19.48
RP,Trevor Rogers (17200250),Trevor Rogers,17200250,P,7100,MIA@SF 04/22/2021 09:45PM ET,MIA,24.42
SP,Martin Perez (17200251),Martin Perez,17200251,P,7000,SEA@BOS 04/22/2021 07:10PM ET,BOS,7.25
SP,James Paxton (17200254),James Paxton,17200254,P,7000,SEA@BOS 04/22/2021 07:10PM ET,SEA,4.4
RP,Elieser Hernandez (17200252),Elieser Hernandez,17200252,P,7000,MIA@SF 04/22/2021 09:45PM ET,MIA,6.05
RP,Luis Garcia (17200253),Luis Garcia,17200253,P,7000,LAA@HOU 04/22/2021 08:10PM ET,HOU,13.27
SP,Jordan Yamamoto (17200259),Jordan Yamamoto,17200259,P,6900,NYM@CHC 04/22/2021 07:40PM ET,NYM,0
SP,David Peterson (17200260),David Peterson,17200260,P,6900,NYM@CHC 04/22/2021 07:40PM ET,NYM,13.07
SP,Garrett Richards (17200256),Garrett Richards,17200256,P,6900,SEA@BOS 04/22/2021 07:10PM ET,BOS,4.58
SP,Kevin Gausman (17200255),Kevin Gausman,17200255,P,6900,MIA@SF 04/22/2021 09:45PM ET,SF,19.54
RP,John Curtiss (17200257),John Curtiss,17200257,P,6900,MIA@SF 04/22/2021 09:45PM ET,MIA,4.72
SP,Caleb Baragar (17200258),Caleb Baragar,17200258,P,6900,MIA@SF 04/22/2021 09:45PM ET,SF,3.65
RP,Justin Dunn (17199864),Justin Dunn,17199864,P,6800,SEA@BOS 04/22/2021 07:10PM ET,SEA,13.68
SP,Kyle Hart (17200262),Kyle Hart,17200262,P,6800,SEA@BOS 04/22/2021 07:10PM ET,BOS,0
SP,Jose Suarez (17200261),Jose Suarez,17200261,P,6800,LAA@HOU 04/22/2021 08:10PM ET,LAA,0
SP,Jordan Holloway (17200263),Jordan Holloway,17200263,P,6700,MIA@SF 04/22/2021 09:45PM ET,MIA,10.5
RP,Matt Wisler (17200264),Matt Wisler,17200264,P,6700,MIA@SF 04/22/2021 09:45PM ET,SF,1.12
SP,Kendall Graveman (17200277),Kendall Graveman,17200277,P,6600,SEA@BOS 04/22/2021 07:10PM ET,SEA,6.52
SP,Mason Thompson (17200272),Mason Thompson,17200272,P,6600,SD@LAD 04/22/2021 10:10PM ET,SD,0
SP,Nabil Crismatt (17200273),Nabil Crismatt,17200273,P,6600,SD@LAD 04/22/2021 10:10PM ET,SD,7.2
SP,Anderson Espinoza (17200274),Anderson Espinoza,17200274,P,6600,SD@LAD 04/22/2021 10:10PM ET,SD,0
SP,MacKenzie Gore (17200275),MacKenzie Gore,17200275,P,6600,SD@LAD 04/22/2021 10:10PM ET,SD,0
SP,Jorge Guzman (17200276),Jorge Guzman,17200276,P,6600,MIA@SF 04/22/2021 09:45PM ET,MIA,0
RP,Brandon Bielak (17200265),Brandon Bielak,17200265,P,6600,LAA@HOU 04/22/2021 08:10PM ET,HOU,7.48
SP,Brett Conine (17200266),Brett Conine,17200266,P,6600,LAA@HOU 04/22/2021 08:10PM ET,HOU,0
SP,Shawn Dubin (17200267),Shawn Dubin,17200267,P,6600,LAA@HOU 04/22/2021 08:10PM ET,HOU,0
SP,Austin Hansen (17200268),Austin Hansen,17200268,P,6600,LAA@HOU 04/22/2021 08:10PM ET,HOU,0
SP,Blake Taylor (17200269),Blake Taylor,17200269,P,6600,LAA@HOU 04/22/2021 08:10PM ET,HOU,0.86
SP,Jairo Solis (17200270),Jairo Solis,17200270,P,6600,LAA@HOU 04/22/2021 08:10PM ET,HOU,0
SP,Andrew Heaney (17200271),Andrew Heaney,17200271,P,6600,LAA@HOU 04/22/2021 08:10PM ET,LAA,15.35
SP,Joey Lucchesi (17199865),Joey Lucchesi,17199865,P,6500,NYM@CHC 04/22/2021 07:40PM ET,NYM,6.82
SP,Chris Flexen (17200278),Chris Flexen,17200278,P,6500,SEA@BOS 04/22/2021 07:10PM ET,SEA,13.47
SP,Pablo Lopez (17200280),Pablo Lopez,17200280,P,6500,MIA@SF 04/22/2021 09:45PM ET,MIA,13.31
SP,Jaime Barria (17200279),Jaime Barria,17200279,P,6500,LAA@HOU 04/22/2021 08:10PM ET,LAA,-15.5
SP,Marco Gonzales (17200281),Marco Gonzales,17200281,P,6400,SEA@BOS 04/22/2021 07:10PM ET,SEA,10.91
SP,Erik Swanson (17200284),Erik Swanson,17200284,P,6400,SEA@BOS 04/22/2021 07:10PM ET,SEA,5.9
SP,Jose Quintana (17200282),Jose Quintana,17200282,P,6400,LAA@HOU 04/22/2021 08:10PM ET,LAA,7.57
SP,Dillon Peters (17200283),Dillon Peters,17200283,P,6400,LAA@HOU 04/22/2021 08:10PM ET,LAA,0
SP,Jake Odorizzi (17200285),Jake Odorizzi,17200285,P,6300,LAA@HOU 04/22/2021 08:10PM ET,HOU,6.72
RP,Robert Gsellman (17200286),Robert Gsellman,17200286,P,6200,NYM@CHC 04/22/2021 07:40PM ET,NYM,0.55
RP,Matt Andriese (17200287),Matt Andriese,17200287,P,6200,SEA@BOS 04/22/2021 07:10PM ET,BOS,4.51
RP,Colten Brewer (17200288),Colten Brewer,17200288,P,6200,SEA@BOS 04/22/2021 07:10PM ET,BOS,0
RP,Daniel Castano (17199866),Daniel Castano,17199866,P,6100,MIA@SF 04/22/2021 09:45PM ET,MIA,6.25
SP,Patrick Sandoval (17200289),Patrick Sandoval,17200289,P,6100,LAA@HOU 04/22/2021 08:10PM ET,LAA,0
OF,J.D. Martinez (17199867),J.D. Martinez,17199867,OF,6000,SEA@BOS 04/22/2021 07:10PM ET,BOS,13
SP,Nick Margevicius (17200290),Nick Margevicius,17200290,P,6000,SEA@BOS 04/22/2021 07:10PM ET,SEA,6.31
SP,Robert Dugger (17200291),Robert Dugger,17200291,P,5900,SEA@BOS 04/22/2021 07:10PM ET,SEA,0
SP,Ljay Newsome (17200292),Ljay Newsome,17200292,P,5900,SEA@BOS 04/22/2021 07:10PM ET,SEA,7.75
SP,Justus Sheffield (17200293),Justus Sheffield,17200293,P,5900,SEA@BOS 04/22/2021 07:10PM ET,SEA,12.3
OF,Mookie Betts (17199868),Mookie Betts,17199868,OF,5900,SD@LAD 04/22/2021 10:10PM ET,LAD,10
3B,Rafael Devers (17199869),Rafael Devers,17199869,3B,5800,SEA@BOS 04/22/2021 07:10PM ET,BOS,9.41
OF,Mike Trout (17199870),Mike Trout,17199870,OF,5800,LAA@HOU 04/22/2021 08:10PM ET,LAA,12.38
SS,Xander Bogaerts (17199871),Xander Bogaerts,17199871,SS,5700,SEA@BOS 04/22/2021 07:10PM ET,BOS,8.82
SP,Logan Gilbert (17200301),Logan Gilbert,17200301,P,5700,SEA@BOS 04/22/2021 07:10PM ET,SEA,0
SP,Anthony Misiewicz (17200302),Anthony Misiewicz,17200302,P,5700,SEA@BOS 04/22/2021 07:10PM ET,SEA,3.6
SP,Nick Neidert (17200300),Nick Neidert,17200300,P,5700,MIA@SF 04/22/2021 09:45PM ET,MIA,3.33
SP,Chris Rodriguez (17200294),Chris Rodriguez,17200294,P,5700,LAA@HOU 04/22/2021 08:10PM ET,LAA,6.85
SP,Denny Brady (17200295),Denny Brady,17200295,P,5700,LAA@HOU 04/22/2021 08:10PM ET,LAA,0
SP,Junior Guerra (17200296),Junior Guerra,17200296,P,5700,LAA@HOU 04/22/2021 08:10PM ET,LAA,5.84
SP,Reid Detmers (17200297),Reid Detmers,17200297,P,5700,LAA@HOU 04/22/2021 08:10PM ET,LAA,0
SP,Aaron Slegers (17200298),Aaron Slegers,17200298,P,5700,LAA@HOU 04/22/2021 08:10PM ET,LAA,2.57
SP,Jake Faria (17200299),Jake Faria,17200299,P,5700,LAA@HOU 04/22/2021 08:10PM ET,LAA,0
SS,Corey Seager (17199872),Corey Seager,17199872,SS,5600,SD@LAD 04/22/2021 10:10PM ET,LAD,9.41
SP,Braxton Garrett (17200303),Braxton Garrett,17200303,P,5600,MIA@SF 04/22/2021 09:45PM ET,MIA,0
3B,Justin Turner (17199873),Justin Turner,17199873,3B,5500,SD@LAD 04/22/2021 10:10PM ET,LAD,12.31
OF,Trent Grisham (17199874),Trent Grisham,17199874,OF,5400,SD@LAD 04/22/2021 10:10PM ET,SD,10.36
SP,Garrett Whitlock (17200304),Garrett Whitlock,17200304,P,5300,SEA@BOS 04/22/2021 07:10PM ET,BOS,10.11
1B,Max Muncy (17199875),Max Muncy,17199875,1B,5200,SD@LAD 04/22/2021 10:10PM ET,LAD,8.82
OF,Starling Marte (17200015),Starling Marte,17200015,OF,5200,MIA@SF 04/22/2021 09:45PM ET,MIA,10.67
C,Christian Vazquez (17199877),Christian Vazquez,17199877,C,5100,SEA@BOS 04/22/2021 07:10PM ET,BOS,7.38
SS,Carlos Correa (17199876),Carlos Correa,17199876,SS,5100,LAA@HOU 04/22/2021 08:10PM ET,HOU,7.35
1B/OF,Shohei Ohtani (17199878),Shohei Ohtani,17199878,1B/OF,5100,LAA@HOU 04/22/2021 08:10PM ET,LAA,2.28
1B,Pete Alonso (17199880),Pete Alonso,17199880,1B,5000,NYM@CHC 04/22/2021 07:40PM ET,NYM,7.54
3B,Manny Machado (17199881),Manny Machado,17199881,3B,5000,SD@LAD 04/22/2021 10:10PM ET,SD,8.90
OF,Michael Brantley (17199882),Michael Brantley,17199882,OF,5000,LAA@HOU 04/22/2021 08:10PM ET,HOU,7.64
2B/OF,Chris Taylor (17199883),Chris Taylor,17199883,2B/OF,4900,SD@LAD 04/22/2021 10:10PM ET,LAD,8.81
SS,Fernando Tatis Jr. (17199885),Fernando Tatis Jr.,17199885,SS,4800,SD@LAD 04/22/2021 10:10PM ET,SD,6.27
C,Will Smith (17199886),Will Smith,17199886,C,4800,SD@LAD 04/22/2021 10:10PM ET,LAD,7.23
OF,Mike Yastrzemski (17199888),Mike Yastrzemski,17199888,OF,4800,MIA@SF 04/22/2021 09:45PM ET,SF,5.67
3B,Alex Bregman (17199887),Alex Bregman,17199887,3B,4800,LAA@HOU 04/22/2021 08:10PM ET,HOU,7.46
SS,Francisco Lindor (17199889),Francisco Lindor,17199889,SS,4700,NYM@CHC 04/22/2021 07:40PM ET,NYM,6.23
3B,Kyle Seager (17199890),Kyle Seager,17199890,3B,4700,SEA@BOS 04/22/2021 07:10PM ET,SEA,6.12
1B/OF,Jared Walsh (17199891),Jared Walsh,17199891,1B/OF,4700,LAA@HOU 04/22/2021 08:10PM ET,LAA,9.87
2B,Jose Altuve (17200016),Jose Altuve,17200016,2B,4700,LAA@HOU 04/22/2021 08:10PM ET,HOU,8.82
SS,Javier Baez (17199893),Javier Baez,17199893,SS,4600,NYM@CHC 04/22/2021 07:40PM ET,CHC,9.47
C,Willson Contreras (17199895),Willson Contreras,17199895,C,4600,NYM@CHC 04/22/2021 07:40PM ET,CHC,9.44
OF,Dominic Smith (17199896),Dominic Smith,17199896,OF,4600,NYM@CHC 04/22/2021 07:40PM ET,NYM,5.5
1B,Yuli Gurriel (17199894),Yuli Gurriel,17199894,1B,4600,LAA@HOU 04/22/2021 08:10PM ET,HOU,8
3B,Kris Bryant (17199897),Kris Bryant,17199897,3B,4500,NYM@CHC 04/22/2021 07:40PM ET,CHC,9.75
OF,Yordan Alvarez (17199898),Yordan Alvarez,17199898,OF,4500,LAA@HOU 04/22/2021 08:10PM ET,HOU,7.92
1B,Anthony Rizzo (17199899),Anthony Rizzo,17199899,1B,4400,NYM@CHC 04/22/2021 07:40PM ET,CHC,8
OF,Alex Verdugo (17199901),Alex Verdugo,17199901,OF,4400,SEA@BOS 04/22/2021 07:10PM ET,BOS,8.67
3B,Evan Longoria (17199900),Evan Longoria,17199900,3B,4400,MIA@SF 04/22/2021 09:45PM ET,SF,8
3B,Anthony Rendon (17200017),Anthony Rendon,17200017,3B,4400,LAA@HOU 04/22/2021 08:10PM ET,LAA,7.5
OF,Wil Myers (17199902),Wil Myers,17199902,OF,4300,SD@LAD 04/22/2021 10:10PM ET,SD,7.53
SS,Miguel Rojas (17199903),Miguel Rojas,17199903,SS,4300,MIA@SF 04/22/2021 09:45PM ET,MIA,8.25
2B,Jeff McNeil (17199907),Jeff McNeil,17199907,2B,4200,NYM@CHC 04/22/2021 07:40PM ET,NYM,4.46
1B,Eric Hosmer (17199904),Eric Hosmer,17199904,1B,4200,SD@LAD 04/22/2021 10:10PM ET,SD,8.74
OF,Cody Bellinger (17200018),Cody Bellinger,17200018,OF,4200,SD@LAD 04/22/2021 10:10PM ET,LAD,7.75
C,Jason Castro (17199905),Jason Castro,17199905,C,4200,LAA@HOU 04/22/2021 08:10PM ET,HOU,6.71
OF,Kyle Tucker (17199906),Kyle Tucker,17199906,OF,4200,LAA@HOU 04/22/2021 08:10PM ET,HOU,6.41
OF,Mitch Haniger (17199908),Mitch Haniger,17199908,OF,4100,SEA@BOS 04/22/2021 07:10PM ET,SEA,9.71
OF,Kike Hernandez (17199909),Kike Hernandez,17199909,OF,4100,SEA@BOS 04/22/2021 07:10PM ET,BOS,7.05
1B/2B,Wilmer Flores (17199910),Wilmer Flores,17199910,1B/2B,4100,MIA@SF 04/22/2021 09:45PM ET,SF,3.44
RP,Brandon Workman (17200315),Brandon Workman,17200315,P,4000,NYM@CHC 04/22/2021 07:40PM ET,CHC,2.66
SP,Sam McWilliams (17200317),Sam McWilliams,17200317,P,4000,NYM@CHC 04/22/2021 07:40PM ET,NYM,0
RP,Tyson Miller (17200321),Tyson Miller,17200321,P,4000,NYM@CHC 04/22/2021 07:40PM ET,CHC,0
RP,Joe Biagini (17200330),Joe Biagini,17200330,P,4000,NYM@CHC 04/22/2021 07:40PM ET,CHC,0
RP,Jonathan Holder (17200336),Jonathan Holder,17200336,P,4000,NYM@CHC 04/22/2021 07:40PM ET,CHC,0
SP,Cory Abbott (17200338),Cory Abbott,17200338,P,4000,NYM@CHC 04/22/2021 07:40PM ET,CHC,0
RP,Pedro Strop (17200340),Pedro Strop,17200340,P,4000,NYM@CHC 04/22/2021 07:40PM ET,CHC,6.05
SP,Oscar De La Cruz (17200347),Oscar De La Cruz,17200347,P,4000,NYM@CHC 04/22/2021 07:40PM ET,NYM,0
RP,Tommy Hunter (17200352),Tommy Hunter,17200352,P,4000,NYM@CHC 04/22/2021 07:40PM ET,NYM,0
RP,Aaron Loup (17200353),Aaron Loup,17200353,P,4000,NYM@CHC 04/22/2021 07:40PM ET,NYM,3.6
RP,Jeurys Familia (17200363),Jeurys Familia,17200363,P,4000,NYM@CHC 04/22/2021 07:40PM ET,NYM,1.49
SP,Michael Rucker (17200368),Michael Rucker,17200368,P,4000,NYM@CHC 04/22/2021 07:40PM ET,CHC,0
RP,Brad Wieck (17200378),Brad Wieck,17200378,P,4000,NYM@CHC 04/22/2021 07:40PM ET,CHC,5.05
RP,Rex Brothers (17200380),Rex Brothers,17200380,P,4000,NYM@CHC 04/22/2021 07:40PM ET,CHC,3.58
RP,Jerry Blevins (17200381),Jerry Blevins,17200381,P,4000,NYM@CHC 04/22/2021 07:40PM ET,NYM,0
RP,Jerry Vasto (17200383),Jerry Vasto,17200383,P,4000,NYM@CHC 04/22/2021 07:40PM ET,CHC,0
RP,Edwin Diaz (17200385),Edwin Diaz,17200385,P,4000,NYM@CHC 04/22/2021 07:40PM ET,NYM,3.86
RP,Drew Smith (17200388),Drew Smith,17200388,P,4000,NYM@CHC 04/22/2021 07:40PM ET,NYM,0
RP,Manuel Rodriguez (17200394),Manuel Rodriguez,17200394,P,4000,NYM@CHC 04/22/2021 07:40PM ET,CHC,0
SP,Brendon Little (17200409),Brendon Little,17200409,P,4000,NYM@CHC 04/22/2021 07:40PM ET,CHC,0
RP,Jason Adam (17200412),Jason Adam,17200412,P,4000,NYM@CHC 04/22/2021 07:40PM ET,CHC,3.89
RP,Stephen Tarpley (17200413),Stephen Tarpley,17200413,P,4000,NYM@CHC 04/22/2021 07:40PM ET,NYM,0
SP,Kohl Stewart (17200422),Kohl Stewart,17200422,P,4000,NYM@CHC 04/22/2021 07:40PM ET,CHC,0
SP,Thomas Szapucki (17200426),Thomas Szapucki,17200426,P,4000,NYM@CHC 04/22/2021 07:40PM ET,NYM,0
SP,Franklyn Kilome (17200427),Franklyn Kilome,17200427,P,4000,NYM@CHC 04/22/2021 07:40PM ET,NYM,0
RP,Jake Jewell (17200429),Jake Jewell,17200429,P,4000,NYM@CHC 04/22/2021 07:40PM ET,CHC,0
RP,Yennsy Diaz (17200433),Yennsy Diaz,17200433,P,4000,NYM@CHC 04/22/2021 07:40PM ET,NYM,0
RP,Andrew Chafin (17200434),Andrew Chafin,17200434,P,4000,NYM@CHC 04/22/2021 07:40PM ET,CHC,2.89
RP,Daniel Zamora (17200439),Daniel Zamora,17200439,P,4000,NYM@CHC 04/22/2021 07:40PM ET,NYM,0
RP,Trevor Megill (17200442),Trevor Megill,17200442,P,4000,NYM@CHC 04/22/2021 07:40PM ET,CHC,0
RP,Ryan Meisinger (17200444),Ryan Meisinger,17200444,P,4000,NYM@CHC 04/22/2021 07:40PM ET,CHC,0
RP,Jacob Barnes (17200446),Jacob Barnes,17200446,P,4000,NYM@CHC 04/22/2021 07:40PM ET,NYM,0.47
SP,Jerad Eickhoff (17200463),Jerad Eickhoff,17200463,P,4000,NYM@CHC 04/22/2021 07:40PM ET,NYM,0
RP,Dillon Maples (17200469),Dillon Maples,17200469,P,4000,NYM@CHC 04/22/2021 07:40PM ET,CHC,7.29
RP,Ryley Gilliam (17200475),Ryley Gilliam,17200475,P,4000,NYM@CHC 04/22/2021 07:40PM ET,NYM,0
RP,Miguel Castro (17200478),Miguel Castro,17200478,P,4000,NYM@CHC 04/22/2021 07:40PM ET,NYM,3.99
SP,Matthew Allan (17200480),Matthew Allan,17200480,P,4000,NYM@CHC 04/22/2021 07:40PM ET,NYM,0
RP,Trevor May (17200481),Trevor May,17200481,P,4000,NYM@CHC 04/22/2021 07:40PM ET,NYM,3.79
SP,Sean Reid-Foley (17200482),Sean Reid-Foley,17200482,P,4000,NYM@CHC 04/22/2021 07:40PM ET,NYM,0
RP,Stephen Nogosek (17200485),Stephen Nogosek,17200485,P,4000,NYM@CHC 04/22/2021 07:40PM ET,NYM,0
RP,Ryan Tepera (17200490),Ryan Tepera,17200490,P,4000,NYM@CHC 04/22/2021 07:40PM ET,CHC,1.57
RP,Rowan Wick (17200492),Rowan Wick,17200492,P,4000,NYM@CHC 04/22/2021 07:40PM ET,CHC,0
RP,Trevor Hildenberger (17200498),Trevor Hildenberger,17200498,P,4000,NYM@CHC 04/22/2021 07:40PM ET,NYM,0.52
RP,Robert Stock (17200500),Robert Stock,17200500,P,4000,NYM@CHC 04/22/2021 07:40PM ET,CHC,0
RP,Dan Winkler (17200502),Dan Winkler,17200502,P,4000,NYM@CHC 04/22/2021 07:40PM ET,CHC,2.46
RP,Craig Kimbrel (17200503),Craig Kimbrel,17200503,P,4000,NYM@CHC 04/22/2021 07:40PM ET,CHC,5.77
RP,Arodys Vizcaino (17200504),Arodys Vizcaino,17200504,P,4000,NYM@CHC 04/22/2021 07:40PM ET,NYM,0
RP,Dellin Betances (17200510),Dellin Betances,17200510,P,4000,NYM@CHC 04/22/2021 07:40PM ET,NYM,1.05
2B/OF,Dylan Moore (17199913),Dylan Moore,17199913,2B/OF,4000,SEA@BOS 04/22/2021 07:10PM ET,SEA,4.94
RP,Matt Hall (17200305),Matt Hall,17200305,P,4000,SEA@BOS 04/22/2021 07:10PM ET,BOS,0
RP,Ryan Weber (17200307),Ryan Weber,17200307,P,4000,SEA@BOS 04/22/2021 07:10PM ET,BOS,0
RP,Ryan Brasier (17200308),Ryan Brasier,17200308,P,4000,SEA@BOS 04/22/2021 07:10PM ET,BOS,0
RP,Kevin McCarthy (17200320),Kevin McCarthy,17200320,P,4000,SEA@BOS 04/22/2021 07:10PM ET,BOS,0
RP,Hector Rondon (17200329),Hector Rondon,17200329,P,4000,SEA@BOS 04/22/2021 07:10PM ET,BOS,0
RP,Casey Sadler (17200337),Casey Sadler,17200337,P,4000,SEA@BOS 04/22/2021 07:10PM ET,SEA,3
RP,Drew Steckenrider (17200348),Drew Steckenrider,17200348,P,4000,SEA@BOS 04/22/2021 07:10PM ET,SEA,2.97
RP,Yohan Ramirez (17200361),Yohan Ramirez,17200361,P,4000,SEA@BOS 04/22/2021 07:10PM ET,SEA,0
RP,Durbin Feltman (17200362),Durbin Feltman,17200362,P,4000,SEA@BOS 04/22/2021 07:10PM ET,BOS,0
RP,Caleb Simpson (17200364),Caleb Simpson,17200364,P,4000,SEA@BOS 04/22/2021 07:10PM ET,BOS,0
SP,Stephen Gonsalves (17200369),Stephen Gonsalves,17200369,P,4000,SEA@BOS 04/22/2021 07:10PM ET,BOS,0
RP,Keynan Middleton (17200371),Keynan Middleton,17200371,P,4000,SEA@BOS 04/22/2021 07:10PM ET,SEA,2.16
RP,Brady Lail (17200372),Brady Lail,17200372,P,4000,SEA@BOS 04/22/2021 07:10PM ET,SEA,0
RP,Taylor Guerrieri (17200376),Taylor Guerrieri,17200376,P,4000,SEA@BOS 04/22/2021 07:10PM ET,SEA,0
RP,Paul Sewald (17200379),Paul Sewald,17200379,P,4000,SEA@BOS 04/22/2021 07:10PM ET,SEA,0
RP,Adam Ottavino (17200395),Adam Ottavino,17200395,P,4000,SEA@BOS 04/22/2021 07:10PM ET,BOS,3.36
RP,Austin Brice (17200397),Austin Brice,17200397,P,4000,SEA@BOS 04/22/2021 07:10PM ET,BOS,1.22
RP,Ken Giles (17200402),Ken Giles,17200402,P,4000,SEA@BOS 04/22/2021 07:10PM ET,SEA,0
RP,Jimmy Yacabonis (17200403),Jimmy Yacabonis,17200403,P,4000,SEA@BOS 04/22/2021 07:10PM ET,SEA,0
RP,JT Chargois (17200405),JT Chargois,17200405,P,4000,SEA@BOS 04/22/2021 07:10PM ET,SEA,0
RP,John Schreiber (17200410),John Schreiber,17200410,P,4000,SEA@BOS 04/22/2021 07:10PM ET,BOS,0
RP,Domingo Tapia (17200411),Domingo Tapia,17200411,P,4000,SEA@BOS 04/22/2021 07:10PM ET,SEA,0
RP,Brandon Brennan (17200418),Brandon Brennan,17200418,P,4000,SEA@BOS 04/22/2021 07:10PM ET,SEA,0
SP,Jay Groome (17200438),Jay Groome,17200438,P,4000,SEA@BOS 04/22/2021 07:10PM ET,BOS,0
RP,Wyatt Mills (17200441),Wyatt Mills,17200441,P,4000,SEA@BOS 04/22/2021 07:10PM ET,SEA,0
SP,Connor Seabold (17200443),Connor Seabold,17200443,P,4000,SEA@BOS 04/22/2021 07:10PM ET,BOS,0
RP,Andres Munoz (17200445),Andres Munoz,17200445,P,4000,SEA@BOS 04/22/2021 07:10PM ET,SEA,0
RP,Aaron Fletcher (17200450),Aaron Fletcher,17200450,P,4000,SEA@BOS 04/22/2021 07:10PM ET,SEA,0
SP,Thad Ward (17200455),Thad Ward,17200455,P,4000,SEA@BOS 04/22/2021 07:10PM ET,BOS,0
RP,Matt Barnes (17200456),Matt Barnes,17200456,P,4000,SEA@BOS 04/22/2021 07:10PM ET,BOS,6.41
RP,Hirokazu Sawamura (17200457),Hirokazu Sawamura,17200457,P,4000,SEA@BOS 04/22/2021 07:10PM ET,BOS,2.86
SP,Darwinzon Hernandez (17200462),Darwinzon Hernandez,17200462,P,4000,SEA@BOS 04/22/2021 07:10PM ET,BOS,2.41
RP,Eduard Bazardo (17200468),Eduard Bazardo,17200468,P,4000,SEA@BOS 04/22/2021 07:10PM ET,BOS,3.05
RP,Zac Grotz (17200477),Zac Grotz,17200477,P,4000,SEA@BOS 04/22/2021 07:10PM ET,BOS,0
RP,Will Vest (17200493),Will Vest,17200493,P,4000,SEA@BOS 04/22/2021 07:10PM ET,SEA,4.14
RP,Joey Gerber (17200494),Joey Gerber,17200494,P,4000,SEA@BOS 04/22/2021 07:10PM ET,SEA,0
RP,Marcus Walden (17200505),Marcus Walden,17200505,P,4000,SEA@BOS 04/22/2021 07:10PM ET,BOS,0
RP,Josh Taylor (17200506),Josh Taylor,17200506,P,4000,SEA@BOS 04/22/2021 07:10PM ET,BOS,0.12
SP,Daniel Gossett (17200507),Daniel Gossett,17200507,P,4000,SEA@BOS 04/22/2021 07:10PM ET,BOS,0
RP,Phillips Valdez (17200511),Phillips Valdez,17200511,P,4000,SEA@BOS 04/22/2021 07:10PM ET,BOS,4.55
RP,Rafael Montero (17200513),Rafael Montero,17200513,P,4000,SEA@BOS 04/22/2021 07:10PM ET,SEA,3.07
2B,Gavin Lux (17200019),Gavin Lux,17200019,2B,4000,SD@LAD 04/22/2021 10:10PM ET,LAD,4.92
RP,Joe Kelly (17200306),Joe Kelly,17200306,P,4000,SD@LAD 04/22/2021 10:10PM ET,LAD,0
RP,Craig Stammen (17200309),Craig Stammen,17200309,P,4000,SD@LAD 04/22/2021 10:10PM ET,SD,5.72
RP,Brusdar Graterol (17200310),Brusdar Graterol,17200310,P,4000,SD@LAD 04/22/2021 10:10PM ET,LAD,-0.3
RP,Michel Baez (17200311),Michel Baez,17200311,P,4000,SD@LAD 04/22/2021 10:10PM ET,SD,0
RP,Victor Gonzalez (17200312),Victor Gonzalez,17200312,P,4000,SD@LAD 04/22/2021 10:10PM ET,LAD,1.99
RP,Keone Kela (17200313),Keone Kela,17200313,P,4000,SD@LAD 04/22/2021 10:10PM ET,SD,4.1
RP,Alex Vesia (17200316),Alex Vesia,17200316,P,4000,SD@LAD 04/22/2021 10:10PM ET,LAD,0
RP,Kenley Jansen (17200325),Kenley Jansen,17200325,P,4000,SD@LAD 04/22/2021 10:10PM ET,LAD,4.17
SP,Edwin Uceta (17200326),Edwin Uceta,17200326,P,4000,SD@LAD 04/22/2021 10:10PM ET,LAD,0
RP,Miguel Diaz (17200339),Miguel Diaz,17200339,P,4000,SD@LAD 04/22/2021 10:10PM ET,SD,0
RP,James Pazos (17200341),James Pazos,17200341,P,4000,SD@LAD 04/22/2021 10:10PM ET,LAD,0
SP,Landon Knack (17200343),Landon Knack,17200343,P,4000,SD@LAD 04/22/2021 10:10PM ET,LAD,0
RP,Tim Hill (17200350),Tim Hill,17200350,P,4000,SD@LAD 04/22/2021 10:10PM ET,SD,2.74
RP,Nick Ramirez (17200356),Nick Ramirez,17200356,P,4000,SD@LAD 04/22/2021 10:10PM ET,SD,4.78
RP,Matt Strahm (17200357),Matt Strahm,17200357,P,4000,SD@LAD 04/22/2021 10:10PM ET,SD,0
RP,Tommy Kahnle (17200360),Tommy Kahnle,17200360,P,4000,SD@LAD 04/22/2021 10:10PM ET,LAD,0
SP,Michael Grove (17200365),Michael Grove,17200365,P,4000,SD@LAD 04/22/2021 10:10PM ET,LAD,0
RP,Parker Markel (17200366),Parker Markel,17200366,P,4000,SD@LAD 04/22/2021 10:10PM ET,SD,0
RP,Jose Castillo (17200370),Jose Castillo,17200370,P,4000,SD@LAD 04/22/2021 10:10PM ET,SD,0
RP,Blake Treinen (17200374),Blake Treinen,17200374,P,4000,SD@LAD 04/22/2021 10:10PM ET,LAD,3.42
RP,Austin Adams (17200375),Austin Adams,17200375,P,4000,SD@LAD 04/22/2021 10:10PM ET,SD,2.44
RP,Aaron Northcraft (17200377),Aaron Northcraft,17200377,P,4000,SD@LAD 04/22/2021 10:10PM ET,SD,0
RP,Pierce Johnson (17200391),Pierce Johnson,17200391,P,4000,SD@LAD 04/22/2021 10:10PM ET,SD,3.87
RP,Corey Knebel (17200398),Corey Knebel,17200398,P,4000,SD@LAD 04/22/2021 10:10PM ET,LAD,4.07
SP,Andre Jackson (17200399),Andre Jackson,17200399,P,4000,SD@LAD 04/22/2021 10:10PM ET,LAD,0
RP,Chase Johnson (17200404),Chase Johnson,17200404,P,4000,SD@LAD 04/22/2021 10:10PM ET,SD,0
SP,Josiah Gray (17200408),Josiah Gray,17200408,P,4000,SD@LAD 04/22/2021 10:10PM ET,LAD,0
RP,Enny Romero (17200414),Enny Romero,17200414,P,4000,SD@LAD 04/22/2021 10:10PM ET,LAD,0
RP,Javy Guerra (17200419),Javy Guerra,17200419,P,4000,SD@LAD 04/22/2021 10:10PM ET,SD,0
RP,Mark Melancon (17200421),Mark Melancon,17200421,P,4000,SD@LAD 04/22/2021 10:10PM ET,SD,3.81
RP,Taylor Williams (17200425),Taylor Williams,17200425,P,4000,SD@LAD 04/22/2021 10:10PM ET,SD,3.44
RP,Garrett Cleavinger (17200431),Garrett Cleavinger,17200431,P,4000,SD@LAD 04/22/2021 10:10PM ET,LAD,0
RP,Scott Alexander (17200452),Scott Alexander,17200452,P,4000,SD@LAD 04/22/2021 10:10PM ET,LAD,1.69
RP,Dennis Santana (17200460),Dennis Santana,17200460,P,4000,SD@LAD 04/22/2021 10:10PM ET,LAD,1.36
SP,Gerardo Carrillo (17200470),Gerardo Carrillo,17200470,P,4000,SD@LAD 04/22/2021 10:10PM ET,LAD,0
RP,Emilio Pagan (17200473),Emilio Pagan,17200473,P,4000,SD@LAD 04/22/2021 10:10PM ET,SD,4.36
RP,Trey Wingenter (17200476),Trey Wingenter,17200476,P,4000,SD@LAD 04/22/2021 10:10PM ET,SD,0
RP,Bobby Miller (17200479),Bobby Miller,17200479,P,4000,SD@LAD 04/22/2021 10:10PM ET,LAD,0
RP,Caleb Ferguson (17200483),Caleb Ferguson,17200483,P,4000,SD@LAD 04/22/2021 10:10PM ET,LAD,0
RP,Dan Altavilla (17200488),Dan Altavilla,17200488,P,4000,SD@LAD 04/22/2021 10:10PM ET,SD,2.2
SP,Ryan Pepiot (17200496),Ryan Pepiot,17200496,P,4000,SD@LAD 04/22/2021 10:10PM ET,LAD,0
RP,Daniel Camarena (17200497),Daniel Camarena,17200497,P,4000,SD@LAD 04/22/2021 10:10PM ET,SD,0
RP,James Norwood (17200499),James Norwood,17200499,P,4000,SD@LAD 04/22/2021 10:10PM ET,SD,0
SP,Kendall Williams (17200508),Kendall Williams,17200508,P,4000,SD@LAD 04/22/2021 10:10PM ET,LAD,0
RP,Mitch White (17200509),Mitch White,17200509,P,4000,SD@LAD 04/22/2021 10:10PM ET,LAD,0
OF,Adam Duvall (17199912),Adam Duvall,17199912,OF,4000,MIA@SF 04/22/2021 09:45PM ET,MIA,8
RP,Zach Pop (17200318),Zach Pop,17200318,P,4000,MIA@SF 04/22/2021 09:45PM ET,MIA,0.19
RP,Alexander Guillen (17200319),Alexander Guillen,17200319,P,4000,MIA@SF 04/22/2021 09:45PM ET,MIA,0
SP,Shun Yamaguchi (17200323),Shun Yamaguchi,17200323,P,4000,MIA@SF 04/22/2021 09:45PM ET,SF,0
SP,Anthony Banda (17200324),Anthony Banda,17200324,P,4000,MIA@SF 04/22/2021 09:45PM ET,SF,0
SP,Dedniel Nunez (17200327),Dedniel Nunez,17200327,P,4000,MIA@SF 04/22/2021 09:45PM ET,SF,0
RP,Trevor Gott (17200328),Trevor Gott,17200328,P,4000,MIA@SF 04/22/2021 09:45PM ET,SF,0
SP,Gregory Santos (17200331),Gregory Santos,17200331,P,4000,MIA@SF 04/22/2021 09:45PM ET,SF,0
RP,Tyler Cyr (17200332),Tyler Cyr,17200332,P,4000,MIA@SF 04/22/2021 09:45PM ET,SF,0
SP,Nick Tropeano (17200334),Nick Tropeano,17200334,P,4000,MIA@SF 04/22/2021 09:45PM ET,SF,0
RP,Jarlin Garcia (17200335),Jarlin Garcia,17200335,P,4000,MIA@SF 04/22/2021 09:45PM ET,SF,2.85
RP,Philip Pfeifer (17200342),Philip Pfeifer,17200342,P,4000,MIA@SF 04/22/2021 09:45PM ET,SF,0
RP,Shawn Morimando (17200344),Shawn Morimando,17200344,P,4000,MIA@SF 04/22/2021 09:45PM ET,MIA,0
RP,Tommy Eveld (17200351),Tommy Eveld,17200351,P,4000,MIA@SF 04/22/2021 09:45PM ET,MIA,0
SP,Scott Kazmir (17200355),Scott Kazmir,17200355,P,4000,MIA@SF 04/22/2021 09:45PM ET,SF,0
SP,Tristan Beck (17200373),Tristan Beck,17200373,P,4000,MIA@SF 04/22/2021 09:45PM ET,SF,0
RP,Dominic Leone (17200382),Dominic Leone,17200382,P,4000,MIA@SF 04/22/2021 09:45PM ET,SF,0
RP,Richard Bleier (17200384),Richard Bleier,17200384,P,4000,MIA@SF 04/22/2021 09:45PM ET,MIA,2.06
RP,Paul Campbell (17200387),Paul Campbell,17200387,P,4000,MIA@SF 04/22/2021 09:45PM ET,MIA,1.3
RP,Anthony Bass (17200390),Anthony Bass,17200390,P,4000,MIA@SF 04/22/2021 09:45PM ET,MIA,1.48
RP,Dylan Floro (17200392),Dylan Floro,17200392,P,4000,MIA@SF 04/22/2021 09:45PM ET,MIA,3.13
RP,Rico Garcia (17200400),Rico Garcia,17200400,P,4000,MIA@SF 04/22/2021 09:45PM ET,SF,0
RP,Sam Wolff (17200407),Sam Wolff,17200407,P,4000,MIA@SF 04/22/2021 09:45PM ET,SF,0
SP,Zack Littell (17200415),Zack Littell,17200415,P,4000,MIA@SF 04/22/2021 09:45PM ET,SF,0
RP,Camilo Doval (17200416),Camilo Doval,17200416,P,4000,MIA@SF 04/22/2021 09:45PM ET,SF,3.65
RP,Jose Alvarez (17200417),Jose Alvarez,17200417,P,4000,MIA@SF 04/22/2021 09:45PM ET,SF,2.96
RP,John Brebbia (17200424),John Brebbia,17200424,P,4000,MIA@SF 04/22/2021 09:45PM ET,SF,0
RP,Jake McGee (17200432),Jake McGee,17200432,P,4000,MIA@SF 04/22/2021 09:45PM ET,SF,3.5
RP,Tyler Rogers (17200437),Tyler Rogers,17200437,P,4000,MIA@SF 04/22/2021 09:45PM ET,SF,3.06
RP,Daniel Alvarez (17200440),Daniel Alvarez,17200440,P,4000,MIA@SF 04/22/2021 09:45PM ET,SF,0
RP,Reyes Moronta (17200448),Reyes Moronta,17200448,P,4000,MIA@SF 04/22/2021 09:45PM ET,SF,2.6
RP,Adam Cimber (17200449),Adam Cimber,17200449,P,4000,MIA@SF 04/22/2021 09:45PM ET,MIA,2.01
RP,James Sherfy (17200454),James Sherfy,17200454,P,4000,MIA@SF 04/22/2021 09:45PM ET,SF,0
RP,Silvino Bracho (17200459),Silvino Bracho,17200459,P,4000,MIA@SF 04/22/2021 09:45PM ET,SF,0
RP,Conner Menez (17200461),Conner Menez,17200461,P,4000,MIA@SF 04/22/2021 09:45PM ET,SF,0
RP,Sam Selman (17200467),Sam Selman,17200467,P,4000,MIA@SF 04/22/2021 09:45PM ET,SF,0
RP,Ross Detwiler (17200471),Ross Detwiler,17200471,P,4000,MIA@SF 04/22/2021 09:45PM ET,MIA,3.28
SP,Kervin Castro (17200472),Kervin Castro,17200472,P,4000,MIA@SF 04/22/2021 09:45PM ET,SF,0
RP,Jay Jackson (17200486),Jay Jackson,17200486,P,4000,MIA@SF 04/22/2021 09:45PM ET,SF,0
RP,Wandy Peralta (17200487),Wandy Peralta,17200487,P,4000,MIA@SF 04/22/2021 09:45PM ET,SF,2.59
RP,Jeff Brigham (17200489),Jeff Brigham,17200489,P,4000,MIA@SF 04/22/2021 09:45PM ET,MIA,0
RP,Yimi Garcia (17200501),Yimi Garcia,17200501,P,4000,MIA@SF 04/22/2021 09:45PM ET,MIA,4.44
2B/3B,Aledmys Diaz (17199915),Aledmys Diaz,17199915,2B/3B,4000,LAA@HOU 04/22/2021 08:10PM ET,HOU,6.46
RP,Steve Cishek (17200314),Steve Cishek,17200314,P,4000,LAA@HOU 04/22/2021 08:10PM ET,LAA,1.91
RP,Ben Rowen (17200322),Ben Rowen,17200322,P,4000,LAA@HOU 04/22/2021 08:10PM ET,LAA,2.58
RP,Raisel Iglesias (17200333),Raisel Iglesias,17200333,P,4000,LAA@HOU 04/22/2021 08:10PM ET,LAA,3.92
RP,Felix Pena (17200345),Felix Pena,17200345,P,4000,LAA@HOU 04/22/2021 08:10PM ET,LAA,0
RP,Francis Martes (17200346),Francis Martes,17200346,P,4000,LAA@HOU 04/22/2021 08:10PM ET,HOU,0
RP,Gerardo Reyes (17200349),Gerardo Reyes,17200349,P,4000,LAA@HOU 04/22/2021 08:10PM ET,LAA,0
RP,Riley Ferrell (17200354),Riley Ferrell,17200354,P,4000,LAA@HOU 04/22/2021 08:10PM ET,HOU,0
RP,Hector Yan (17200358),Hector Yan,17200358,P,4000,LAA@HOU 04/22/2021 08:10PM ET,LAA,0
RP,Luke Bard (17200359),Luke Bard,17200359,P,4000,LAA@HOU 04/22/2021 08:10PM ET,LAA,0
RP,Hector Velazquez (17200367),Hector Velazquez,17200367,P,4000,LAA@HOU 04/22/2021 08:10PM ET,HOU,0
RP,Brooks Raley (17200386),Brooks Raley,17200386,P,4000,LAA@HOU 04/22/2021 08:10PM ET,HOU,1.3
RP,Nivaldo Rodriguez (17200389),Nivaldo Rodriguez,17200389,P,4000,LAA@HOU 04/22/2021 08:10PM ET,HOU,8.95
RP,Hunter Brown (17200393),Hunter Brown,17200393,P,4000,LAA@HOU 04/22/2021 08:10PM ET,HOU,0
RP,Jose Quijada (17200396),Jose Quijada,17200396,P,4000,LAA@HOU 04/22/2021 08:10PM ET,LAA,0
RP,Jojanse Torres (17200401),Jojanse Torres,17200401,P,4000,LAA@HOU 04/22/2021 08:10PM ET,HOU,0
RP,Noe Ramirez (17200406),Noe Ramirez,17200406,P,4000,LAA@HOU 04/22/2021 08:10PM ET,LAA,0
RP,Jake Reed (17200420),Jake Reed,17200420,P,4000,LAA@HOU 04/22/2021 08:10PM ET,LAA,0
RP,Kent Emanuel (17200423),Kent Emanuel,17200423,P,4000,LAA@HOU 04/22/2021 08:10PM ET,HOU,0
RP,Tony Watson (17200428),Tony Watson,17200428,P,4000,LAA@HOU 04/22/2021 08:10PM ET,LAA,2.71
RP,Thomas Pannone (17200430),Thomas Pannone,17200430,P,4000,LAA@HOU 04/22/2021 08:10PM ET,LAA,0
RP,Andre Scrubb (17200435),Andre Scrubb,17200435,P,4000,LAA@HOU 04/22/2021 08:10PM ET,HOU,0
RP,Ryne Stanek (17200436),Ryne Stanek,17200436,P,4000,LAA@HOU 04/22/2021 08:10PM ET,HOU,4.31
RP,Pedro Baez (17200447),Pedro Baez,17200447,P,4000,LAA@HOU 04/22/2021 08:10PM ET,HOU,0
RP,Tyler Ivey (17200451),Tyler Ivey,17200451,P,4000,LAA@HOU 04/22/2021 08:10PM ET,HOU,0
RP,James Hoyt (17200453),James Hoyt,17200453,P,4000,LAA@HOU 04/22/2021 08:10PM ET,LAA,0
RP,Joe Smith (17200458),Joe Smith,17200458,P,4000,LAA@HOU 04/22/2021 08:10PM ET,HOU,-0.72
RP,Austin Pruitt (17200464),Austin Pruitt,17200464,P,4000,LAA@HOU 04/22/2021 08:10PM ET,HOU,0
RP,Blair Henley (17200465),Blair Henley,17200465,P,4000,LAA@HOU 04/22/2021 08:10PM ET,HOU,0
RP,Jose Alberto Rivera (17200466),Jose Alberto Rivera,17200466,P,4000,LAA@HOU 04/22/2021 08:10PM ET,HOU,0
RP,Enoli Paredes (17200474),Enoli Paredes,17200474,P,4000,LAA@HOU 04/22/2021 08:10PM ET,HOU,0.73
RP,Ralph Garza Jr. (17200484),Ralph Garza Jr.,17200484,P,4000,LAA@HOU 04/22/2021 08:10PM ET,HOU,0
RP,Mike Mayers (17200491),Mike Mayers,17200491,P,4000,LAA@HOU 04/22/2021 08:10PM ET,LAA,3.55
RP,Peter Solomon (17200495),Peter Solomon,17200495,P,4000,LAA@HOU 04/22/2021 08:10PM ET,HOU,3.65
RP,Alex Claudio (17200512),Alex Claudio,17200512,P,4000,LAA@HOU 04/22/2021 08:10PM ET,LAA,2.78
RP,Bryan Abreu (17200514),Bryan Abreu,17200514,P,4000,LAA@HOU 04/22/2021 08:10PM ET,HOU,3.3
OF,Ian Happ (17199917),Ian Happ,17199917,OF,3900,NYM@CHC 04/22/2021 07:40PM ET,CHC,4.47
1B,Danny Santana (17200020),Danny Santana,17200020,1B,3900,SEA@BOS 04/22/2021 07:10PM ET,BOS,0
C,Buster Posey (17199918),Buster Posey,17199918,C,3900,MIA@SF 04/22/2021 09:45PM ET,SF,8.58
OF,Austin Slater (17199919),Austin Slater,17199919,OF,3900,MIA@SF 04/22/2021 09:45PM ET,SF,6.25
2B/SS,Jazz Chisholm Jr. (17199920),Jazz Chisholm Jr.,17199920,2B/SS,3900,MIA@SF 04/22/2021 09:45PM ET,MIA,9.67
C,Kevin Plawecki (17199922),Kevin Plawecki,17199922,C,3800,SEA@BOS 04/22/2021 07:10PM ET,BOS,3.57
1B,Bobby Dalbec (17199924),Bobby Dalbec,17199924,1B,3800,SEA@BOS 04/22/2021 07:10PM ET,BOS,4.67
OF,Alex Dickerson (17199923),Alex Dickerson,17199923,OF,3800,MIA@SF 04/22/2021 09:45PM ET,SF,5.11
2B,Donovan Solano (17199925),Donovan Solano,17199925,2B,3800,MIA@SF 04/22/2021 09:45PM ET,SF,4.71
2B/3B,Tommy La Stella (17199926),Tommy La Stella,17199926,2B/3B,3800,MIA@SF 04/22/2021 09:45PM ET,SF,4.12
OF,Brandon Nimmo (17199928),Brandon Nimmo,17199928,OF,3700,NYM@CHC 04/22/2021 07:40PM ET,NYM,8.42
1B/3B,Marwin Gonzalez (17199929),Marwin Gonzalez,17199929,1B/3B,3700,SEA@BOS 04/22/2021 07:10PM ET,BOS,6.81
2B,Ty France (17199936),Ty France,17199936,2B,3700,SEA@BOS 04/22/2021 07:10PM ET,SEA,8.24
C,James McCann (17199931),James McCann,17199931,C,3600,NYM@CHC 04/22/2021 07:40PM ET,NYM,4.73
3B,J.D. Davis (17199935),J.D. Davis,17199935,3B,3600,NYM@CHC 04/22/2021 07:40PM ET,NYM,7.67
SS,Brandon Crawford (17199932),Brandon Crawford,17199932,SS,3600,MIA@SF 04/22/2021 09:45PM ET,SF,6.17
1B/OF,Garrett Cooper (17199933),Garrett Cooper,17199933,1B/OF,3600,MIA@SF 04/22/2021 09:45PM ET,MIA,4.8
OF,Michael Conforto (17199938),Michael Conforto,17199938,OF,3500,NYM@CHC 04/22/2021 07:40PM ET,NYM,4.42
2B/3B,Jonathan Villar (17199939),Jonathan Villar,17199939,2B/3B,3500,NYM@CHC 04/22/2021 07:40PM ET,NYM,3.67
3B/OF,Yairo Munoz (17200021),Yairo Munoz,17200021,3B/OF,3500,SEA@BOS 04/22/2021 07:10PM ET,BOS,0
1B,Jesus Aguilar (17199937),Jesus Aguilar,17199937,1B,3500,MIA@SF 04/22/2021 09:45PM ET,MIA,6.62
OF,Jason Heyward (17199944),Jason Heyward,17199944,OF,3400,NYM@CHC 04/22/2021 07:40PM ET,CHC,4.31
OF,Hunter Renfroe (17199943),Hunter Renfroe,17199943,OF,3400,SEA@BOS 04/22/2021 07:10PM ET,BOS,5.17
OF,Taylor Trammell (17199945),Taylor Trammell,17199945,OF,3400,SEA@BOS 04/22/2021 07:10PM ET,SEA,7.13
2B/SS,Jake Cronenworth (17199941),Jake Cronenworth,17199941,2B/SS,3400,SD@LAD 04/22/2021 10:10PM ET,SD,6.95
1B/C,Austin Nola (17200025),Austin Nola,17200025,C/1B,3400,SD@LAD 04/22/2021 10:10PM ET,SD,0
2B,Isan Diaz (17200024),Isan Diaz,17200024,2B,3400,MIA@SF 04/22/2021 09:45PM ET,MIA,0
1B,Matt Thaiss (17200023),Matt Thaiss,17200023,1B,3400,LAA@HOU 04/22/2021 08:10PM ET,LAA,0
C,Luis Torrens (17199948),Luis Torrens,17199948,C,3300,SEA@BOS 04/22/2021 07:10PM ET,SEA,3.07
1B/OF,Jose Marmolejos (17199950),Jose Marmolejos,17199950,1B/OF,3300,SEA@BOS 04/22/2021 07:10PM ET,SEA,6.83
3B,Brian Anderson (17199946),Brian Anderson,17199946,3B,3300,MIA@SF 04/22/2021 09:45PM ET,MIA,4.5
SS,Jose Iglesias (17199947),Jose Iglesias,17199947,SS,3300,LAA@HOU 04/22/2021 08:10PM ET,LAA,5.94
OF,Justin Upton (17199949),Justin Upton,17199949,OF,3300,LAA@HOU 04/22/2021 08:10PM ET,LAA,8.57
OF,Joc Pederson (17199953),Joc Pederson,17199953,OF,3200,NYM@CHC 04/22/2021 07:40PM ET,CHC,4.31
2B,Christian Arroyo (17199952),Christian Arroyo,17199952,2B,3200,SEA@BOS 04/22/2021 07:10PM ET,BOS,6.5
OF,AJ Pollock (17199954),AJ Pollock,17199954,OF,3200,SD@LAD 04/22/2021 10:10PM ET,LAD,4.06
1B/OF,Darin Ruf (17199955),Darin Ruf,17199955,1B/OF,3200,MIA@SF 04/22/2021 09:45PM ET,SF,5.08
C,Kurt Suzuki (17199957),Kurt Suzuki,17199957,C,3200,LAA@HOU 04/22/2021 08:10PM ET,LAA,5.33
OF,Ian Miller (17200027),Ian Miller,17200027,OF,3100,NYM@CHC 04/22/2021 07:40PM ET,CHC,0
SS,J.P. Crawford (17199959),J.P. Crawford,17199959,SS,3100,SEA@BOS 04/22/2021 07:10PM ET,SEA,4.29
OF,Kyle Lewis (17199960),Kyle Lewis,17199960,OF,3100,SEA@BOS 04/22/2021 07:10PM ET,SEA,2
C,Austin Barnes (17199962),Austin Barnes,17199962,C,3100,SD@LAD 04/22/2021 10:10PM ET,LAD,3.78
1B,Brandon Belt (17199961),Brandon Belt,17199961,1B,3100,MIA@SF 04/22/2021 09:45PM ET,SF,5.11
C,Chadwick Tromp (17200028),Chadwick Tromp,17200028,C,3100,MIA@SF 04/22/2021 09:45PM ET,SF,0
2B,David Fletcher (17199958),David Fletcher,17199958,2B,3100,LAA@HOU 04/22/2021 08:10PM ET,LAA,5.56
2B,David Bote (17199964),David Bote,17199964,2B,3000,NYM@CHC 04/22/2021 07:40PM ET,CHC,5.12
C,Tony Wolters (17200029),Tony Wolters,17200029,C,3000,NYM@CHC 04/22/2021 07:40PM ET,CHC,0.67
OF,Franchy Cordero (17199968),Franchy Cordero,17199968,OF,3000,SEA@BOS 04/22/2021 07:10PM ET,BOS,4.13
1B,Evan White (17199969),Evan White,17199969,1B,3000,SEA@BOS 04/22/2021 07:10PM ET,SEA,4.21
3B/SS,Ha-Seong Kim (17199965),Ha-Seong Kim,17199965,3B/SS,3000,SD@LAD 04/22/2021 10:10PM ET,SD,3.59
OF,Zach McKinstry (17199970),Zach McKinstry,17199970,OF,3000,SD@LAD 04/22/2021 10:10PM ET,LAD,7.47
OF,Corey Dickerson (17199963),Corey Dickerson,17199963,OF,3000,MIA@SF 04/22/2021 09:45PM ET,MIA,5.53
C,Curt Casali (17199967),Curt Casali,17199967,C,3000,MIA@SF 04/22/2021 09:45PM ET,SF,1.78
1B,Michael Chavis (17200030),Michael Chavis,17200030,1B,2900,SEA@BOS 04/22/2021 07:10PM ET,BOS,2
C,Victor Caratini (17199971),Victor Caratini,17199971,C,2900,SD@LAD 04/22/2021 10:10PM ET,SD,4.47
1B/3B,Edwin Rios (17199976),Edwin Rios,17199976,1B/3B,2900,SD@LAD 04/22/2021 10:10PM ET,LAD,2.93
OF/SS,Mauricio Dubon (17199972),Mauricio Dubon,17199972,SS/OF,2900,MIA@SF 04/22/2021 09:45PM ET,SF,1.33
2B,Jon Berti (17199974),Jon Berti,17199974,2B,2900,MIA@SF 04/22/2021 09:45PM ET,MIA,3.6
OF,Chas McCormick (17199975),Chas McCormick,17199975,OF,2900,LAA@HOU 04/22/2021 08:10PM ET,HOU,5.67
2B/3B,Luis Guillorme (17199979),Luis Guillorme,17199979,2B/3B,2800,NYM@CHC 04/22/2021 07:40PM ET,NYM,3
2B/SS,Jonathan Arauz (17200031),Jonathan Arauz,17200031,2B/SS,2800,SEA@BOS 04/22/2021 07:10PM ET,BOS,0
OF,Luke Raley (17199981),Luke Raley,17199981,OF,2800,SD@LAD 04/22/2021 10:10PM ET,LAD,3.62
C,Jorge Alfaro (17200033),Jorge Alfaro,17200033,C,2800,MIA@SF 04/22/2021 09:45PM ET,MIA,4.1
C,Martin Maldonado (17199978),Martin Maldonado,17199978,C,2800,LAA@HOU 04/22/2021 08:10PM ET,HOU,1.73
OF,Jake Marisnick (17199983),Jake Marisnick,17199983,OF,2700,NYM@CHC 04/22/2021 07:40PM ET,CHC,2.75
2B,Jose Peraza (17200036),Jose Peraza,17200036,2B,2700,NYM@CHC 04/22/2021 07:40PM ET,NYM,0
1B/OF,Matt Beaty (17200034),Matt Beaty,17200034,1B/OF,2700,SD@LAD 04/22/2021 10:10PM ET,LAD,0.7
C,Chad Wallach (17199982),Chad Wallach,17199982,C,2700,MIA@SF 04/22/2021 09:45PM ET,MIA,3.56
1B,Albert Pujols (17199984),Albert Pujols,17199984,1B,2700,LAA@HOU 04/22/2021 08:10PM ET,LAA,5.92
3B,Abraham Toro (17199985),Abraham Toro,17199985,3B,2700,LAA@HOU 04/22/2021 08:10PM ET,HOU,1
OF,Albert Almora Jr. (17199988),Albert Almora Jr.,17199988,OF,2600,NYM@CHC 04/22/2021 07:40PM ET,NYM,0.71
OF,Cameron Maybin (17200039),Cameron Maybin,17200039,OF,2600,NYM@CHC 04/22/2021 07:40PM ET,CHC,0
2B/3B,Ildemaro Vargas (17200041),Ildemaro Vargas,17200041,2B/3B,2600,NYM@CHC 04/22/2021 07:40PM ET,CHC,0
C,Tom Murphy (17199987),Tom Murphy,17199987,C,2600,SEA@BOS 04/22/2021 07:10PM ET,SEA,2.11
OF,Cesar Puello (17200040),Cesar Puello,17200040,OF,2600,SEA@BOS 04/22/2021 07:10PM ET,BOS,0
2B/OF,Jurickson Profar (17199989),Jurickson Profar,17199989,2B/OF,2600,SD@LAD 04/22/2021 10:10PM ET,SD,6.5
OF,Lewis Brinson (17199991),Lewis Brinson,17199991,OF,2600,MIA@SF 04/22/2021 09:45PM ET,MIA,1.67
3B,Jose Rojas (17199986),Jose Rojas,17199986,3B,2600,LAA@HOU 04/22/2021 08:10PM ET,LAA,1.22
2B,Alex De Goti (17200037),Alex De Goti,17200037,2B,2600,LAA@HOU 04/22/2021 08:10PM ET,HOU,7
C,Max Stassi (17200038),Max Stassi,17200038,C,2600,LAA@HOU 04/22/2021 08:10PM ET,LAA,5.57
OF,Kevin Pillar (17199992),Kevin Pillar,17199992,OF,2500,NYM@CHC 04/22/2021 07:40PM ET,NYM,2.1
C,Austin Romine (17199993),Austin Romine,17199993,C,2500,NYM@CHC 04/22/2021 07:40PM ET,CHC,0
C,Caleb Joseph (17200047),Caleb Joseph,17200047,C,2500,NYM@CHC 04/22/2021 07:40PM ET,NYM,0
3B/OF,Sam Haggerty (17199994),Sam Haggerty,17199994,3B/OF,2500,SEA@BOS 04/22/2021 07:10PM ET,SEA,3.4
1B,Matt Davidson (17200043),Matt Davidson,17200043,1B,2500,SD@LAD 04/22/2021 10:10PM ET,LAD,0
C,Keibert Ruiz (17200046),Keibert Ruiz,17200046,C,2500,SD@LAD 04/22/2021 10:10PM ET,LAD,0
2B/3B,Thairo Estrada (17200044),Thairo Estrada,17200044,2B/3B,2500,MIA@SF 04/22/2021 09:45PM ET,SF,0
OF,Myles Straw (17199996),Myles Straw,17199996,OF,2500,LAA@HOU 04/22/2021 08:10PM ET,HOU,4.75
1B/3B,Matt Duffy (17199998),Matt Duffy,17199998,1B/3B,2400,NYM@CHC 04/22/2021 07:40PM ET,CHC,2.5
OF,Jake Fraley (17200048),Jake Fraley,17200048,OF,2400,SEA@BOS 04/22/2021 07:10PM ET,SEA,6.8
OF,Braden Bishop (17200051),Braden Bishop,17200051,OF,2400,SEA@BOS 04/22/2021 07:10PM ET,SEA,0.71
OF,Rangel Ravelo (17200050),Rangel Ravelo,17200050,OF,2400,SD@LAD 04/22/2021 10:10PM ET,LAD,0
C,Sandy Leon (17199997),Sandy Leon,17199997,C,2400,MIA@SF 04/22/2021 09:45PM ET,MIA,8
OF,LaMonte Wade Jr. (17200049),LaMonte Wade Jr.,17200049,OF,2400,MIA@SF 04/22/2021 09:45PM ET,SF,3.33
SS,Jose Devers (17200052),Jose Devers,17200052,SS,2400,MIA@SF 04/22/2021 09:45PM ET,MIA,0
1B/3B,Taylor Jones (17200053),Taylor Jones,17200053,1B/3B,2400,LAA@HOU 04/22/2021 08:10PM ET,HOU,7
1B/3B,Brandon Drury (17200058),Brandon Drury,17200058,1B/3B,2300,NYM@CHC 04/22/2021 07:40PM ET,NYM,0
C,Luis Campusano (17200000),Luis Campusano,17200000,C,2300,SD@LAD 04/22/2021 10:10PM ET,SD,2.12
OF,Tucupita Marcano (17200060),Tucupita Marcano,17200060,OF,2300,SD@LAD 04/22/2021 10:10PM ET,SD,1.4
C,Joey Bart (17200055),Joey Bart,17200055,C,2300,MIA@SF 04/22/2021 09:45PM ET,SF,0
OF,Monte Harrison (17200056),Monte Harrison,17200056,OF,2300,MIA@SF 04/22/2021 09:45PM ET,MIA,0
3B,Joe Dunand (17200057),Joe Dunand,17200057,3B,2300,MIA@SF 04/22/2021 09:45PM ET,MIA,0
2B/3B,Luis Rengifo (17200001),Luis Rengifo,17200001,2B/3B,2300,LAA@HOU 04/22/2021 08:10PM ET,LAA,2.33
2B/3B,Eric Sogard (17200004),Eric Sogard,17200004,2B/3B,2200,NYM@CHC 04/22/2021 07:40PM ET,CHC,3
2B/SS,Nico Hoerner (17200063),Nico Hoerner,17200063,2B/SS,2200,NYM@CHC 04/22/2021 07:40PM ET,CHC,0
2B/SS,Donovan Walton (17200061),Donovan Walton,17200061,2B/SS,2200,SEA@BOS 04/22/2021 07:10PM ET,SEA,0
OF,Tommy Pham (17200003),Tommy Pham,17200003,OF,2200,SD@LAD 04/22/2021 10:10PM ET,SD,4.16
1B,Lewin Diaz (17200065),Lewin Diaz,17200065,1B,2200,MIA@SF 04/22/2021 09:45PM ET,MIA,0
2B,Shed Long Jr. (17200066),Shed Long Jr.,17200066,2B,2100,SEA@BOS 04/22/2021 07:10PM ET,SEA,0
OF,Steven Duggar (17200067),Steven Duggar,17200067,OF,2100,MIA@SF 04/22/2021 09:45PM ET,SF,0
C,Anthony Bemboom (17200006),Anthony Bemboom,17200006,C,2100,LAA@HOU 04/22/2021 08:10PM ET,LAA,3
C,Tomas Nido (17200009),Tomas Nido,17200009,C,2000,NYM@CHC 04/22/2021 07:40PM ET,NYM,2.4
OF,Mallex Smith (17200069),Mallex Smith,17200069,OF,2000,NYM@CHC 04/22/2021 07:40PM ET,NYM,0
1B,Jose Martinez (17200070),Jose Martinez,17200070,1B,2000,NYM@CHC 04/22/2021 07:40PM ET,NYM,0
OF,Michael Hermosillo (17200078),Michael Hermosillo,17200078,OF,2000,NYM@CHC 04/22/2021 07:40PM ET,CHC,0
SS,Abiatal Avelino (17200100),Abiatal Avelino,17200100,SS,2000,NYM@CHC 04/22/2021 07:40PM ET,CHC,0
OF,Brennen Davis (17200103),Brennen Davis,17200103,OF,2000,NYM@CHC 04/22/2021 07:40PM ET,CHC,0
OF,Pete Crow-Armstrong (17200104),Pete Crow-Armstrong,17200104,OF,2000,NYM@CHC 04/22/2021 07:40PM ET,NYM,0
OF,Drew Ferguson (17200107),Drew Ferguson,17200107,OF,2000,NYM@CHC 04/22/2021 07:40PM ET,NYM,0
2B,Chase Strumpf (17200108),Chase Strumpf,17200108,2B,2000,NYM@CHC 04/22/2021 07:40PM ET,CHC,0
OF,Rafael Ortega (17200112),Rafael Ortega,17200112,OF,2000,NYM@CHC 04/22/2021 07:40PM ET,CHC,0
OF,Khalil Lee (17200113),Khalil Lee,17200113,OF,2000,NYM@CHC 04/22/2021 07:40PM ET,NYM,0
C,Jose Lobaton (17200115),Jose Lobaton,17200115,C,2000,NYM@CHC 04/22/2021 07:40PM ET,CHC,0
C,Francisco Alvarez (17200117),Francisco Alvarez,17200117,C,2000,NYM@CHC 04/22/2021 07:40PM ET,NYM,0
1B,Patrick Wisdom (17200120),Patrick Wisdom,17200120,1B,2000,NYM@CHC 04/22/2021 07:40PM ET,CHC,0
SS,Wilfredo Tovar (17200121),Wilfredo Tovar,17200121,SS,2000,NYM@CHC 04/22/2021 07:40PM ET,NYM,0
1B/2B,Jake Hager (17200132),Jake Hager,17200132,1B/2B,2000,NYM@CHC 04/22/2021 07:40PM ET,NYM,0
3B,Brett Baty (17200142),Brett Baty,17200142,3B,2000,NYM@CHC 04/22/2021 07:40PM ET,NYM,0
OF,Nick Martini (17200147),Nick Martini,17200147,OF,2000,NYM@CHC 04/22/2021 07:40PM ET,CHC,0
C,David Rodriguez (17200158),David Rodriguez,17200158,C,2000,NYM@CHC 04/22/2021 07:40PM ET,NYM,0
C,P.J. Higgins (17200163),P.J. Higgins,17200163,C,2000,NYM@CHC 04/22/2021 07:40PM ET,CHC,0
SS,Ronny Mauricio (17200167),Ronny Mauricio,17200167,SS,2000,NYM@CHC 04/22/2021 07:40PM ET,NYM,0
OF,Johneshwy Fargas (17200173),Johneshwy Fargas,17200173,OF,2000,NYM@CHC 04/22/2021 07:40PM ET,NYM,0
C,Bruce Maxwell (17200177),Bruce Maxwell,17200177,C,2000,NYM@CHC 04/22/2021 07:40PM ET,NYM,0
C,Miguel Amaya (17200183),Miguel Amaya,17200183,C,2000,NYM@CHC 04/22/2021 07:40PM ET,CHC,0
C,Patrick Mazeika (17200184),Patrick Mazeika,17200184,C,2000,NYM@CHC 04/22/2021 07:40PM ET,NYM,0
3B/SS,Mark Vientos (17200190),Mark Vientos,17200190,3B/SS,2000,NYM@CHC 04/22/2021 07:40PM ET,NYM,0
3B,Christopher Morel (17200193),Christopher Morel,17200193,3B,2000,NYM@CHC 04/22/2021 07:40PM ET,CHC,0
3B,Triston Casas (17200101),Triston Casas,17200101,3B,2000,SEA@BOS 04/22/2021 07:10PM ET,BOS,0
C,Chris Herrmann (17200114),Chris Herrmann,17200114,C,2000,SEA@BOS 04/22/2021 07:10PM ET,BOS,0
C,Cal Raleigh (17200116),Cal Raleigh,17200116,C,2000,SEA@BOS 04/22/2021 07:10PM ET,SEA,0
OF,Jarred Kelenic (17200128),Jarred Kelenic,17200128,OF,2000,SEA@BOS 04/22/2021 07:10PM ET,SEA,0
C,Jose Godoy (17200136),Jose Godoy,17200136,C,2000,SEA@BOS 04/22/2021 07:10PM ET,SEA,0
C,Brian O'Keefe (17200139),Brian O'Keefe,17200139,C,2000,SEA@BOS 04/22/2021 07:10PM ET,SEA,0
OF,Jarren Duran (17200141),Jarren Duran,17200141,OF,2000,SEA@BOS 04/22/2021 07:10PM ET,BOS,0
C,Jett Bandy (17200143),Jett Bandy,17200143,C,2000,SEA@BOS 04/22/2021 07:10PM ET,BOS,0
1B,Josh Ockimey (17200144),Josh Ockimey,17200144,1B,2000,SEA@BOS 04/22/2021 07:10PM ET,BOS,0
OF,Michael Gettys (17200145),Michael Gettys,17200145,OF,2000,SEA@BOS 04/22/2021 07:10PM ET,BOS,0
SS,Jeter Downs (17200154),Jeter Downs,17200154,SS,2000,SEA@BOS 04/22/2021 07:10PM ET,BOS,0
OF,Marcus Wilson (17200156),Marcus Wilson,17200156,OF,2000,SEA@BOS 04/22/2021 07:10PM ET,BOS,0
C,Ronaldo Hernandez (17200161),Ronaldo Hernandez,17200161,C,2000,SEA@BOS 04/22/2021 07:10PM ET,BOS,0
OF,Gilberto Jimenez (17200164),Gilberto Jimenez,17200164,OF,2000,SEA@BOS 04/22/2021 07:10PM ET,BOS,0
2B,Nick Yorke (17200166),Nick Yorke,17200166,2B,2000,SEA@BOS 04/22/2021 07:10PM ET,BOS,0
OF,Jeisson Rosario (17200169),Jeisson Rosario,17200169,OF,2000,SEA@BOS 04/22/2021 07:10PM ET,BOS,0
1B/OF,Sam Travis (17200174),Sam Travis,17200174,1B/OF,2000,SEA@BOS 04/22/2021 07:10PM ET,SEA,0
OF,Julio Rodriguez (17200188),Julio Rodriguez,17200188,OF,2000,SEA@BOS 04/22/2021 07:10PM ET,SEA,0
C,Connor Wong (17200192),Connor Wong,17200192,C,2000,SEA@BOS 04/22/2021 07:10PM ET,BOS,0
SS,Jack Reinheimer (17200194),Jack Reinheimer,17200194,SS,2000,SEA@BOS 04/22/2021 07:10PM ET,SEA,0
2B/OF,Jorge Mateo (17200007),Jorge Mateo,17200007,2B/OF,2000,SD@LAD 04/22/2021 10:10PM ET,SD,2.07
2B/3B,Sheldon Neuse (17200012),Sheldon Neuse,17200012,2B/3B,2000,SD@LAD 04/22/2021 10:10PM ET,LAD,0
OF,Brian O'Grady (17200068),Brian O'Grady,17200068,OF,2000,SD@LAD 04/22/2021 10:10PM ET,SD,0
OF,Steven Souza Jr. (17200082),Steven Souza Jr.,17200082,OF,2000,SD@LAD 04/22/2021 10:10PM ET,LAD,0
SS,Elliot Soto (17200083),Elliot Soto,17200083,SS,2000,SD@LAD 04/22/2021 10:10PM ET,LAD,0
OF,Jorge Ona (17200089),Jorge Ona,17200089,OF,2000,SD@LAD 04/22/2021 10:10PM ET,SD,0
SS,CJ Abrams (17200094),CJ Abrams,17200094,SS,2000,SD@LAD 04/22/2021 10:10PM ET,SD,0
2B,Devin Mann (17200097),Devin Mann,17200097,2B,2000,SD@LAD 04/22/2021 10:10PM ET,LAD,0
3B,Kody Hoese (17200111),Kody Hoese,17200111,3B,2000,SD@LAD 04/22/2021 10:10PM ET,LAD,0
OF,DJ Peters (17200118),DJ Peters,17200118,OF,2000,SD@LAD 04/22/2021 10:10PM ET,LAD,0
3B,Miguel Vargas (17200125),Miguel Vargas,17200125,3B,2000,SD@LAD 04/22/2021 10:10PM ET,LAD,0
1B/OF,Patrick Kivlehan (17200126),Patrick Kivlehan,17200126,1B/OF,2000,SD@LAD 04/22/2021 10:10PM ET,SD,0
SS,Jacob Amaya (17200134),Jacob Amaya,17200134,SS,2000,SD@LAD 04/22/2021 10:10PM ET,LAD,0
OF,Zach Reks (17200137),Zach Reks,17200137,OF,2000,SD@LAD 04/22/2021 10:10PM ET,LAD,0
OF,Joshua Mears (17200138),Joshua Mears,17200138,OF,2000,SD@LAD 04/22/2021 10:10PM ET,SD,0
2B,Michael Busch (17200140),Michael Busch,17200140,2B,2000,SD@LAD 04/22/2021 10:10PM ET,LAD,0
SS,Pedro Florimon (17200150),Pedro Florimon,17200150,SS,2000,SD@LAD 04/22/2021 10:10PM ET,SD,0
SS,Omar Estevez (17200155),Omar Estevez,17200155,SS,2000,SD@LAD 04/22/2021 10:10PM ET,LAD,0
OF,Andy Pages (17200168),Andy Pages,17200168,OF,2000,SD@LAD 04/22/2021 10:10PM ET,LAD,0
2B,Andy Burns (17200176),Andy Burns,17200176,2B,2000,SD@LAD 04/22/2021 10:10PM ET,LAD,0
3B,Nick Tanielu (17200179),Nick Tanielu,17200179,3B,2000,SD@LAD 04/22/2021 10:10PM ET,SD,0
C,Wynston Sawyer (17200180),Wynston Sawyer,17200180,C,2000,SD@LAD 04/22/2021 10:10PM ET,SD,0
C,Webster Rivas (17200185),Webster Rivas,17200185,C,2000,SD@LAD 04/22/2021 10:10PM ET,SD,0
C,Tim Federowicz (17200186),Tim Federowicz,17200186,C,2000,SD@LAD 04/22/2021 10:10PM ET,LAD,0
OF,John Andreoli (17200187),John Andreoli,17200187,OF,2000,SD@LAD 04/22/2021 10:10PM ET,SD,0
OF,Robert Hassell III (17200189),Robert Hassell III,17200189,OF,2000,SD@LAD 04/22/2021 10:10PM ET,SD,0
OF,Magneuris Sierra (17200010),Magneuris Sierra,17200010,OF,2000,MIA@SF 04/22/2021 09:45PM ET,MIA,1.17
OF,Jesus Sanchez (17200079),Jesus Sanchez,17200079,OF,2000,MIA@SF 04/22/2021 09:45PM ET,MIA,0
2B,Eddy Alvarez (17200080),Eddy Alvarez,17200080,2B,2000,MIA@SF 04/22/2021 09:45PM ET,MIA,0
OF,Luis Basabe (17200084),Luis Basabe,17200084,OF,2000,MIA@SF 04/22/2021 09:45PM ET,SF,0
OF,Jaylin Davis (17200085),Jaylin Davis,17200085,OF,2000,MIA@SF 04/22/2021 09:45PM ET,SF,0
OF,Joe McCarthy (17200086),Joe McCarthy,17200086,OF,2000,MIA@SF 04/22/2021 09:45PM ET,SF,0
SS,Nasim Nunez (17200092),Nasim Nunez,17200092,SS,2000,MIA@SF 04/22/2021 09:45PM ET,MIA,0
OF,JJ Bleday (17200093),JJ Bleday,17200093,OF,2000,MIA@SF 04/22/2021 09:45PM ET,MIA,0
OF,Brian Miller (17200096),Brian Miller,17200096,OF,2000,MIA@SF 04/22/2021 09:45PM ET,MIA,0
OF,Peyton Burdick (17200099),Peyton Burdick,17200099,OF,2000,MIA@SF 04/22/2021 09:45PM ET,MIA,0
1B,Logan Wyatt (17200102),Logan Wyatt,17200102,1B,2000,MIA@SF 04/22/2021 09:45PM ET,SF,0
OF,Kameron Misner (17200105),Kameron Misner,17200105,OF,2000,MIA@SF 04/22/2021 09:45PM ET,MIA,0
OF,Victor Victor Mesa (17200106),Victor Victor Mesa,17200106,OF,2000,MIA@SF 04/22/2021 09:45PM ET,MIA,0
3B,Will Wilson (17200110),Will Wilson,17200110,3B,2000,MIA@SF 04/22/2021 09:45PM ET,SF,0
C,Patrick Bailey (17200124),Patrick Bailey,17200124,C,2000,MIA@SF 04/22/2021 09:45PM ET,SF,0
C,Brian Navarreto (17200135),Brian Navarreto,17200135,C,2000,MIA@SF 04/22/2021 09:45PM ET,MIA,0
C,Will Banfield (17200149),Will Banfield,17200149,C,2000,MIA@SF 04/22/2021 09:45PM ET,MIA,0
2B/SS,Arismendy Alcantara (17200151),Arismendy Alcantara,17200151,2B/SS,2000,MIA@SF 04/22/2021 09:45PM ET,SF,0
C,Santiago Chavez (17200153),Santiago Chavez,17200153,C,2000,MIA@SF 04/22/2021 09:45PM ET,MIA,0
OF,Jerar Encarnacion (17200160),Jerar Encarnacion,17200160,OF,2000,MIA@SF 04/22/2021 09:45PM ET,MIA,0
3B,Jason Vosler (17200165),Jason Vosler,17200165,3B,2000,MIA@SF 04/22/2021 09:45PM ET,SF,0
OF,Heliot Ramos (17200171),Heliot Ramos,17200171,OF,2000,MIA@SF 04/22/2021 09:45PM ET,SF,0
OF,Skye Bolt (17200172),Skye Bolt,17200172,OF,2000,MIA@SF 04/22/2021 09:45PM ET,SF,0
SS,Marco Luciano (17200181),Marco Luciano,17200181,SS,2000,MIA@SF 04/22/2021 09:45PM ET,SF,0
OF,Hunter Bishop (17200195),Hunter Bishop,17200195,OF,2000,MIA@SF 04/22/2021 09:45PM ET,SF,0
OF,Connor Scott (17200196),Connor Scott,17200196,OF,2000,MIA@SF 04/22/2021 09:45PM ET,MIA,0
OF,Scott Schebler (17200011),Scott Schebler,17200011,OF,2000,LAA@HOU 04/22/2021 08:10PM ET,LAA,3.33
3B,Robel Garcia (17200014),Robel Garcia,17200014,3B,2000,LAA@HOU 04/22/2021 08:10PM ET,HOU,1.4
OF,Dexter Fowler (17200071),Dexter Fowler,17200071,OF,2000,LAA@HOU 04/22/2021 08:10PM ET,LAA,4.29
2B/OF,Phil Gosselin (17200072),Phil Gosselin,17200072,2B/OF,2000,LAA@HOU 04/22/2021 08:10PM ET,LAA,0
OF,Taylor Ward (17200074),Taylor Ward,17200074,OF,2000,LAA@HOU 04/22/2021 08:10PM ET,LAA,0
2B/3B,Franklin Barreto (17200075),Franklin Barreto,17200075,2B/3B,2000,LAA@HOU 04/22/2021 08:10PM ET,LAA,0
OF,Jo Adell (17200077),Jo Adell,17200077,OF,2000,LAA@HOU 04/22/2021 08:10PM ET,LAA,0
OF,Juan Lagares (17200081),Juan Lagares,17200081,OF,2000,LAA@HOU 04/22/2021 08:10PM ET,LAA,0
3B/SS,Jack Mayfield (17200087),Jack Mayfield,17200087,3B/SS,2000,LAA@HOU 04/22/2021 08:10PM ET,LAA,0
OF,Jon Jay (17200090),Jon Jay,17200090,OF,2000,LAA@HOU 04/22/2021 08:10PM ET,LAA,1.5
OF,Ronnie Dawson (17200091),Ronnie Dawson,17200091,OF,2000,LAA@HOU 04/22/2021 08:10PM ET,HOU,3
2B,Freudis Nova (17200095),Freudis Nova,17200095,2B,2000,LAA@HOU 04/22/2021 08:10PM ET,HOU,0
OF,Zach Daniels (17200098),Zach Daniels,17200098,OF,2000,LAA@HOU 04/22/2021 08:10PM ET,HOU,0
C,Michael Papierski (17200109),Michael Papierski,17200109,C,2000,LAA@HOU 04/22/2021 08:10PM ET,HOU,0
SS,Jeremiah Jackson (17200119),Jeremiah Jackson,17200119,SS,2000,LAA@HOU 04/22/2021 08:10PM ET,LAA,0
OF,Jose Siri (17200122),Jose Siri,17200122,OF,2000,LAA@HOU 04/22/2021 08:10PM ET,HOU,0
OF,Brennon Lund (17200123),Brennon Lund,17200123,OF,2000,LAA@HOU 04/22/2021 08:10PM ET,LAA,0
OF,Jordyn Adams (17200129),Jordyn Adams,17200129,OF,2000,LAA@HOU 04/22/2021 08:10PM ET,LAA,0
C,Colton Shaver (17200130),Colton Shaver,17200130,C,2000,LAA@HOU 04/22/2021 08:10PM ET,HOU,0
C,Jack Kruger (17200131),Jack Kruger,17200131,C,2000,LAA@HOU 04/22/2021 08:10PM ET,LAA,0
SS,Livan Soto (17200146),Livan Soto,17200146,SS,2000,LAA@HOU 04/22/2021 08:10PM ET,LAA,0
C,Garrett Stubbs (17200148),Garrett Stubbs,17200148,C,2000,LAA@HOU 04/22/2021 08:10PM ET,HOU,0
C,Korey Lee (17200157),Korey Lee,17200157,C,2000,LAA@HOU 04/22/2021 08:10PM ET,HOU,0
SS,Grae Kessinger (17200159),Grae Kessinger,17200159,SS,2000,LAA@HOU 04/22/2021 08:10PM ET,HOU,0
OF,Jake Meyers (17200162),Jake Meyers,17200162,OF,2000,LAA@HOU 04/22/2021 08:10PM ET,HOU,0
SS,Jeremy Pena (17200170),Jeremy Pena,17200170,SS,2000,LAA@HOU 04/22/2021 08:10PM ET,HOU,0
2B,Kean Wong (17200178),Kean Wong,17200178,2B,2000,LAA@HOU 04/22/2021 08:10PM ET,LAA,0
OF,Brandon Marsh (17200182),Brandon Marsh,17200182,OF,2000,LAA@HOU 04/22/2021 08:10PM ET,LAA,0
OF,Colin Barber (17200197),Colin Barber,17200197,OF,2000,LAA@HOU 04/22/2021 08:10PM ET,HOU,0
