Position,Name + ID,Name,ID,Roster Position,Salary,Game Info,TeamAbbrev,AvgPointsPerGame
RP,Framber Valdez (17122111),Framber Valdez,17122111,P,11400,HOU@SEA 04/17/2021 09:10PM ET,HOU,0
SP,Walker Buehler (17122112),Walker Buehler,17122112,P,11200,LAD@SD 04/17/2021 08:40PM ET,LAD,16.57
SP,Trevor Bauer (17122113),Trevor Bauer,17122113,P,11200,LAD@SD 04/17/2021 08:40PM ET,LAD,30.2
SP,Tony Gonsolin (17122114),Tony Gonsolin,17122114,P,10800,LAD@SD 04/17/2021 08:40PM ET,LAD,0
SP,Cristian Javier (17122115),Cristian Javier,17122115,P,10800,HOU@SEA 04/17/2021 09:10PM ET,HOU,18.05
RP,Corbin Burnes (17122116),Corbin Burnes,17122116,P,10600,PIT@MIL 04/17/2021 07:10PM ET,MIL,33.22
SP,Julio Urias (17122117),Julio Urias,17122117,P,10600,LAD@SD 04/17/2021 08:40PM ET,LAD,16.93
SP,Dustin May (17122119),Dustin May,17122119,P,10400,LAD@SD 04/17/2021 08:40PM ET,LAD,22.02
SP,Dinelson Lamet (17122120),Dinelson Lamet,17122120,P,10400,LAD@SD 04/17/2021 08:40PM ET,SD,0
SP,Jose Urquidy (17122118),Jose Urquidy,17122118,P,10400,HOU@SEA 04/17/2021 09:10PM ET,HOU,15.33
SP,Justin Verlander (17122121),Justin Verlander,17122121,P,10200,HOU@SEA 04/17/2021 09:10PM ET,HOU,0
SP,Clayton Kershaw (17121760),Clayton Kershaw,17121760,P,10000,LAD@SD 04/17/2021 08:40PM ET,LAD,19.33
SP,Lance McCullers Jr. (17122122),Lance McCullers Jr.,17122122,P,9900,HOU@SEA 04/17/2021 09:10PM ET,HOU,12.92
SP,David Price (17122123),David Price,17122123,P,9700,LAD@SD 04/17/2021 08:40PM ET,LAD,4.57
SP,Yu Darvish (17121761),Yu Darvish,17121761,P,9400,LAD@SD 04/17/2021 08:40PM ET,SD,19.85
SP,Joe Musgrove (17122124),Joe Musgrove,17122124,P,9200,LAD@SD 04/17/2021 08:40PM ET,SD,25.19
SP,Jimmy Nelson (17122125),Jimmy Nelson,17122125,P,9200,LAD@SD 04/17/2021 08:40PM ET,LAD,2.87
SP,Chris Paddack (17122126),Chris Paddack,17122126,P,9200,LAD@SD 04/17/2021 08:40PM ET,SD,9.95
SP,Josh James (17122127),Josh James,17122127,P,9100,HOU@SEA 04/17/2021 09:10PM ET,HOU,0
SP,Freddy Peralta (17122129),Freddy Peralta,17122129,P,8900,PIT@MIL 04/17/2021 07:10PM ET,MIL,24.95
SP,Blake Snell (17122128),Blake Snell,17122128,P,8900,LAD@SD 04/17/2021 08:40PM ET,SD,12.15
SP,Zack Greinke (17121762),Zack Greinke,17121762,P,8700,HOU@SEA 04/17/2021 09:10PM ET,HOU,11.52
SP,Jose Berrios (17122130),Jose Berrios,17122130,P,8600,MIN@LAA 04/17/2021 09:07PM ET,MIN,24.13
SP,Brandon Woodruff (17122132),Brandon Woodruff,17122132,P,8300,PIT@MIL 04/17/2021 07:10PM ET,MIL,19.95
RP,Luis Garcia (17122131),Luis Garcia,17122131,P,8300,HOU@SEA 04/17/2021 09:10PM ET,HOU,11.62
SP,Zack Brown (17122133),Zack Brown,17122133,P,8200,PIT@MIL 04/17/2021 07:10PM ET,MIL,0
RP,Josh Lindblom (17122134),Josh Lindblom,17122134,P,8200,PIT@MIL 04/17/2021 07:10PM ET,MIL,1.19
SP,Griffin Canning (17122135),Griffin Canning,17122135,P,8200,MIN@LAA 04/17/2021 09:07PM ET,LAA,14.02
SP,Matt Shoemaker (17121763),Matt Shoemaker,17121763,P,8100,MIN@LAA 04/17/2021 09:07PM ET,MIN,17.78
RP,Ryan Pressly (17122136),Ryan Pressly,17122136,P,8100,HOU@SEA 04/17/2021 09:10PM ET,HOU,4.21
RP,Adrian Houser (17122137),Adrian Houser,17122137,P,8000,PIT@MIL 04/17/2021 07:10PM ET,MIL,11.02
RP,JT Brubaker (17122138),JT Brubaker,17122138,P,7900,PIT@MIL 04/17/2021 07:10PM ET,PIT,19.97
SP,Chris Stratton (17122139),Chris Stratton,17122139,P,7900,PIT@MIL 04/17/2021 07:10PM ET,PIT,2.73
RP,Ray Black (17122140),Ray Black,17122140,P,7900,PIT@MIL 04/17/2021 07:10PM ET,MIL,0
SP,Eric Lauer (17122141),Eric Lauer,17122141,P,7900,PIT@MIL 04/17/2021 07:10PM ET,MIL,0
SP,Brent Suter (17122142),Brent Suter,17122142,P,7900,PIT@MIL 04/17/2021 07:10PM ET,MIL,3.3
RP,Mike Kickham (17122143),Mike Kickham,17122143,P,7900,LAD@SD 04/17/2021 08:40PM ET,LAD,0
SP,Dylan Bundy (17122144),Dylan Bundy,17122144,P,7800,MIN@LAA 04/17/2021 09:07PM ET,LAA,20.25
SP,Mitch Keller (17122145),Mitch Keller,17122145,P,7700,PIT@MIL 04/17/2021 07:10PM ET,PIT,5.7
SP,Adrian Morejon (17122147),Adrian Morejon,17122147,P,7700,LAD@SD 04/17/2021 08:40PM ET,SD,4.15
RP,Brandon Bielak (17122146),Brandon Bielak,17122146,P,7700,HOU@SEA 04/17/2021 09:10PM ET,HOU,9.47
RP,Josh Hader (17122149),Josh Hader,17122149,P,7600,PIT@MIL 04/17/2021 07:10PM ET,MIL,8.47
RP,John Means (17122148),John Means,17122148,P,7600,BAL@TEX 04/17/2021 07:05PM ET,BAL,20.12
RP,Steven Brault (17122153),Steven Brault,17122153,P,7500,PIT@MIL 04/17/2021 07:10PM ET,PIT,0
SP,Mike Clevinger (17122150),Mike Clevinger,17122150,P,7500,LAD@SD 04/17/2021 08:40PM ET,SD,0
SP,Michael Pineda (17122152),Michael Pineda,17122152,P,7500,MIN@LAA 04/17/2021 09:07PM ET,MIN,22.23
SP,Yusei Kikuchi (17122151),Yusei Kikuchi,17122151,P,7500,HOU@SEA 04/17/2021 09:10PM ET,SEA,15.45
SP,Jake Odorizzi (17122154),Jake Odorizzi,17122154,P,7500,HOU@SEA 04/17/2021 09:10PM ET,HOU,1.3
SP,Dane Dunning (17121764),Dane Dunning,17121764,P,7500,BAL@TEX 04/17/2021 07:05PM ET,TEX,20.02
SP,Tyler Anderson (17122155),Tyler Anderson,17122155,P,7400,PIT@MIL 04/17/2021 07:10PM ET,PIT,13.15
SP,Drew Pomeranz (17122157),Drew Pomeranz,17122157,P,7400,LAD@SD 04/17/2021 08:40PM ET,SD,4.82
SP,Kenta Maeda (17122156),Kenta Maeda,17122156,P,7400,MIN@LAA 04/17/2021 09:07PM ET,MIN,15.13
SP,Chad Kuhl (17122160),Chad Kuhl,17122160,P,7300,PIT@MIL 04/17/2021 07:10PM ET,PIT,3.2
SP,Jose Suarez (17122158),Jose Suarez,17122158,P,7300,MIN@LAA 04/17/2021 09:07PM ET,LAA,0
SP,Alex Cobb (17122159),Alex Cobb,17122159,P,7300,MIN@LAA 04/17/2021 09:07PM ET,LAA,21.62
SP,Brett Anderson (17121765),Brett Anderson,17121765,P,7200,PIT@MIL 04/17/2021 07:10PM ET,MIL,9.65
SP,Brett Conine (17122161),Brett Conine,17122161,P,7200,HOU@SEA 04/17/2021 09:10PM ET,HOU,0
SP,Jairo Solis (17122162),Jairo Solis,17122162,P,7200,HOU@SEA 04/17/2021 09:10PM ET,HOU,0
SP,Shawn Dubin (17122163),Shawn Dubin,17122163,P,7200,HOU@SEA 04/17/2021 09:10PM ET,HOU,0
SP,Austin Hansen (17122164),Austin Hansen,17122164,P,7200,HOU@SEA 04/17/2021 09:10PM ET,HOU,0
SP,Blake Taylor (17122165),Blake Taylor,17122165,P,7200,HOU@SEA 04/17/2021 09:10PM ET,HOU,0.86
SP,Jaime Barria (17122166),Jaime Barria,17122166,P,7100,MIN@LAA 04/17/2021 09:07PM ET,LAA,-15.5
SP,Brock Burke (17122167),Brock Burke,17122167,P,7100,BAL@TEX 04/17/2021 07:05PM ET,TEX,0
SP,Andrew Heaney (17122170),Andrew Heaney,17122170,P,7000,MIN@LAA 04/17/2021 09:07PM ET,LAA,15.35
SP,James Paxton (17122168),James Paxton,17122168,P,7000,HOU@SEA 04/17/2021 09:10PM ET,SEA,4.4
RP,Justin Dunn (17122169),Justin Dunn,17122169,P,7000,HOU@SEA 04/17/2021 09:10PM ET,SEA,13.68
SP,Trevor Cahill (17121766),Trevor Cahill,17121766,P,6900,PIT@MIL 04/17/2021 07:10PM ET,PIT,9.92
SP,Dillon Peters (17122171),Dillon Peters,17122171,P,6900,MIN@LAA 04/17/2021 09:07PM ET,LAA,0
SP,Mike Foltynewicz (17122172),Mike Foltynewicz,17122172,P,6900,BAL@TEX 04/17/2021 07:05PM ET,TEX,12
RP,Ryan Weathers (17122173),Ryan Weathers,17122173,P,6800,LAD@SD 04/17/2021 08:40PM ET,SD,9.89
SP,Justus Sheffield (17122174),Justus Sheffield,17122174,P,6800,HOU@SEA 04/17/2021 09:10PM ET,SEA,6.65
SP,Clay Holmes (17122178),Clay Holmes,17122178,P,6700,PIT@MIL 04/17/2021 07:10PM ET,PIT,1.39
SP,Max Kranick (17122179),Max Kranick,17122179,P,6700,PIT@MIL 04/17/2021 07:10PM ET,PIT,0
SP,Jose Soriano (17122180),Jose Soriano,17122180,P,6700,PIT@MIL 04/17/2021 07:10PM ET,PIT,0
SP,James Marvel (17122181),James Marvel,17122181,P,6700,PIT@MIL 04/17/2021 07:10PM ET,PIT,0
SP,Duane Underwood Jr. (17122182),Duane Underwood Jr.,17122182,P,6700,PIT@MIL 04/17/2021 07:10PM ET,PIT,5.63
SP,Wil Crowe (17122183),Wil Crowe,17122183,P,6700,PIT@MIL 04/17/2021 07:10PM ET,PIT,1.7
SP,Quinn Priester (17122184),Quinn Priester,17122184,P,6700,PIT@MIL 04/17/2021 07:10PM ET,PIT,0
SP,Roansy Contreras (17122185),Roansy Contreras,17122185,P,6700,PIT@MIL 04/17/2021 07:10PM ET,PIT,0
SP,Jose Quintana (17121767),Jose Quintana,17121767,P,6700,MIN@LAA 04/17/2021 09:07PM ET,LAA,0.52
SP,Patrick Sandoval (17122186),Patrick Sandoval,17122186,P,6700,MIN@LAA 04/17/2021 09:07PM ET,LAA,0
RP,Jordan Lyles (17122175),Jordan Lyles,17122175,P,6700,BAL@TEX 04/17/2021 07:05PM ET,TEX,12.17
SP,Dillon Tate (17122176),Dillon Tate,17122176,P,6700,BAL@TEX 04/17/2021 07:05PM ET,BAL,1.33
SP,Travis Lakins Sr. (17122177),Travis Lakins Sr.,17122177,P,6700,BAL@TEX 04/17/2021 07:05PM ET,BAL,2.25
SP,Drew Rasmussen (17122187),Drew Rasmussen,17122187,P,6600,PIT@MIL 04/17/2021 07:10PM ET,MIL,0.35
SP,Aaron Ashby (17122188),Aaron Ashby,17122188,P,6600,PIT@MIL 04/17/2021 07:10PM ET,MIL,0
SP,Angel Perdomo (17122189),Angel Perdomo,17122189,P,6600,PIT@MIL 04/17/2021 07:10PM ET,MIL,6.25
SP,Ethan Small (17122190),Ethan Small,17122190,P,6600,PIT@MIL 04/17/2021 07:10PM ET,MIL,0
SP,Cody Ponce (17122191),Cody Ponce,17122191,P,6600,PIT@MIL 04/17/2021 07:10PM ET,PIT,0
SP,J.A. Happ (17122192),J.A. Happ,17122192,P,6600,MIN@LAA 04/17/2021 09:07PM ET,MIN,10.45
SP,Jordan Zimmermann (17122193),Jordan Zimmermann,17122193,P,6500,PIT@MIL 04/17/2021 07:10PM ET,MIL,0
SP,Adam Plutko (17122194),Adam Plutko,17122194,P,6500,BAL@TEX 04/17/2021 07:05PM ET,BAL,5.64
SP,Keegan Akin (17122195),Keegan Akin,17122195,P,6400,BAL@TEX 04/17/2021 07:05PM ET,BAL,0
SP,Kohei Arihara (17122196),Kohei Arihara,17122196,P,6400,BAL@TEX 04/17/2021 07:05PM ET,TEX,10.47
SP,Thomas Eshelman (17122197),Thomas Eshelman,17122197,P,6400,BAL@TEX 04/17/2021 07:05PM ET,BAL,0
SP,Chris Flexen (17121768),Chris Flexen,17121768,P,6300,HOU@SEA 04/17/2021 09:10PM ET,SEA,14.45
SP,Kendall Graveman (17122198),Kendall Graveman,17122198,P,6300,HOU@SEA 04/17/2021 09:10PM ET,SEA,6.21
OF,Byron Buxton (17121770),Byron Buxton,17121770,OF,6200,MIN@LAA 04/17/2021 09:07PM ET,MIN,15.22
RP,Lewis Thorpe (17122200),Lewis Thorpe,17122200,P,6200,MIN@LAA 04/17/2021 09:07PM ET,MIN,6.6
RP,Randy Dobnak (17122201),Randy Dobnak,17122201,P,6200,MIN@LAA 04/17/2021 09:07PM ET,MIN,-0.71
SP,Marco Gonzales (17122199),Marco Gonzales,17122199,P,6200,HOU@SEA 04/17/2021 09:10PM ET,SEA,6.57
OF,Mike Trout (17121771),Mike Trout,17121771,OF,6100,MIN@LAA 04/17/2021 09:07PM ET,LAA,12.08
RP,Jorge Alcala (17122205),Jorge Alcala,17122205,P,6100,MIN@LAA 04/17/2021 09:07PM ET,MIN,2.41
SP,Kyle Cody (17122202),Kyle Cody,17122202,P,6100,BAL@TEX 04/17/2021 07:05PM ET,TEX,3.37
SP,Wade LeBlanc (17122203),Wade LeBlanc,17122203,P,6100,BAL@TEX 04/17/2021 07:05PM ET,BAL,1.31
SP,Kolby Allard (17122204),Kolby Allard,17122204,P,6100,BAL@TEX 04/17/2021 07:05PM ET,TEX,8.68
SP,Hans Crouse (17122206),Hans Crouse,17122206,P,6100,BAL@TEX 04/17/2021 07:05PM ET,TEX,0
SP,Alex Speas (17122207),Alex Speas,17122207,P,6100,BAL@TEX 04/17/2021 07:05PM ET,TEX,0
SP,Hyeon-jong Yang (17122208),Hyeon-jong Yang,17122208,P,6100,BAL@TEX 04/17/2021 07:05PM ET,TEX,0
SP,Sam Gaviglio (17122209),Sam Gaviglio,17122209,P,6100,BAL@TEX 04/17/2021 07:05PM ET,TEX,0
SP,Tyler Phillips (17122210),Tyler Phillips,17122210,P,6100,BAL@TEX 04/17/2021 07:05PM ET,TEX,0
SP,Jason Bahr (17122211),Jason Bahr,17122211,P,6100,BAL@TEX 04/17/2021 07:05PM ET,TEX,0
SP,A.J. Alexy (17122212),A.J. Alexy,17122212,P,6100,BAL@TEX 04/17/2021 07:05PM ET,TEX,0
SP,Ian Kennedy (17122213),Ian Kennedy,17122213,P,6100,BAL@TEX 04/17/2021 07:05PM ET,TEX,3.93
SP,Jharel Cotton (17122214),Jharel Cotton,17122214,P,6100,BAL@TEX 04/17/2021 07:05PM ET,TEX,0
SP,Bruce Zimmermann (17122215),Bruce Zimmermann,17122215,P,6100,BAL@TEX 04/17/2021 07:05PM ET,BAL,11.68
SP,Junior Guerra (17122218),Junior Guerra,17122218,P,6000,MIN@LAA 04/17/2021 09:07PM ET,LAA,8.34
SP,Denny Brady (17122219),Denny Brady,17122219,P,6000,MIN@LAA 04/17/2021 09:07PM ET,LAA,0
SP,Aaron Slegers (17122220),Aaron Slegers,17122220,P,6000,MIN@LAA 04/17/2021 09:07PM ET,LAA,2.44
SP,Reid Detmers (17122221),Reid Detmers,17122221,P,6000,MIN@LAA 04/17/2021 09:07PM ET,LAA,0
SP,Jake Faria (17122222),Jake Faria,17122222,P,6000,MIN@LAA 04/17/2021 09:07PM ET,LAA,0
SP,Chris Rodriguez (17122223),Chris Rodriguez,17122223,P,6000,MIN@LAA 04/17/2021 09:07PM ET,LAA,6.05
SP,Erik Swanson (17122226),Erik Swanson,17122226,P,6000,HOU@SEA 04/17/2021 09:10PM ET,SEA,5.9
SP,Dean Kremer (17121769),Dean Kremer,17121769,P,6000,BAL@TEX 04/17/2021 07:05PM ET,BAL,3.55
SP,Wes Benjamin (17122216),Wes Benjamin,17122216,P,6000,BAL@TEX 04/17/2021 07:05PM ET,TEX,3.58
SP,Jorge Lopez (17122217),Jorge Lopez,17122217,P,6000,BAL@TEX 04/17/2021 07:05PM ET,BAL,10.45
SP,Kyle Gibson (17122224),Kyle Gibson,17122224,P,6000,BAL@TEX 04/17/2021 07:05PM ET,TEX,12.47
SP,Matt Harvey (17122225),Matt Harvey,17122225,P,6000,BAL@TEX 04/17/2021 07:05PM ET,BAL,9.42
SP,Nick Margevicius (17122227),Nick Margevicius,17122227,P,5900,HOU@SEA 04/17/2021 09:10PM ET,SEA,4.48
OF,Nelson Cruz (17121772),Nelson Cruz,17121772,OF,5800,MIN@LAA 04/17/2021 09:07PM ET,MIN,9.69
RP,Devin Smeltzer (17122230),Devin Smeltzer,17122230,P,5800,MIN@LAA 04/17/2021 09:07PM ET,MIN,0
SP,Robert Dugger (17122228),Robert Dugger,17122228,P,5800,HOU@SEA 04/17/2021 09:10PM ET,SEA,0
SP,Ljay Newsome (17122229),Ljay Newsome,17122229,P,5800,HOU@SEA 04/17/2021 09:10PM ET,SEA,5
RP,Blake Cederlind (17122231),Blake Cederlind,17122231,P,5600,PIT@MIL 04/17/2021 07:10PM ET,PIT,0
RP,Braeden Ogle (17122232),Braeden Ogle,17122232,P,5600,PIT@MIL 04/17/2021 07:10PM ET,PIT,0
RP,Luis Oviedo (17122233),Luis Oviedo,17122233,P,5600,PIT@MIL 04/17/2021 07:10PM ET,PIT,1.75
RP,David Bednar (17122234),David Bednar,17122234,P,5600,PIT@MIL 04/17/2021 07:10PM ET,PIT,2.16
RP,Geoff Hartlieb (17122235),Geoff Hartlieb,17122235,P,5600,PIT@MIL 04/17/2021 07:10PM ET,PIT,0
RP,Sam Howard (17122236),Sam Howard,17122236,P,5600,PIT@MIL 04/17/2021 07:10PM ET,PIT,3.16
RP,Nick Mears (17122237),Nick Mears,17122237,P,5600,PIT@MIL 04/17/2021 07:10PM ET,PIT,0
RP,Miguel Yajure (17122238),Miguel Yajure,17122238,P,5600,PIT@MIL 04/17/2021 07:10PM ET,PIT,0
RP,Michael Feliz (17122239),Michael Feliz,17122239,P,5600,PIT@MIL 04/17/2021 07:10PM ET,PIT,2.66
RP,Chasen Shreve (17122240),Chasen Shreve,17122240,P,5600,PIT@MIL 04/17/2021 07:10PM ET,PIT,0
RP,Kyle Crick (17122241),Kyle Crick,17122241,P,5600,PIT@MIL 04/17/2021 07:10PM ET,PIT,3.28
RP,Sean Poppen (17122242),Sean Poppen,17122242,P,5600,PIT@MIL 04/17/2021 07:10PM ET,PIT,0
RP,Austin Davis (17122243),Austin Davis,17122243,P,5600,PIT@MIL 04/17/2021 07:10PM ET,PIT,0
RP,Kyle Keller (17122244),Kyle Keller,17122244,P,5600,PIT@MIL 04/17/2021 07:10PM ET,PIT,0
RP,Richard Rodriguez (17122245),Richard Rodriguez,17122245,P,5600,PIT@MIL 04/17/2021 07:10PM ET,PIT,3.71
RP,Chase De Jong (17122246),Chase De Jong,17122246,P,5600,PIT@MIL 04/17/2021 07:10PM ET,PIT,0
OF,Mookie Betts (17121773),Mookie Betts,17121773,OF,5500,LAD@SD 04/17/2021 08:40PM ET,LAD,11.22
SS,Corey Seager (17121774),Corey Seager,17121774,SS,5400,LAD@SD 04/17/2021 08:40PM ET,LAD,10.54
RP,Cesar Valdez (17122247),Cesar Valdez,17122247,P,5400,BAL@TEX 04/17/2021 07:05PM ET,BAL,5.18
OF,Christian Yelich (17121775),Christian Yelich,17121775,OF,5300,PIT@MIL 04/17/2021 07:10PM ET,MIL,8.22
RP,Javy Guerra (17122248),Javy Guerra,17122248,P,5300,LAD@SD 04/17/2021 08:40PM ET,SD,0
RP,Keone Kela (17122249),Keone Kela,17122249,P,5300,LAD@SD 04/17/2021 08:40PM ET,SD,4.69
RP,Mark Melancon (17122250),Mark Melancon,17122250,P,5300,LAD@SD 04/17/2021 08:40PM ET,SD,3.74
RP,Taylor Williams (17122251),Taylor Williams,17122251,P,5300,LAD@SD 04/17/2021 08:40PM ET,SD,3.44
SP,Anderson Espinoza (17122252),Anderson Espinoza,17122252,P,5300,LAD@SD 04/17/2021 08:40PM ET,SD,0
SP,MacKenzie Gore (17122253),MacKenzie Gore,17122253,P,5300,LAD@SD 04/17/2021 08:40PM ET,SD,0
RP,Emilio Pagan (17122254),Emilio Pagan,17122254,P,5300,LAD@SD 04/17/2021 08:40PM ET,SD,4.27
RP,Trey Wingenter (17122255),Trey Wingenter,17122255,P,5300,LAD@SD 04/17/2021 08:40PM ET,SD,0
RP,Dan Altavilla (17122256),Dan Altavilla,17122256,P,5300,LAD@SD 04/17/2021 08:40PM ET,SD,2.2
RP,Daniel Camarena (17122257),Daniel Camarena,17122257,P,5300,LAD@SD 04/17/2021 08:40PM ET,SD,0
RP,James Norwood (17122258),James Norwood,17122258,P,5300,LAD@SD 04/17/2021 08:40PM ET,SD,0
RP,Miguel Diaz (17122259),Miguel Diaz,17122259,P,5300,LAD@SD 04/17/2021 08:40PM ET,SD,0
RP,Tim Hill (17122260),Tim Hill,17122260,P,5300,LAD@SD 04/17/2021 08:40PM ET,SD,2.81
RP,Nick Ramirez (17122261),Nick Ramirez,17122261,P,5300,LAD@SD 04/17/2021 08:40PM ET,SD,0
RP,Matt Strahm (17122262),Matt Strahm,17122262,P,5300,LAD@SD 04/17/2021 08:40PM ET,SD,0
RP,Parker Markel (17122263),Parker Markel,17122263,P,5300,LAD@SD 04/17/2021 08:40PM ET,SD,0
RP,Jose Castillo (17122264),Jose Castillo,17122264,P,5300,LAD@SD 04/17/2021 08:40PM ET,SD,0
RP,Chase Johnson (17122265),Chase Johnson,17122265,P,5300,LAD@SD 04/17/2021 08:40PM ET,SD,0
RP,Pierce Johnson (17122266),Pierce Johnson,17122266,P,5300,LAD@SD 04/17/2021 08:40PM ET,SD,0.9
RP,Aaron Northcraft (17122267),Aaron Northcraft,17122267,P,5300,LAD@SD 04/17/2021 08:40PM ET,SD,0
RP,Austin Adams (17122268),Austin Adams,17122268,P,5300,LAD@SD 04/17/2021 08:40PM ET,SD,0.04
SP,Mason Thompson (17122269),Mason Thompson,17122269,P,5300,LAD@SD 04/17/2021 08:40PM ET,SD,0
SP,Nabil Crismatt (17122270),Nabil Crismatt,17122270,P,5300,LAD@SD 04/17/2021 08:40PM ET,SD,7.2
RP,Craig Stammen (17122271),Craig Stammen,17122271,P,5300,LAD@SD 04/17/2021 08:40PM ET,SD,6.5
RP,Michel Baez (17122272),Michel Baez,17122272,P,5300,LAD@SD 04/17/2021 08:40PM ET,SD,0
2B,Jose Altuve (17121917),Jose Altuve,17121917,2B,5300,HOU@SEA 04/17/2021 09:10PM ET,HOU,8.82
C,Mitch Garver (17121776),Mitch Garver,17121776,C,5200,MIN@LAA 04/17/2021 09:07PM ET,MIN,5.91
3B,Alex Bregman (17121918),Alex Bregman,17121918,3B,5200,HOU@SEA 04/17/2021 09:10PM ET,HOU,8
1B,Trey Mancini (17121777),Trey Mancini,17121777,1B,5200,BAL@TEX 04/17/2021 07:05PM ET,BAL,7.15
RP,Cole Sulser (17122273),Cole Sulser,17122273,P,5200,BAL@TEX 04/17/2021 07:05PM ET,BAL,7.78
OF,Trent Grisham (17121779),Trent Grisham,17121779,OF,5100,LAD@SD 04/17/2021 08:40PM ET,SD,13
1B,Eric Hosmer (17121780),Eric Hosmer,17121780,1B,5100,LAD@SD 04/17/2021 08:40PM ET,SD,10.07
SS,Fernando Tatis Jr. (17121919),Fernando Tatis Jr.,17121919,SS,5100,LAD@SD 04/17/2021 08:40PM ET,SD,7.67
3B,Kyle Seager (17121778),Kyle Seager,17121778,3B,5100,HOU@SEA 04/17/2021 09:10PM ET,SEA,8
3B,Justin Turner (17121781),Justin Turner,17121781,3B,5000,LAD@SD 04/17/2021 08:40PM ET,LAD,14.17
1B/OF,Shohei Ohtani (17121782),Shohei Ohtani,17121782,1B/OF,5000,MIN@LAA 04/17/2021 09:07PM ET,LAA,1.41
RP,Brandon Brennan (17122274),Brandon Brennan,17122274,P,5000,HOU@SEA 04/17/2021 09:10PM ET,SEA,0
RP,Rafael Montero (17122275),Rafael Montero,17122275,P,5000,HOU@SEA 04/17/2021 09:10PM ET,SEA,3.54
RP,Wyatt Mills (17122276),Wyatt Mills,17122276,P,5000,HOU@SEA 04/17/2021 09:10PM ET,SEA,0
RP,Andres Munoz (17122277),Andres Munoz,17122277,P,5000,HOU@SEA 04/17/2021 09:10PM ET,SEA,0
RP,Aaron Fletcher (17122278),Aaron Fletcher,17122278,P,5000,HOU@SEA 04/17/2021 09:10PM ET,SEA,0
RP,Will Vest (17122279),Will Vest,17122279,P,5000,HOU@SEA 04/17/2021 09:10PM ET,SEA,4.12
RP,Joey Gerber (17122280),Joey Gerber,17122280,P,5000,HOU@SEA 04/17/2021 09:10PM ET,SEA,0
RP,Casey Sadler (17122281),Casey Sadler,17122281,P,5000,HOU@SEA 04/17/2021 09:10PM ET,SEA,3.05
RP,Drew Steckenrider (17122282),Drew Steckenrider,17122282,P,5000,HOU@SEA 04/17/2021 09:10PM ET,SEA,3.11
SP,Logan Gilbert (17122283),Logan Gilbert,17122283,P,5000,HOU@SEA 04/17/2021 09:10PM ET,SEA,0
RP,Yohan Ramirez (17122284),Yohan Ramirez,17122284,P,5000,HOU@SEA 04/17/2021 09:10PM ET,SEA,0
RP,Keynan Middleton (17122285),Keynan Middleton,17122285,P,5000,HOU@SEA 04/17/2021 09:10PM ET,SEA,0.91
RP,Brady Lail (17122286),Brady Lail,17122286,P,5000,HOU@SEA 04/17/2021 09:10PM ET,SEA,0
RP,Paul Sewald (17122287),Paul Sewald,17122287,P,5000,HOU@SEA 04/17/2021 09:10PM ET,SEA,0
RP,Ken Giles (17122288),Ken Giles,17122288,P,5000,HOU@SEA 04/17/2021 09:10PM ET,SEA,0
RP,Jimmy Yacabonis (17122289),Jimmy Yacabonis,17122289,P,5000,HOU@SEA 04/17/2021 09:10PM ET,SEA,0
RP,JT Chargois (17122290),JT Chargois,17122290,P,5000,HOU@SEA 04/17/2021 09:10PM ET,SEA,0
RP,Domingo Tapia (17122291),Domingo Tapia,17122291,P,5000,HOU@SEA 04/17/2021 09:10PM ET,SEA,0
RP,Taylor Guerrieri (17122292),Taylor Guerrieri,17122292,P,5000,HOU@SEA 04/17/2021 09:10PM ET,SEA,0
SP,Anthony Misiewicz (17122293),Anthony Misiewicz,17122293,P,5000,HOU@SEA 04/17/2021 09:10PM ET,SEA,4.7
1B/OF,Jared Walsh (17121784),Jared Walsh,17121784,1B/OF,4900,MIN@LAA 04/17/2021 09:07PM ET,LAA,11.08
3B,Anthony Rendon (17121920),Anthony Rendon,17121920,3B,4900,MIN@LAA 04/17/2021 09:07PM ET,LAA,7.5
SP,Tyler Wells (17122294),Tyler Wells,17122294,P,4900,BAL@TEX 04/17/2021 07:05PM ET,BAL,3.29
SP,Marcos Diplan (17122295),Marcos Diplan,17122295,P,4900,BAL@TEX 04/17/2021 07:05PM ET,BAL,0
SP,Zac Lowther (17122296),Zac Lowther,17122296,P,4900,BAL@TEX 04/17/2021 07:05PM ET,BAL,0
SP,Gray Fenter (17122297),Gray Fenter,17122297,P,4900,BAL@TEX 04/17/2021 07:05PM ET,BAL,0
SP,Conner Greene (17122298),Conner Greene,17122298,P,4900,BAL@TEX 04/17/2021 07:05PM ET,BAL,0
SP,Mac Sceroler (17122299),Mac Sceroler,17122299,P,4900,BAL@TEX 04/17/2021 07:05PM ET,BAL,4.42
3B/OF,Luis Arraez (17121787),Luis Arraez,17121787,3B/OF,4800,MIN@LAA 04/17/2021 09:07PM ET,MIN,7.46
SS,Carlos Correa (17121786),Carlos Correa,17121786,SS,4800,HOU@SEA 04/17/2021 09:10PM ET,HOU,7.85
2B,Nick Solak (17121789),Nick Solak,17121789,2B,4800,BAL@TEX 04/17/2021 07:05PM ET,TEX,8.79
3B,Manny Machado (17121791),Manny Machado,17121791,3B,4700,LAD@SD 04/17/2021 08:40PM ET,SD,10.07
1B,Max Muncy (17121792),Max Muncy,17121792,1B,4700,LAD@SD 04/17/2021 08:40PM ET,LAD,10.71
SS,Isiah Kiner-Falefa (17121790),Isiah Kiner-Falefa,17121790,SS,4700,BAL@TEX 04/17/2021 07:05PM ET,TEX,7.71
3B,Ke'Bryan Hayes (17121921),Ke'Bryan Hayes,17121921,3B,4600,PIT@MIL 04/17/2021 07:10PM ET,PIT,11
C,Will Smith (17121794),Will Smith,17121794,C,4600,LAD@SD 04/17/2021 08:40PM ET,LAD,8.7
OF,Wil Myers (17121795),Wil Myers,17121795,OF,4600,LAD@SD 04/17/2021 08:40PM ET,SD,9.71
OF,Max Kepler (17121793),Max Kepler,17121793,OF,4600,MIN@LAA 04/17/2021 09:07PM ET,MIN,7.07
OF,Yordan Alvarez (17121922),Yordan Alvarez,17121922,OF,4600,HOU@SEA 04/17/2021 09:10PM ET,HOU,8.64
1B,Miguel Sano (17121797),Miguel Sano,17121797,1B,4500,MIN@LAA 04/17/2021 09:07PM ET,MIN,5.36
OF,Michael Brantley (17121796),Michael Brantley,17121796,OF,4500,HOU@SEA 04/17/2021 09:10PM ET,HOU,8.4
1B/2B,Keston Hiura (17121799),Keston Hiura,17121799,1B/2B,4400,PIT@MIL 04/17/2021 07:10PM ET,MIL,5.27
OF/SS,Chris Taylor (17121802),Chris Taylor,17121802,SS/OF,4400,LAD@SD 04/17/2021 08:40PM ET,LAD,9.08
3B,Josh Donaldson (17121798),Josh Donaldson,17121798,3B,4400,MIN@LAA 04/17/2021 09:07PM ET,MIN,6.67
C,Jason Castro (17121804),Jason Castro,17121804,C,4400,HOU@SEA 04/17/2021 09:10PM ET,HOU,8.4
OF,Joey Gallo (17121801),Joey Gallo,17121801,OF,4400,BAL@TEX 04/17/2021 07:05PM ET,TEX,7.57
OF,Cody Bellinger (17121923),Cody Bellinger,17121923,OF,4300,LAD@SD 04/17/2021 08:40PM ET,LAD,7.75
2B,David Fletcher (17121807),David Fletcher,17121807,2B,4300,MIN@LAA 04/17/2021 09:07PM ET,LAA,6
OF,Kyle Tucker (17121806),Kyle Tucker,17121806,OF,4300,HOU@SEA 04/17/2021 09:10PM ET,HOU,8.15
1B,Nate Lowe (17121805),Nate Lowe,17121805,1B,4300,BAL@TEX 04/17/2021 07:05PM ET,TEX,9.29
3B,Travis Shaw (17121809),Travis Shaw,17121809,3B,4200,PIT@MIL 04/17/2021 07:10PM ET,MIL,8.17
2B/OF,Dylan Moore (17121810),Dylan Moore,17121810,2B/OF,4200,HOU@SEA 04/17/2021 09:10PM ET,SEA,5.77
C,Jonah Heim (17121808),Jonah Heim,17121808,C,4200,BAL@TEX 04/17/2021 07:05PM ET,TEX,9.75
2B,Jake Cronenworth (17121814),Jake Cronenworth,17121814,2B,4100,LAD@SD 04/17/2021 08:40PM ET,SD,8
SS,Andrelton Simmons (17121925),Andrelton Simmons,17121925,SS,4100,MIN@LAA 04/17/2021 09:07PM ET,MIN,7.1
3B,Maikel Franco (17121812),Maikel Franco,17121812,3B,4100,BAL@TEX 04/17/2021 07:05PM ET,BAL,7.23
OF,Ryan Mountcastle (17121813),Ryan Mountcastle,17121813,OF,4100,BAL@TEX 04/17/2021 07:05PM ET,BAL,5.69
RP,Blaine Hardy (17122315),Blaine Hardy,17122315,P,4000,PIT@MIL 04/17/2021 07:10PM ET,MIL,0
RP,Clayton Andrews (17122324),Clayton Andrews,17122324,P,4000,PIT@MIL 04/17/2021 07:10PM ET,MIL,0
RP,Hoby Milner (17122327),Hoby Milner,17122327,P,4000,PIT@MIL 04/17/2021 07:10PM ET,MIL,0
RP,Tyler Bashlor (17122348),Tyler Bashlor,17122348,P,4000,PIT@MIL 04/17/2021 07:10PM ET,PIT,0
RP,Phil Bickford (17122356),Phil Bickford,17122356,P,4000,PIT@MIL 04/17/2021 07:10PM ET,MIL,0
RP,Patrick Weigel (17122358),Patrick Weigel,17122358,P,4000,PIT@MIL 04/17/2021 07:10PM ET,MIL,0
RP,Bobby Wahl (17122363),Bobby Wahl,17122363,P,4000,PIT@MIL 04/17/2021 07:10PM ET,MIL,0
RP,Justin Topa (17122372),Justin Topa,17122372,P,4000,PIT@MIL 04/17/2021 07:10PM ET,MIL,0
RP,Eric Yardley (17122382),Eric Yardley,17122382,P,4000,PIT@MIL 04/17/2021 07:10PM ET,MIL,-0.39
RP,Chad Sobotka (17122383),Chad Sobotka,17122383,P,4000,PIT@MIL 04/17/2021 07:10PM ET,MIL,0
RP,Brad Boxberger (17122403),Brad Boxberger,17122403,P,4000,PIT@MIL 04/17/2021 07:10PM ET,MIL,2.72
RP,J.P. Feyereisen (17122408),J.P. Feyereisen,17122408,P,4000,PIT@MIL 04/17/2021 07:10PM ET,MIL,3.45
RP,Devin Williams (17122413),Devin Williams,17122413,P,4000,PIT@MIL 04/17/2021 07:10PM ET,MIL,1.21
RP,Joe Kelly (17122300),Joe Kelly,17122300,P,4000,LAD@SD 04/17/2021 08:40PM ET,LAD,0
RP,Brusdar Graterol (17122303),Brusdar Graterol,17122303,P,4000,LAD@SD 04/17/2021 08:40PM ET,LAD,0
RP,Victor Gonzalez (17122304),Victor Gonzalez,17122304,P,4000,LAD@SD 04/17/2021 08:40PM ET,LAD,1.89
RP,Alex Vesia (17122305),Alex Vesia,17122305,P,4000,LAD@SD 04/17/2021 08:40PM ET,LAD,0
SP,Kendall Williams (17122309),Kendall Williams,17122309,P,4000,LAD@SD 04/17/2021 08:40PM ET,LAD,0
RP,Mitch White (17122310),Mitch White,17122310,P,4000,LAD@SD 04/17/2021 08:40PM ET,LAD,0
RP,Garrett Cleavinger (17122320),Garrett Cleavinger,17122320,P,4000,LAD@SD 04/17/2021 08:40PM ET,LAD,0
RP,Scott Alexander (17122331),Scott Alexander,17122331,P,4000,LAD@SD 04/17/2021 08:40PM ET,LAD,1.22
SP,Gerardo Carrillo (17122335),Gerardo Carrillo,17122335,P,4000,LAD@SD 04/17/2021 08:40PM ET,LAD,0
RP,Dennis Santana (17122343),Dennis Santana,17122343,P,4000,LAD@SD 04/17/2021 08:40PM ET,LAD,3.25
RP,Bobby Miller (17122352),Bobby Miller,17122352,P,4000,LAD@SD 04/17/2021 08:40PM ET,LAD,0
RP,Caleb Ferguson (17122354),Caleb Ferguson,17122354,P,4000,LAD@SD 04/17/2021 08:40PM ET,LAD,0
SP,Ryan Pepiot (17122360),Ryan Pepiot,17122360,P,4000,LAD@SD 04/17/2021 08:40PM ET,LAD,0
RP,Kenley Jansen (17122365),Kenley Jansen,17122365,P,4000,LAD@SD 04/17/2021 08:40PM ET,LAD,3.82
RP,Ashton Goudeau (17122366),Ashton Goudeau,17122366,P,4000,LAD@SD 04/17/2021 08:40PM ET,LAD,0
SP,Edwin Uceta (17122367),Edwin Uceta,17122367,P,4000,LAD@SD 04/17/2021 08:40PM ET,LAD,0
RP,James Pazos (17122369),James Pazos,17122369,P,4000,LAD@SD 04/17/2021 08:40PM ET,LAD,0
SP,Landon Knack (17122370),Landon Knack,17122370,P,4000,LAD@SD 04/17/2021 08:40PM ET,LAD,0
RP,Tommy Kahnle (17122388),Tommy Kahnle,17122388,P,4000,LAD@SD 04/17/2021 08:40PM ET,LAD,0
SP,Michael Grove (17122389),Michael Grove,17122389,P,4000,LAD@SD 04/17/2021 08:40PM ET,LAD,0
RP,Corey Knebel (17122393),Corey Knebel,17122393,P,4000,LAD@SD 04/17/2021 08:40PM ET,LAD,4.07
SP,Andre Jackson (17122394),Andre Jackson,17122394,P,4000,LAD@SD 04/17/2021 08:40PM ET,LAD,0
SP,Josiah Gray (17122401),Josiah Gray,17122401,P,4000,LAD@SD 04/17/2021 08:40PM ET,LAD,0
RP,Enny Romero (17122404),Enny Romero,17122404,P,4000,LAD@SD 04/17/2021 08:40PM ET,LAD,0
RP,Blake Treinen (17122416),Blake Treinen,17122416,P,4000,LAD@SD 04/17/2021 08:40PM ET,LAD,3.26
1B,Matt Thaiss (17121924),Matt Thaiss,17121924,1B,4000,MIN@LAA 04/17/2021 09:07PM ET,LAA,0
RP,Robinson Leyer (17122302),Robinson Leyer,17122302,P,4000,MIN@LAA 04/17/2021 09:07PM ET,MIN,0
RP,Ben Rowen (17122307),Ben Rowen,17122307,P,4000,MIN@LAA 04/17/2021 09:07PM ET,LAA,2.58
RP,Steve Cishek (17122308),Steve Cishek,17122308,P,4000,MIN@LAA 04/17/2021 09:07PM ET,LAA,1.74
RP,Alex Claudio (17122311),Alex Claudio,17122311,P,4000,MIN@LAA 04/17/2021 09:07PM ET,LAA,1.39
RP,Jake Reed (17122314),Jake Reed,17122314,P,4000,MIN@LAA 04/17/2021 09:07PM ET,LAA,0
RP,Andrew Vasquez (17122317),Andrew Vasquez,17122317,P,4000,MIN@LAA 04/17/2021 09:07PM ET,MIN,0
RP,Thomas Pannone (17122319),Thomas Pannone,17122319,P,4000,MIN@LAA 04/17/2021 09:07PM ET,LAA,0
RP,Caleb Thielbar (17122322),Caleb Thielbar,17122322,P,4000,MIN@LAA 04/17/2021 09:07PM ET,MIN,6.35
SP,Jordan Balazovic (17122325),Jordan Balazovic,17122325,P,4000,MIN@LAA 04/17/2021 09:07PM ET,MIN,0
RP,Tyler Duffey (17122329),Tyler Duffey,17122329,P,4000,MIN@LAA 04/17/2021 09:07PM ET,MIN,1.52
RP,James Hoyt (17122332),James Hoyt,17122332,P,4000,MIN@LAA 04/17/2021 09:07PM ET,LAA,0
RP,Glenn Sparkman (17122336),Glenn Sparkman,17122336,P,4000,MIN@LAA 04/17/2021 09:07PM ET,MIN,0
RP,Juan Minaya (17122342),Juan Minaya,17122342,P,4000,MIN@LAA 04/17/2021 09:07PM ET,MIN,0
RP,Hansel Robles (17122344),Hansel Robles,17122344,P,4000,MIN@LAA 04/17/2021 09:07PM ET,MIN,2.83
RP,Danny Coulombe (17122345),Danny Coulombe,17122345,P,4000,MIN@LAA 04/17/2021 09:07PM ET,MIN,0
SP,Shaun Anderson (17122346),Shaun Anderson,17122346,P,4000,MIN@LAA 04/17/2021 09:07PM ET,MIN,0
RP,Derek Law (17122351),Derek Law,17122351,P,4000,MIN@LAA 04/17/2021 09:07PM ET,MIN,0
RP,Mike Mayers (17122362),Mike Mayers,17122362,P,4000,MIN@LAA 04/17/2021 09:07PM ET,LAA,4.46
RP,Ian Hamilton (17122373),Ian Hamilton,17122373,P,4000,MIN@LAA 04/17/2021 09:07PM ET,MIN,0
RP,Felix Pena (17122374),Felix Pena,17122374,P,4000,MIN@LAA 04/17/2021 09:07PM ET,LAA,0
RP,Alex Colome (17122376),Alex Colome,17122376,P,4000,MIN@LAA 04/17/2021 09:07PM ET,MIN,2.94
RP,Gerardo Reyes (17122379),Gerardo Reyes,17122379,P,4000,MIN@LAA 04/17/2021 09:07PM ET,LAA,0
RP,Cody Stashak (17122384),Cody Stashak,17122384,P,4000,MIN@LAA 04/17/2021 09:07PM ET,MIN,3.74
RP,Hector Yan (17122386),Hector Yan,17122386,P,4000,MIN@LAA 04/17/2021 09:07PM ET,LAA,0
RP,Luke Bard (17122387),Luke Bard,17122387,P,4000,MIN@LAA 04/17/2021 09:07PM ET,LAA,0
RP,Raisel Iglesias (17122391),Raisel Iglesias,17122391,P,4000,MIN@LAA 04/17/2021 09:07PM ET,LAA,4.3
RP,Luke Farrell (17122392),Luke Farrell,17122392,P,4000,MIN@LAA 04/17/2021 09:07PM ET,MIN,0
RP,Andrew Albers (17122396),Andrew Albers,17122396,P,4000,MIN@LAA 04/17/2021 09:07PM ET,MIN,0
RP,Noe Ramirez (17122400),Noe Ramirez,17122400,P,4000,MIN@LAA 04/17/2021 09:07PM ET,LAA,0
RP,Brandon Waddell (17122406),Brandon Waddell,17122406,P,4000,MIN@LAA 04/17/2021 09:07PM ET,MIN,1.28
SP,Matt Canterino (17122407),Matt Canterino,17122407,P,4000,MIN@LAA 04/17/2021 09:07PM ET,MIN,0
RP,Chandler Shepherd (17122410),Chandler Shepherd,17122410,P,4000,MIN@LAA 04/17/2021 09:07PM ET,MIN,0
RP,Jose Quijada (17122412),Jose Quijada,17122412,P,4000,MIN@LAA 04/17/2021 09:07PM ET,LAA,0
RP,Ian Gibaut (17122417),Ian Gibaut,17122417,P,4000,MIN@LAA 04/17/2021 09:07PM ET,MIN,0
SP,Edwar Colina (17122419),Edwar Colina,17122419,P,4000,MIN@LAA 04/17/2021 09:07PM ET,MIN,0
RP,Taylor Rogers (17122420),Taylor Rogers,17122420,P,4000,MIN@LAA 04/17/2021 09:07PM ET,MIN,4.2
RP,Tony Watson (17122421),Tony Watson,17122421,P,4000,MIN@LAA 04/17/2021 09:07PM ET,LAA,2.62
2B/OF,Aledmys Diaz (17121817),Aledmys Diaz,17121817,2B/OF,4000,HOU@SEA 04/17/2021 09:10PM ET,HOU,7.29
RP,Bryan Abreu (17122313),Bryan Abreu,17122313,P,4000,HOU@SEA 04/17/2021 09:10PM ET,HOU,3.93
RP,Kent Emanuel (17122316),Kent Emanuel,17122316,P,4000,HOU@SEA 04/17/2021 09:10PM ET,HOU,0
RP,Ryne Stanek (17122321),Ryne Stanek,17122321,P,4000,HOU@SEA 04/17/2021 09:10PM ET,HOU,4.24
RP,Andre Scrubb (17122323),Andre Scrubb,17122323,P,4000,HOU@SEA 04/17/2021 09:10PM ET,HOU,0
RP,Pedro Baez (17122326),Pedro Baez,17122326,P,4000,HOU@SEA 04/17/2021 09:10PM ET,HOU,0
RP,Joe Smith (17122328),Joe Smith,17122328,P,4000,HOU@SEA 04/17/2021 09:10PM ET,HOU,-0.52
RP,Tyler Ivey (17122330),Tyler Ivey,17122330,P,4000,HOU@SEA 04/17/2021 09:10PM ET,HOU,0
RP,Austin Pruitt (17122338),Austin Pruitt,17122338,P,4000,HOU@SEA 04/17/2021 09:10PM ET,HOU,0
RP,Blair Henley (17122340),Blair Henley,17122340,P,4000,HOU@SEA 04/17/2021 09:10PM ET,HOU,0
RP,Jose Alberto Rivera (17122341),Jose Alberto Rivera,17122341,P,4000,HOU@SEA 04/17/2021 09:10PM ET,HOU,0
RP,Enoli Paredes (17122347),Enoli Paredes,17122347,P,4000,HOU@SEA 04/17/2021 09:10PM ET,HOU,0.73
RP,Ralph Garza Jr. (17122355),Ralph Garza Jr.,17122355,P,4000,HOU@SEA 04/17/2021 09:10PM ET,HOU,0
RP,Peter Solomon (17122359),Peter Solomon,17122359,P,4000,HOU@SEA 04/17/2021 09:10PM ET,HOU,0
RP,Francis Martes (17122377),Francis Martes,17122377,P,4000,HOU@SEA 04/17/2021 09:10PM ET,HOU,0
RP,Riley Ferrell (17122385),Riley Ferrell,17122385,P,4000,HOU@SEA 04/17/2021 09:10PM ET,HOU,0
RP,Hector Velazquez (17122390),Hector Velazquez,17122390,P,4000,HOU@SEA 04/17/2021 09:10PM ET,HOU,0
RP,Jojanse Torres (17122395),Jojanse Torres,17122395,P,4000,HOU@SEA 04/17/2021 09:10PM ET,HOU,0
RP,Nivaldo Rodriguez (17122409),Nivaldo Rodriguez,17122409,P,4000,HOU@SEA 04/17/2021 09:10PM ET,HOU,8.95
RP,Hunter Brown (17122414),Hunter Brown,17122414,P,4000,HOU@SEA 04/17/2021 09:10PM ET,HOU,0
RP,Brooks Raley (17122418),Brooks Raley,17122418,P,4000,HOU@SEA 04/17/2021 09:10PM ET,HOU,1.53
3B/SS,Charlie Culberson (17121815),Charlie Culberson,17121815,3B/SS,4000,BAL@TEX 04/17/2021 07:05PM ET,TEX,7.88
RP,Jimmy Herget (17122301),Jimmy Herget,17122301,P,4000,BAL@TEX 04/17/2021 07:05PM ET,TEX,0
RP,Josh Sborz (17122306),Josh Sborz,17122306,P,4000,BAL@TEX 04/17/2021 07:05PM ET,TEX,2.08
RP,Drew Anderson (17122312),Drew Anderson,17122312,P,4000,BAL@TEX 04/17/2021 07:05PM ET,TEX,0
RP,Jose Leclerc (17122318),Jose Leclerc,17122318,P,4000,BAL@TEX 04/17/2021 07:05PM ET,TEX,0
RP,Hunter Wood (17122333),Hunter Wood,17122333,P,4000,BAL@TEX 04/17/2021 07:05PM ET,TEX,0
RP,Jonathan Hernandez (17122334),Jonathan Hernandez,17122334,P,4000,BAL@TEX 04/17/2021 07:05PM ET,TEX,0
RP,Brett de Geus (17122337),Brett de Geus,17122337,P,4000,BAL@TEX 04/17/2021 07:05PM ET,TEX,2.32
RP,Luis Ortiz (17122339),Luis Ortiz,17122339,P,4000,BAL@TEX 04/17/2021 07:05PM ET,TEX,0
RP,Hunter Harvey (17122349),Hunter Harvey,17122349,P,4000,BAL@TEX 04/17/2021 07:05PM ET,BAL,0
RP,Joe Gatto (17122350),Joe Gatto,17122350,P,4000,BAL@TEX 04/17/2021 07:05PM ET,TEX,0
RP,Brett Martin (17122353),Brett Martin,17122353,P,4000,BAL@TEX 04/17/2021 07:05PM ET,TEX,1.05
RP,Evan Phillips (17122357),Evan Phillips,17122357,P,4000,BAL@TEX 04/17/2021 07:05PM ET,BAL,0
RP,Matt Bush (17122361),Matt Bush,17122361,P,4000,BAL@TEX 04/17/2021 07:05PM ET,TEX,1.92
RP,DeMarcus Evans (17122364),DeMarcus Evans,17122364,P,4000,BAL@TEX 04/17/2021 07:05PM ET,TEX,0
RP,Spencer Patton (17122368),Spencer Patton,17122368,P,4000,BAL@TEX 04/17/2021 07:05PM ET,TEX,0
RP,Paul Fry (17122371),Paul Fry,17122371,P,4000,BAL@TEX 04/17/2021 07:05PM ET,BAL,2.72
RP,Joely Rodriguez (17122375),Joely Rodriguez,17122375,P,4000,BAL@TEX 04/17/2021 07:05PM ET,TEX,0
RP,Eric Hanhold (17122378),Eric Hanhold,17122378,P,4000,BAL@TEX 04/17/2021 07:05PM ET,BAL,0
RP,Yerry Rodriguez (17122380),Yerry Rodriguez,17122380,P,4000,BAL@TEX 04/17/2021 07:05PM ET,TEX,0
RP,Taylor Hearn (17122381),Taylor Hearn,17122381,P,4000,BAL@TEX 04/17/2021 07:05PM ET,TEX,5.42
RP,Shawn Armstrong (17122397),Shawn Armstrong,17122397,P,4000,BAL@TEX 04/17/2021 07:05PM ET,BAL,-1.57
RP,Fernando Abad (17122398),Fernando Abad,17122398,P,4000,BAL@TEX 04/17/2021 07:05PM ET,BAL,0
RP,Isaac Mattson (17122399),Isaac Mattson,17122399,P,4000,BAL@TEX 04/17/2021 07:05PM ET,BAL,0
RP,Nick Vincent (17122402),Nick Vincent,17122402,P,4000,BAL@TEX 04/17/2021 07:05PM ET,TEX,0
RP,Joe Palumbo (17122405),Joe Palumbo,17122405,P,4000,BAL@TEX 04/17/2021 07:05PM ET,TEX,0
RP,Tanner Scott (17122411),Tanner Scott,17122411,P,4000,BAL@TEX 04/17/2021 07:05PM ET,BAL,4.04
RP,John King (17122415),John King,17122415,P,4000,BAL@TEX 04/17/2021 07:05PM ET,TEX,3.5
C,Omar Narvaez (17121819),Omar Narvaez,17121819,C,3900,PIT@MIL 04/17/2021 07:10PM ET,MIL,7.09
3B/SS,Erik Gonzalez (17121823),Erik Gonzalez,17121823,3B/SS,3900,PIT@MIL 04/17/2021 07:10PM ET,PIT,4.92
2B,Jorge Polanco (17121822),Jorge Polanco,17121822,2B,3900,MIN@LAA 04/17/2021 09:07PM ET,MIN,5.29
1B,Yuli Gurriel (17121821),Yuli Gurriel,17121821,1B,3900,HOU@SEA 04/17/2021 09:10PM ET,HOU,8.92
OF,Cedric Mullins (17121820),Cedric Mullins,17121820,OF,3900,BAL@TEX 04/17/2021 07:05PM ET,BAL,9.46
1B/C,Austin Nola (17121927),Austin Nola,17121927,C/1B,3800,LAD@SD 04/17/2021 08:40PM ET,SD,0
C,Pedro Severino (17121825),Pedro Severino,17121825,C,3800,BAL@TEX 04/17/2021 07:05PM ET,BAL,4.5
OF,Anthony Santander (17121826),Anthony Santander,17121826,OF,3800,BAL@TEX 04/17/2021 07:05PM ET,BAL,5.83
3B,Brock Holt (17121926),Brock Holt,17121926,3B,3800,BAL@TEX 04/17/2021 07:05PM ET,TEX,8
3B/OF,Phillip Evans (17121828),Phillip Evans,17121828,3B/OF,3700,PIT@MIL 04/17/2021 07:10PM ET,PIT,8.92
1B,Colin Moran (17121830),Colin Moran,17121830,1B,3700,PIT@MIL 04/17/2021 07:10PM ET,PIT,8.57
2B,Adam Frazier (17121831),Adam Frazier,17121831,2B,3700,PIT@MIL 04/17/2021 07:10PM ET,PIT,9.38
C,Jose Trevino (17121827),Jose Trevino,17121827,C,3700,BAL@TEX 04/17/2021 07:05PM ET,TEX,5.4
OF,Avisail Garcia (17121832),Avisail Garcia,17121832,OF,3600,PIT@MIL 04/17/2021 07:10PM ET,MIL,8.36
OF,Lorenzo Cain (17121929),Lorenzo Cain,17121929,OF,3600,PIT@MIL 04/17/2021 07:10PM ET,MIL,7.86
2B,Kolten Wong (17121931),Kolten Wong,17121931,2B,3600,PIT@MIL 04/17/2021 07:10PM ET,MIL,4.14
C,Kurt Suzuki (17121833),Kurt Suzuki,17121833,C,3600,MIN@LAA 04/17/2021 09:07PM ET,LAA,3.43
2B,Ty France (17121836),Ty France,17121836,2B,3600,HOU@SEA 04/17/2021 09:10PM ET,SEA,7.92
3B/SS,Anderson Tejeda (17121834),Anderson Tejeda,17121834,3B/SS,3600,BAL@TEX 04/17/2021 07:05PM ET,TEX,2.4
OF,Khris Davis (17121930),Khris Davis,17121930,OF,3600,BAL@TEX 04/17/2021 07:05PM ET,TEX,0
OF,Jackie Bradley Jr. (17121840),Jackie Bradley Jr.,17121840,OF,3500,PIT@MIL 04/17/2021 07:10PM ET,MIL,4.58
C,Michael Perez (17121843),Michael Perez,17121843,C,3500,PIT@MIL 04/17/2021 07:10PM ET,PIT,1.8
2B,Gavin Lux (17121841),Gavin Lux,17121841,2B,3500,LAD@SD 04/17/2021 08:40PM ET,LAD,4.92
1B/3B,Willians Astudillo (17121837),Willians Astudillo,17121837,1B/3B,3500,MIN@LAA 04/17/2021 09:07PM ET,MIN,3.5
SS,Jose Iglesias (17121839),Jose Iglesias,17121839,SS,3500,MIN@LAA 04/17/2021 09:07PM ET,LAA,4.69
OF,Mitch Haniger (17121842),Mitch Haniger,17121842,OF,3500,HOU@SEA 04/17/2021 09:10PM ET,SEA,10.69
OF,Kyle Lewis (17121932),Kyle Lewis,17121932,OF,3500,HOU@SEA 04/17/2021 09:10PM ET,SEA,0
C,Manny Pina (17121847),Manny Pina,17121847,C,3400,PIT@MIL 04/17/2021 07:10PM ET,MIL,6
1B,Daniel Vogelbach (17121849),Daniel Vogelbach,17121849,1B,3400,PIT@MIL 04/17/2021 07:10PM ET,MIL,1.83
OF,Kyle Garlick (17121850),Kyle Garlick,17121850,OF,3400,MIN@LAA 04/17/2021 09:07PM ET,MIN,4.08
2B/3B,Rio Ruiz (17121844),Rio Ruiz,17121844,2B/3B,3400,BAL@TEX 04/17/2021 07:05PM ET,BAL,5.73
OF,David Dahl (17121846),David Dahl,17121846,OF,3400,BAL@TEX 04/17/2021 07:05PM ET,TEX,5.75
SS,Freddy Galvis (17121848),Freddy Galvis,17121848,SS,3400,BAL@TEX 04/17/2021 07:05PM ET,BAL,6
SS,Luis Urias (17121852),Luis Urias,17121852,SS,3300,PIT@MIL 04/17/2021 07:10PM ET,MIL,5.77
OF,Bryan Reynolds (17121854),Bryan Reynolds,17121854,OF,3300,PIT@MIL 04/17/2021 07:10PM ET,PIT,6.71
C,Victor Caratini (17121851),Victor Caratini,17121851,C,3300,LAD@SD 04/17/2021 08:40PM ET,SD,4.64
OF,Justin Upton (17121853),Justin Upton,17121853,OF,3300,MIN@LAA 04/17/2021 09:07PM ET,LAA,7.91
C,Martin Maldonado (17121933),Martin Maldonado,17121933,C,3300,HOU@SEA 04/17/2021 09:10PM ET,HOU,1.67
1B/OF,Ronald Guzman (17121934),Ronald Guzman,17121934,1B/OF,3300,BAL@TEX 04/17/2021 07:05PM ET,TEX,2.29
2B/SS,Kevin Newman (17121855),Kevin Newman,17121855,2B/SS,3200,PIT@MIL 04/17/2021 07:10PM ET,PIT,3.31
C,Max Stassi (17121936),Max Stassi,17121936,C,3200,MIN@LAA 04/17/2021 09:07PM ET,LAA,5.57
1B,Jose Marmolejos (17121858),Jose Marmolejos,17121858,1B,3200,HOU@SEA 04/17/2021 09:10PM ET,SEA,6.78
OF,Chas McCormick (17121859),Chas McCormick,17121859,OF,3200,HOU@SEA 04/17/2021 09:10PM ET,HOU,6
C,Luis Torrens (17121862),Luis Torrens,17121862,C,3200,HOU@SEA 04/17/2021 09:10PM ET,SEA,3.73
OF,Eli White (17121857),Eli White,17121857,OF,3200,BAL@TEX 04/17/2021 07:05PM ET,TEX,3.9
OF,Gregory Polanco (17121861),Gregory Polanco,17121861,OF,3100,PIT@MIL 04/17/2021 07:10PM ET,PIT,6.75
OF,Zach McKinstry (17121863),Zach McKinstry,17121863,OF,3100,LAD@SD 04/17/2021 08:40PM ET,LAD,8.85
SS,J.P. Crawford (17121860),J.P. Crawford,17121860,SS,3100,HOU@SEA 04/17/2021 09:10PM ET,SEA,4.92
OF,Taylor Trammell (17121864),Taylor Trammell,17121864,OF,3100,HOU@SEA 04/17/2021 09:10PM ET,SEA,6.75
C,Chance Sisco (17121865),Chance Sisco,17121865,C,3100,BAL@TEX 04/17/2021 07:05PM ET,BAL,2.17
C,Jacob Stallings (17121868),Jacob Stallings,17121868,C,3000,PIT@MIL 04/17/2021 07:10PM ET,PIT,6.33
SS,Oneil Cruz (17121937),Oneil Cruz,17121937,SS,3000,PIT@MIL 04/17/2021 07:10PM ET,PIT,0
OF,AJ Pollock (17121866),AJ Pollock,17121866,OF,3000,LAD@SD 04/17/2021 08:40PM ET,LAD,4.83
C,Austin Barnes (17121870),Austin Barnes,17121870,C,3000,LAD@SD 04/17/2021 08:40PM ET,LAD,4.29
1B,Albert Pujols (17121867),Albert Pujols,17121867,1B,3000,MIN@LAA 04/17/2021 09:07PM ET,LAA,5.1
3B,Jose Rojas (17121869),Jose Rojas,17121869,3B,3000,MIN@LAA 04/17/2021 09:07PM ET,LAA,1.29
OF,Leody Taveras (17121871),Leody Taveras,17121871,OF,3000,BAL@TEX 04/17/2021 07:05PM ET,TEX,2.5
2B/SS,Ji-Hwan Bae (17121939),Ji-Hwan Bae,17121939,2B/SS,2900,PIT@MIL 04/17/2021 07:10PM ET,PIT,0
3B,Kevin Kramer (17121941),Kevin Kramer,17121941,3B,2900,PIT@MIL 04/17/2021 07:10PM ET,PIT,0
C,Luis Campusano (17121872),Luis Campusano,17121872,C,2900,LAD@SD 04/17/2021 08:40PM ET,SD,2.43
OF,Jurickson Profar (17121874),Jurickson Profar,17121874,OF,2900,LAD@SD 04/17/2021 08:40PM ET,SD,7.2
1B/3B,Edwin Rios (17121875),Edwin Rios,17121875,1B/3B,2900,LAD@SD 04/17/2021 08:40PM ET,LAD,3.7
OF,DJ Stewart (17121873),DJ Stewart,17121873,OF,2900,BAL@TEX 04/17/2021 07:05PM ET,BAL,6.5
C,Sam Huff (17121938),Sam Huff,17121938,C,2900,BAL@TEX 04/17/2021 07:05PM ET,TEX,0
OF,Anthony Alford (17121877),Anthony Alford,17121877,OF,2800,PIT@MIL 04/17/2021 07:10PM ET,PIT,2.22
2B/SS,Daniel Robertson (17121879),Daniel Robertson,17121879,2B/SS,2800,PIT@MIL 04/17/2021 07:10PM ET,MIL,1.42
2B/SS,Rodolfo Castro (17121942),Rodolfo Castro,17121942,2B/SS,2800,PIT@MIL 04/17/2021 07:10PM ET,PIT,0
3B,Todd Frazier (17121944),Todd Frazier,17121944,3B,2800,PIT@MIL 04/17/2021 07:10PM ET,PIT,0
1B,Will Craig (17121945),Will Craig,17121945,1B,2800,PIT@MIL 04/17/2021 07:10PM ET,PIT,0
OF,Myles Straw (17121878),Myles Straw,17121878,OF,2800,HOU@SEA 04/17/2021 09:10PM ET,HOU,5.23
OF,Austin Hays (17121946),Austin Hays,17121946,OF,2800,BAL@TEX 04/17/2021 07:05PM ET,BAL,4.67
C,Adley Rutschman (17121947),Adley Rutschman,17121947,C,2800,BAL@TEX 04/17/2021 07:05PM ET,BAL,0
OF,Dustin Fowler (17121882),Dustin Fowler,17121882,OF,2700,PIT@MIL 04/17/2021 07:10PM ET,PIT,2.93
3B/SS,Ha-Seong Kim (17121883),Ha-Seong Kim,17121883,3B/SS,2700,LAD@SD 04/17/2021 08:40PM ET,SD,4
OF,Dexter Fowler (17121950),Dexter Fowler,17121950,OF,2700,MIN@LAA 04/17/2021 09:07PM ET,LAA,4.29
3B,Abraham Toro (17121885),Abraham Toro,17121885,3B,2700,HOU@SEA 04/17/2021 09:10PM ET,HOU,2
OF,Adolis Garcia (17121881),Adolis Garcia,17121881,OF,2700,BAL@TEX 04/17/2021 07:05PM ET,TEX,9
2B/SS,Pat Valaika (17121948),Pat Valaika,17121948,2B/SS,2700,BAL@TEX 04/17/2021 07:05PM ET,BAL,1.75
1B/OF,Mason Martin (17121956),Mason Martin,17121956,1B/OF,2600,PIT@MIL 04/17/2021 07:10PM ET,PIT,0
C,Joe Hudson (17121958),Joe Hudson,17121958,C,2600,PIT@MIL 04/17/2021 07:10PM ET,PIT,0
OF,Brian Goodwin (17121960),Brian Goodwin,17121960,OF,2600,PIT@MIL 04/17/2021 07:10PM ET,PIT,0
C,Jacob Nottingham (17121965),Jacob Nottingham,17121965,C,2600,PIT@MIL 04/17/2021 07:10PM ET,MIL,0
SS,Brice Turang (17121966),Brice Turang,17121966,SS,2600,PIT@MIL 04/17/2021 07:10PM ET,MIL,0
OF,Tommy Pham (17121888),Tommy Pham,17121888,OF,2600,LAD@SD 04/17/2021 08:40PM ET,SD,4.14
C,Ryan Jeffers (17121887),Ryan Jeffers,17121887,C,2600,MIN@LAA 04/17/2021 09:07PM ET,MIN,3.43
1B/OF,Alex Kirilloff (17121962),Alex Kirilloff,17121962,1B/OF,2600,MIN@LAA 04/17/2021 09:07PM ET,MIN,0
1B,Evan White (17121886),Evan White,17121886,1B,2600,HOU@SEA 04/17/2021 09:10PM ET,SEA,4.9
2B/SS,Ramon Urias (17121889),Ramon Urias,17121889,2B/SS,2600,BAL@TEX 04/17/2021 07:05PM ET,BAL,1.71
1B/C,John Hicks (17121951),John Hicks,17121951,C/1B,2600,BAL@TEX 04/17/2021 07:05PM ET,TEX,0
C,David Garcia (17121953),David Garcia,17121953,C,2600,BAL@TEX 04/17/2021 07:05PM ET,TEX,0
2B,Justin Foscue (17121954),Justin Foscue,17121954,2B,2600,BAL@TEX 04/17/2021 07:05PM ET,TEX,0
2B,Andy Ibanez (17121955),Andy Ibanez,17121955,2B,2600,BAL@TEX 04/17/2021 07:05PM ET,TEX,0
C,Drew Butera (17121959),Drew Butera,17121959,C,2600,BAL@TEX 04/17/2021 07:05PM ET,TEX,0
1B,Chris Davis (17121961),Chris Davis,17121961,1B,2600,BAL@TEX 04/17/2021 07:05PM ET,BAL,0
1B,Stevie Wilkerson (17121964),Stevie Wilkerson,17121964,1B,2600,BAL@TEX 04/17/2021 07:05PM ET,BAL,0
OF,Billy McKinney (17121891),Billy McKinney,17121891,OF,2500,PIT@MIL 04/17/2021 07:10PM ET,MIL,2.82
2B,Wilmer Difo (17121894),Wilmer Difo,17121894,2B,2500,PIT@MIL 04/17/2021 07:10PM ET,PIT,3.67
C,Luke Maile (17121975),Luke Maile,17121975,C,2500,PIT@MIL 04/17/2021 07:10PM ET,MIL,0
C,Mario Feliciano (17121976),Mario Feliciano,17121976,C,2500,PIT@MIL 04/17/2021 07:10PM ET,MIL,0
3B/OF,Sam Haggerty (17121892),Sam Haggerty,17121892,3B/OF,2500,HOU@SEA 04/17/2021 09:10PM ET,SEA,4.25
OF,Willie Calhoun (17121967),Willie Calhoun,17121967,OF,2500,BAL@TEX 04/17/2021 07:05PM ET,TEX,0
OF,Delino DeShields (17121968),Delino DeShields,17121968,OF,2500,BAL@TEX 04/17/2021 07:05PM ET,TEX,0
OF,Jason Martin (17121969),Jason Martin,17121969,OF,2500,BAL@TEX 04/17/2021 07:05PM ET,TEX,0
3B/SS,Seth Mejias-Brean (17121970),Seth Mejias-Brean,17121970,3B/SS,2500,BAL@TEX 04/17/2021 07:05PM ET,BAL,0
C,Nick Ciuffo (17121972),Nick Ciuffo,17121972,C,2500,BAL@TEX 04/17/2021 07:05PM ET,BAL,0
C,Austin Wynns (17121973),Austin Wynns,17121973,C,2500,BAL@TEX 04/17/2021 07:05PM ET,BAL,0
1B,Chris Shaw (17121974),Chris Shaw,17121974,1B,2500,BAL@TEX 04/17/2021 07:05PM ET,BAL,0
OF,Tyrone Taylor (17121895),Tyrone Taylor,17121895,OF,2400,PIT@MIL 04/17/2021 07:10PM ET,MIL,4.5
OF,Travis Swaggerty (17121977),Travis Swaggerty,17121977,OF,2400,PIT@MIL 04/17/2021 07:10PM ET,PIT,0
OF/SS,Cole Tucker (17121978),Cole Tucker,17121978,SS/OF,2400,PIT@MIL 04/17/2021 07:10PM ET,PIT,0
OF,Mark Mathias (17121985),Mark Mathias,17121985,OF,2400,PIT@MIL 04/17/2021 07:10PM ET,MIL,0
OF,Derek Fisher (17121986),Derek Fisher,17121986,OF,2400,PIT@MIL 04/17/2021 07:10PM ET,MIL,0
OF,Tim Lopes (17121987),Tim Lopes,17121987,OF,2400,PIT@MIL 04/17/2021 07:10PM ET,MIL,0
2B,Pablo Reyes (17121988),Pablo Reyes,17121988,2B,2400,PIT@MIL 04/17/2021 07:10PM ET,MIL,0
C,Payton Henry (17121989),Payton Henry,17121989,C,2400,PIT@MIL 04/17/2021 07:10PM ET,MIL,0
SS,Freddy Zamora (17121990),Freddy Zamora,17121990,SS,2400,PIT@MIL 04/17/2021 07:10PM ET,MIL,0
2B/SS,JT Riddle (17121897),JT Riddle,17121897,2B/SS,2400,MIN@LAA 04/17/2021 09:07PM ET,MIN,2.67
C,Tom Murphy (17121896),Tom Murphy,17121896,C,2400,HOU@SEA 04/17/2021 09:10PM ET,SEA,2.14
OF,Jake Fraley (17121984),Jake Fraley,17121984,OF,2400,HOU@SEA 04/17/2021 09:10PM ET,SEA,6.8
3B,Rylan Bannon (17121980),Rylan Bannon,17121980,3B,2400,BAL@TEX 04/17/2021 07:05PM ET,BAL,0
1B/3B,Tyler Nevin (17121981),Tyler Nevin,17121981,1B/3B,2400,BAL@TEX 04/17/2021 07:05PM ET,BAL,0
SS,Terrin Vavra (17121983),Terrin Vavra,17121983,SS,2400,BAL@TEX 04/17/2021 07:05PM ET,BAL,0
2B/OF,Jace Peterson (17121901),Jace Peterson,17121901,2B/OF,2300,PIT@MIL 04/17/2021 07:10PM ET,MIL,2.2
C,Andrew Susac (17121992),Andrew Susac,17121992,C,2300,PIT@MIL 04/17/2021 07:10PM ET,PIT,0
SS,Nick Gonzales (17121993),Nick Gonzales,17121993,SS,2300,PIT@MIL 04/17/2021 07:10PM ET,PIT,0
OF,Calvin Mitchell (17121994),Calvin Mitchell,17121994,OF,2300,PIT@MIL 04/17/2021 07:10PM ET,PIT,0
OF,Canaan Smith-Njigba (17121995),Canaan Smith-Njigba,17121995,OF,2300,PIT@MIL 04/17/2021 07:10PM ET,PIT,0
OF,Troy Stokes Jr. (17121996),Troy Stokes Jr.,17121996,OF,2300,PIT@MIL 04/17/2021 07:10PM ET,PIT,0
SS,Liover Peguero (17121997),Liover Peguero,17121997,SS,2300,PIT@MIL 04/17/2021 07:10PM ET,PIT,0
C,Christian Kelley (17121998),Christian Kelley,17121998,C,2300,PIT@MIL 04/17/2021 07:10PM ET,PIT,0
OF,Corey Ray (17122002),Corey Ray,17122002,OF,2300,PIT@MIL 04/17/2021 07:10PM ET,MIL,0
1B/OF,Matt Beaty (17121903),Matt Beaty,17121903,1B/OF,2300,LAD@SD 04/17/2021 08:40PM ET,LAD,0.7
C,Keibert Ruiz (17121991),Keibert Ruiz,17121991,C,2300,LAD@SD 04/17/2021 08:40PM ET,LAD,0
OF,Jake Cave (17121899),Jake Cave,17121899,OF,2300,MIN@LAA 04/17/2021 09:07PM ET,MIN,3.07
3B/SS,Jack Mayfield (17122000),Jack Mayfield,17122000,3B/SS,2300,MIN@LAA 04/17/2021 09:07PM ET,LAA,0
OF,Ryan McKenna (17121900),Ryan McKenna,17121900,OF,2300,BAL@TEX 04/17/2021 07:05PM ET,BAL,2.38
SS,Richie Martin (17121999),Richie Martin,17121999,SS,2300,BAL@TEX 04/17/2021 07:05PM ET,BAL,0
2B,Jahmai Jones (17122003),Jahmai Jones,17122003,2B,2300,BAL@TEX 04/17/2021 07:05PM ET,BAL,0
OF,Jared Oliva (17122004),Jared Oliva,17122004,OF,2200,PIT@MIL 04/17/2021 07:10PM ET,PIT,0
2B/OF,Jorge Mateo (17121906),Jorge Mateo,17121906,2B/OF,2200,LAD@SD 04/17/2021 08:40PM ET,SD,2.6
C,Anthony Bemboom (17121905),Anthony Bemboom,17121905,C,2200,MIN@LAA 04/17/2021 09:07PM ET,LAA,3
OF,Brent Rooker (17122005),Brent Rooker,17122005,OF,2200,MIN@LAA 04/17/2021 09:07PM ET,MIN,1.67
2B,Travis Blankenhorn (17122006),Travis Blankenhorn,17122006,2B,2200,MIN@LAA 04/17/2021 09:07PM ET,MIN,0
3B/OF,Tzu-Wei Lin (17122013),Tzu-Wei Lin,17122013,3B/OF,2200,MIN@LAA 04/17/2021 09:07PM ET,MIN,0
OF,Rob Refsnyder (17122017),Rob Refsnyder,17122017,OF,2200,MIN@LAA 04/17/2021 09:07PM ET,MIN,0
2B/SS,Donovan Walton (17122015),Donovan Walton,17122015,2B/SS,2200,HOU@SEA 04/17/2021 09:10PM ET,SEA,0
OF,Yusniel Diaz (17122007),Yusniel Diaz,17122007,OF,2200,BAL@TEX 04/17/2021 07:05PM ET,BAL,0
SS,Jordan Westburg (17122008),Jordan Westburg,17122008,SS,2200,BAL@TEX 04/17/2021 07:05PM ET,BAL,0
1B/C,Taylor Davis (17122009),Taylor Davis,17122009,C/1B,2200,BAL@TEX 04/17/2021 07:05PM ET,BAL,0
SS,Gunnar Henderson (17122011),Gunnar Henderson,17122011,SS,2200,BAL@TEX 04/17/2021 07:05PM ET,BAL,0
SS,Adam Hall (17122012),Adam Hall,17122012,SS,2200,BAL@TEX 04/17/2021 07:05PM ET,BAL,0
2B/SS,Dee Strange-Gordon (17122018),Dee Strange-Gordon,17122018,2B/SS,2100,PIT@MIL 04/17/2021 07:10PM ET,MIL,0
OF,Jorge Ona (17122021),Jorge Ona,17122021,OF,2100,LAD@SD 04/17/2021 08:40PM ET,SD,0
2B/3B,Franklin Barreto (17122022),Franklin Barreto,17122022,2B/3B,2100,MIN@LAA 04/17/2021 09:07PM ET,LAA,0
OF,Taylor Ward (17122025),Taylor Ward,17122025,OF,2100,MIN@LAA 04/17/2021 09:07PM ET,LAA,0
2B/SS,Luis Rengifo (17122026),Luis Rengifo,17122026,2B/SS,2100,MIN@LAA 04/17/2021 09:07PM ET,LAA,5
3B,Robel Garcia (17122020),Robel Garcia,17122020,3B,2100,HOU@SEA 04/17/2021 09:10PM ET,HOU,1.4
2B,Shed Long Jr. (17122024),Shed Long Jr.,17122024,2B,2100,HOU@SEA 04/17/2021 09:10PM ET,SEA,0
3B/OF,Dustin Peterson (17122039),Dustin Peterson,17122039,3B/OF,2000,PIT@MIL 04/17/2021 07:10PM ET,MIL,0
OF,Garrett Mitchell (17122042),Garrett Mitchell,17122042,OF,2000,PIT@MIL 04/17/2021 07:10PM ET,MIL,0
OF,Dylan Cozens (17122051),Dylan Cozens,17122051,OF,2000,PIT@MIL 04/17/2021 07:10PM ET,MIL,0
3B,Zach Green (17122058),Zach Green,17122058,3B,2000,PIT@MIL 04/17/2021 07:10PM ET,MIL,0
OF,Tristen Lutz (17122068),Tristen Lutz,17122068,OF,2000,PIT@MIL 04/17/2021 07:10PM ET,MIL,0
OF,Micah Bello (17122071),Micah Bello,17122071,OF,2000,PIT@MIL 04/17/2021 07:10PM ET,MIL,0
OF,Hedbert Perez (17122080),Hedbert Perez,17122080,OF,2000,PIT@MIL 04/17/2021 07:10PM ET,MIL,0
OF,Luke Raley (17121913),Luke Raley,17121913,OF,2000,LAD@SD 04/17/2021 08:40PM ET,LAD,5.2
OF,Tucupita Marcano (17121914),Tucupita Marcano,17121914,OF,2000,LAD@SD 04/17/2021 08:40PM ET,SD,1.4
OF,Brian O'Grady (17122028),Brian O'Grady,17122028,OF,2000,LAD@SD 04/17/2021 08:40PM ET,SD,0
OF,Rangel Ravelo (17122029),Rangel Ravelo,17122029,OF,2000,LAD@SD 04/17/2021 08:40PM ET,LAD,0
1B,Matt Davidson (17122030),Matt Davidson,17122030,1B,2000,LAD@SD 04/17/2021 08:40PM ET,LAD,0
OF,Steven Souza Jr. (17122036),Steven Souza Jr.,17122036,OF,2000,LAD@SD 04/17/2021 08:40PM ET,LAD,0
SS,Elliot Soto (17122037),Elliot Soto,17122037,SS,2000,LAD@SD 04/17/2021 08:40PM ET,LAD,0
SS,CJ Abrams (17122038),CJ Abrams,17122038,SS,2000,LAD@SD 04/17/2021 08:40PM ET,SD,0
OF,Andy Pages (17122043),Andy Pages,17122043,OF,2000,LAD@SD 04/17/2021 08:40PM ET,LAD,0
SS,Pedro Florimon (17122050),Pedro Florimon,17122050,SS,2000,LAD@SD 04/17/2021 08:40PM ET,SD,0
SS,Omar Estevez (17122052),Omar Estevez,17122052,SS,2000,LAD@SD 04/17/2021 08:40PM ET,LAD,0
2B,Andy Burns (17122056),Andy Burns,17122056,2B,2000,LAD@SD 04/17/2021 08:40PM ET,LAD,0
3B,Nick Tanielu (17122059),Nick Tanielu,17122059,3B,2000,LAD@SD 04/17/2021 08:40PM ET,SD,0
C,Webster Rivas (17122060),Webster Rivas,17122060,C,2000,LAD@SD 04/17/2021 08:40PM ET,SD,0
C,Wynston Sawyer (17122061),Wynston Sawyer,17122061,C,2000,LAD@SD 04/17/2021 08:40PM ET,SD,0
C,Tim Federowicz (17122064),Tim Federowicz,17122064,C,2000,LAD@SD 04/17/2021 08:40PM ET,LAD,0
OF,John Andreoli (17122065),John Andreoli,17122065,OF,2000,LAD@SD 04/17/2021 08:40PM ET,SD,0
OF,Robert Hassell III (17122069),Robert Hassell III,17122069,OF,2000,LAD@SD 04/17/2021 08:40PM ET,SD,0
3B,Sheldon Neuse (17122070),Sheldon Neuse,17122070,3B,2000,LAD@SD 04/17/2021 08:40PM ET,LAD,0
2B,Devin Mann (17122072),Devin Mann,17122072,2B,2000,LAD@SD 04/17/2021 08:40PM ET,LAD,0
3B,Kody Hoese (17122078),Kody Hoese,17122078,3B,2000,LAD@SD 04/17/2021 08:40PM ET,LAD,0
OF,DJ Peters (17122087),DJ Peters,17122087,OF,2000,LAD@SD 04/17/2021 08:40PM ET,LAD,0
SS,Jacob Amaya (17122088),Jacob Amaya,17122088,SS,2000,LAD@SD 04/17/2021 08:40PM ET,LAD,0
1B/OF,Patrick Kivlehan (17122091),Patrick Kivlehan,17122091,1B/OF,2000,LAD@SD 04/17/2021 08:40PM ET,SD,0
3B,Miguel Vargas (17122093),Miguel Vargas,17122093,3B,2000,LAD@SD 04/17/2021 08:40PM ET,LAD,0
OF,Zach Reks (17122100),Zach Reks,17122100,OF,2000,LAD@SD 04/17/2021 08:40PM ET,LAD,0
OF,Joshua Mears (17122101),Joshua Mears,17122101,OF,2000,LAD@SD 04/17/2021 08:40PM ET,SD,0
2B,Michael Busch (17122106),Michael Busch,17122106,2B,2000,LAD@SD 04/17/2021 08:40PM ET,LAD,0
OF,Jon Jay (17121915),Jon Jay,17121915,OF,2000,MIN@LAA 04/17/2021 09:07PM ET,LAA,1.5
2B/OF,Phil Gosselin (17122032),Phil Gosselin,17122032,2B/OF,2000,MIN@LAA 04/17/2021 09:07PM ET,LAA,0
OF,Jo Adell (17122034),Jo Adell,17122034,OF,2000,MIN@LAA 04/17/2021 09:07PM ET,LAA,0
OF,Juan Lagares (17122035),Juan Lagares,17122035,OF,2000,MIN@LAA 04/17/2021 09:07PM ET,LAA,0
1B,Aaron Sabato (17122041),Aaron Sabato,17122041,1B,2000,MIN@LAA 04/17/2021 09:07PM ET,MIN,0
SS,Livan Soto (17122049),Livan Soto,17122049,SS,2000,MIN@LAA 04/17/2021 09:07PM ET,LAA,0
OF,Trevor Larnach (17122053),Trevor Larnach,17122053,OF,2000,MIN@LAA 04/17/2021 09:07PM ET,MIN,0
2B,Kean Wong (17122057),Kean Wong,17122057,2B,2000,MIN@LAA 04/17/2021 09:07PM ET,LAA,0
OF,Brandon Marsh (17122062),Brandon Marsh,17122062,OF,2000,MIN@LAA 04/17/2021 09:07PM ET,LAA,0
3B,Jose Miranda (17122066),Jose Miranda,17122066,3B,2000,MIN@LAA 04/17/2021 09:07PM ET,MIN,0
SS,Nick Gordon (17122075),Nick Gordon,17122075,SS,2000,MIN@LAA 04/17/2021 09:07PM ET,MIN,0
C,Caleb Hamilton (17122079),Caleb Hamilton,17122079,C,2000,MIN@LAA 04/17/2021 09:07PM ET,MIN,0
1B,Zander Wiel (17122081),Zander Wiel,17122081,1B,2000,MIN@LAA 04/17/2021 09:07PM ET,MIN,0
SS,Jeremiah Jackson (17122084),Jeremiah Jackson,17122084,SS,2000,MIN@LAA 04/17/2021 09:07PM ET,LAA,0
OF,Brennon Lund (17122086),Brennon Lund,17122086,OF,2000,MIN@LAA 04/17/2021 09:07PM ET,LAA,0
2B/3B,Drew Maggi (17122089),Drew Maggi,17122089,2B/3B,2000,MIN@LAA 04/17/2021 09:07PM ET,MIN,0
OF,Jordyn Adams (17122096),Jordyn Adams,17122096,OF,2000,MIN@LAA 04/17/2021 09:07PM ET,LAA,0
C,Tomas Telis (17122097),Tomas Telis,17122097,C,2000,MIN@LAA 04/17/2021 09:07PM ET,MIN,0
C,Jack Kruger (17122099),Jack Kruger,17122099,C,2000,MIN@LAA 04/17/2021 09:07PM ET,LAA,0
OF,Gilberto Celestino (17122103),Gilberto Celestino,17122103,OF,2000,MIN@LAA 04/17/2021 09:07PM ET,MIN,0
C,Ben Rortvedt (17122105),Ben Rortvedt,17122105,C,2000,MIN@LAA 04/17/2021 09:07PM ET,MIN,0
OF,Scott Schebler (17122107),Scott Schebler,17122107,OF,2000,MIN@LAA 04/17/2021 09:07PM ET,LAA,0
OF,Keon Broxton (17122108),Keon Broxton,17122108,OF,2000,MIN@LAA 04/17/2021 09:07PM ET,MIN,0
C,Garrett Stubbs (17121908),Garrett Stubbs,17121908,C,2000,HOU@SEA 04/17/2021 09:10PM ET,HOU,0
OF,Ronnie Dawson (17121909),Ronnie Dawson,17121909,OF,2000,HOU@SEA 04/17/2021 09:10PM ET,HOU,4.5
1B/3B,Taylor Jones (17121910),Taylor Jones,17121910,1B/3B,2000,HOU@SEA 04/17/2021 09:10PM ET,HOU,9
OF,Braden Bishop (17121912),Braden Bishop,17121912,OF,2000,HOU@SEA 04/17/2021 09:10PM ET,SEA,1
SS,Alex De Goti (17121916),Alex De Goti,17121916,SS,2000,HOU@SEA 04/17/2021 09:10PM ET,HOU,12
SS,Jeremy Pena (17122044),Jeremy Pena,17122044,SS,2000,HOU@SEA 04/17/2021 09:10PM ET,HOU,0
C,Korey Lee (17122045),Korey Lee,17122045,C,2000,HOU@SEA 04/17/2021 09:10PM ET,HOU,0
SS,Grae Kessinger (17122046),Grae Kessinger,17122046,SS,2000,HOU@SEA 04/17/2021 09:10PM ET,HOU,0
OF,Jake Meyers (17122047),Jake Meyers,17122047,OF,2000,HOU@SEA 04/17/2021 09:10PM ET,HOU,0
1B/OF,Sam Travis (17122054),Sam Travis,17122054,1B/OF,2000,HOU@SEA 04/17/2021 09:10PM ET,SEA,0
OF,Julio Rodriguez (17122067),Julio Rodriguez,17122067,OF,2000,HOU@SEA 04/17/2021 09:10PM ET,SEA,0
OF,Zach Daniels (17122073),Zach Daniels,17122073,OF,2000,HOU@SEA 04/17/2021 09:10PM ET,HOU,0
2B,Freudis Nova (17122074),Freudis Nova,17122074,2B,2000,HOU@SEA 04/17/2021 09:10PM ET,HOU,0
C,Michael Papierski (17122076),Michael Papierski,17122076,C,2000,HOU@SEA 04/17/2021 09:10PM ET,HOU,0
C,Cal Raleigh (17122082),Cal Raleigh,17122082,C,2000,HOU@SEA 04/17/2021 09:10PM ET,SEA,0
OF,Jose Siri (17122085),Jose Siri,17122085,OF,2000,HOU@SEA 04/17/2021 09:10PM ET,HOU,0
OF,Jarred Kelenic (17122095),Jarred Kelenic,17122095,OF,2000,HOU@SEA 04/17/2021 09:10PM ET,SEA,0
C,Colton Shaver (17122098),Colton Shaver,17122098,C,2000,HOU@SEA 04/17/2021 09:10PM ET,HOU,0
C,Brian O'Keefe (17122102),Brian O'Keefe,17122102,C,2000,HOU@SEA 04/17/2021 09:10PM ET,SEA,0
C,Jose Godoy (17122104),Jose Godoy,17122104,C,2000,HOU@SEA 04/17/2021 09:10PM ET,SEA,0
SS,Jack Reinheimer (17122109),Jack Reinheimer,17122109,SS,2000,HOU@SEA 04/17/2021 09:10PM ET,SEA,0
OF,Colin Barber (17122110),Colin Barber,17122110,OF,2000,HOU@SEA 04/17/2021 09:10PM ET,HOU,0
1B,Sherten Apostel (17122031),Sherten Apostel,17122031,1B,2000,BAL@TEX 04/17/2021 07:05PM ET,TEX,0
3B,Josh Jung (17122048),Josh Jung,17122048,3B,2000,BAL@TEX 04/17/2021 07:05PM ET,TEX,0
3B,Davis Wendzel (17122063),Davis Wendzel,17122063,3B,2000,BAL@TEX 04/17/2021 07:05PM ET,TEX,0
OF,Bubba Thompson (17122077),Bubba Thompson,17122077,OF,2000,BAL@TEX 04/17/2021 07:05PM ET,TEX,0
OF,Steele Walker (17122083),Steele Walker,17122083,OF,2000,BAL@TEX 04/17/2021 07:05PM ET,TEX,0
3B,Jonathan Ornelas (17122094),Jonathan Ornelas,17122094,3B,2000,BAL@TEX 04/17/2021 07:05PM ET,TEX,0
